property_id,postal_code,market_value,squared_m,num_rooms,wall_color,wall_color_hex,locker_number
PR-00001,PC-025,237702.4,52.1,2,Blush Pink,#F9C6C9,218
PR-00002,PC-030,260721.26,68.9,1,Forest Green,#228B22,296
PR-00003,PC-012,443996.34,195.2,7,Blush Pink,#F9C6C9,268
PR-00004,PC-040,289208.68,47.6,2,Blush Pink,#F9C6C9,16
PR-00005,PC-046,365685.15,148.4,6,Forest Green,#228B22,262
PR-00006,PC-015,466777.03,217.4,8,Mustard Yellow,#E1AD01,270
PR-00007,PC-021,268927.31,46.1,1,Terracotta,#E2725B,84
PR-00008,PC-001,343122.94,102.6,4,Slate Gray,#708090,106
PR-00009,PC-002,329859.53,127.4,5,Forest Green,#228B22,53
PR-00010,PC-010,353715.78,79.8,2,Blush Pink,#F9C6C9,46
PR-00011,PC-022,502733.48,219.3,7,Mustard Yellow,#E1AD01,174
PR-00012,PC-039,498189.85,212.5,7,Slate Gray,#708090,43
PR-00013,PC-040,495582.33,208.6,6,Sage Green,#9CAF88,266
PR-00014,PC-031,219225.91,75.5,1,Blush Pink,#F9C6C9,242
PR-00015,PC-040,481629.63,196.2,7,Sky Blue,#87CEEB,3
PR-00016,PC-029,201250.82,140.5,5,Slate Gray,#708090,157
PR-00017,PC-006,342186.69,112.4,3,Sage Green,#9CAF88,93
PR-00018,PC-049,541961.35,164.8,7,Forest Green,#228B22,43
PR-00019,PC-042,319374.97,131.2,4,Ivory White,#FFFFF0,285
PR-00020,PC-036,477833.72,173.4,6,Mustard Yellow,#E1AD01,250
PR-00021,PC-014,256433.65,39.0,1,Sand Beige,#F4E1C1,3
PR-00022,PC-015,409689.19,172.6,6,Blush Pink,#F9C6C9,129
PR-00023,PC-034,325332.98,72.3,2,Mustard Yellow,#E1AD01,145
PR-00024,PC-037,460400.29,163.6,5,Slate Gray,#708090,292
PR-00025,PC-024,397116.02,183.7,6,Mustard Yellow,#E1AD01,189
PR-00026,PC-044,527080.09,207.1,7,Ivory White,#FFFFF0,235
PR-00027,PC-031,214144.19,61.0,2,Forest Green,#228B22,206
PR-00028,PC-025,365151.66,157.0,5,Sage Green,#9CAF88,243
PR-00029,PC-027,331291.5,79.3,2,Ivory White,#FFFFF0,259
PR-00030,PC-031,332359.46,156.6,5,Ivory White,#FFFFF0,256
PR-00031,PC-044,304621.67,40.9,1,Terracotta,#E2725B,128
PR-00032,PC-044,442301.87,149.0,4,Terracotta,#E2725B,169
PR-00033,PC-049,540318.41,179.5,6,Mustard Yellow,#E1AD01,59
PR-00034,PC-004,505376.85,196.7,6,Ivory White,#FFFFF0,60
PR-00035,PC-047,297062.96,58.0,2,Blush Pink,#F9C6C9,234
PR-00036,PC-017,214124.7,47.1,2,Charcoal Black,#36454F,202
PR-00037,PC-036,321130.99,49.2,2,Blush Pink,#F9C6C9,264
PR-00038,PC-042,374070.91,165.1,7,Mustard Yellow,#E1AD01,293
PR-00039,PC-002,378231.42,165.6,5,Terracotta,#E2725B,17
PR-00040,PC-023,445451.74,183.2,6,Forest Green,#228B22,142
PR-00041,PC-032,557473.56,178.8,7,Terracotta,#E2725B,247
PR-00042,PC-004,363013.7,81.8,3,Sky Blue,#87CEEB,18
PR-00043,PC-027,428985.87,149.0,5,Blush Pink,#F9C6C9,77
PR-00044,PC-006,261199.03,45.8,2,Ivory White,#FFFFF0,295
PR-00045,PC-016,284891.8,68.3,1,Sage Green,#9CAF88,92
PR-00046,PC-034,304217.51,56.5,2,Blush Pink,#F9C6C9,288
PR-00047,PC-047,486996.42,206.1,7,Sky Blue,#87CEEB,214
PR-00048,PC-045,144227.96,35.3,1,Sand Beige,#F4E1C1,30
PR-00049,PC-030,301090.34,95.4,3,Forest Green,#228B22,146
PR-00050,PC-035,321159.63,143.5,5,Sage Green,#9CAF88,37
PR-00051,PC-005,375203.28,105.3,4,Sky Blue,#87CEEB,71
PR-00052,PC-024,343720.58,145.1,4,Charcoal Black,#36454F,104
PR-00053,PC-032,511296.96,151.1,5,Terracotta,#E2725B,130
PR-00054,PC-014,445019.2,175.8,6,Forest Green,#228B22,122
PR-00055,PC-045,284081.92,143.5,5,Sky Blue,#87CEEB,152
PR-00056,PC-049,413210.94,76.6,2,Ivory White,#FFFFF0,63
PR-00057,PC-016,288694.77,61.5,1,Sage Green,#9CAF88,141
PR-00058,PC-034,373153.01,113.6,4,Mustard Yellow,#E1AD01,153
PR-00059,PC-018,335606.35,155.8,5,Sage Green,#9CAF88,118
PR-00060,PC-006,410597.44,157.8,6,Sand Beige,#F4E1C1,11
PR-00061,PC-036,475333.02,165.2,7,Sage Green,#9CAF88,14
PR-00062,PC-044,430166.85,137.6,5,Sky Blue,#87CEEB,3
PR-00063,PC-041,253196.33,77.3,2,Sand Beige,#F4E1C1,3
PR-00064,PC-042,418377.06,202.6,7,Sage Green,#9CAF88,287
PR-00065,PC-043,237962.68,107.3,3,Ivory White,#FFFFF0,195
PR-00066,PC-023,438849.52,173.2,6,Ivory White,#FFFFF0,167
PR-00067,PC-047,434476.96,168.4,6,Terracotta,#E2725B,30
PR-00068,PC-037,460313.74,157.8,6,Terracotta,#E2725B,161
PR-00069,PC-032,552596.32,176.6,6,Ivory White,#FFFFF0,177
PR-00070,PC-022,492746.12,201.4,7,Blush Pink,#F9C6C9,66
PR-00071,PC-039,467018.85,193.8,7,Sand Beige,#F4E1C1,248
PR-00072,PC-044,530895.24,209.4,7,Sand Beige,#F4E1C1,4
PR-00073,PC-033,484442.55,169.8,7,Sand Beige,#F4E1C1,155
PR-00074,PC-026,362960.47,197.1,6,Sage Green,#9CAF88,217
PR-00075,PC-004,538566.37,216.5,7,Mustard Yellow,#E1AD01,229
PR-00076,PC-015,318798.15,99.4,4,Terracotta,#E2725B,130
PR-00077,PC-030,333268.24,123.5,4,Sky Blue,#87CEEB,98
PR-00078,PC-026,276361.06,126.8,4,Charcoal Black,#36454F,222
PR-00079,PC-006,293608.9,73.4,2,Sage Green,#9CAF88,208
PR-00080,PC-044,398951.72,111.8,3,Sky Blue,#87CEEB,82
PR-00081,PC-018,279449.64,108.6,4,Charcoal Black,#36454F,270
PR-00082,PC-046,420185.7,190.7,7,Ivory White,#FFFFF0,99
PR-00083,PC-037,498427.91,195.2,6,Sand Beige,#F4E1C1,29
PR-00084,PC-003,307956.3,155.7,5,Sage Green,#9CAF88,204
PR-00085,PC-007,221837.88,95.6,3,Slate Gray,#708090,135
PR-00086,PC-009,483258.27,173.4,6,Terracotta,#E2725B,182
PR-00087,PC-049,495467.01,135.1,5,Sage Green,#9CAF88,60
PR-00088,PC-014,399761.15,144.1,5,Ivory White,#FFFFF0,158
PR-00089,PC-022,320728.25,79.3,2,Ivory White,#FFFFF0,139
PR-00090,PC-050,399410.33,175.3,7,Blush Pink,#F9C6C9,263
PR-00091,PC-040,401677.65,135.8,4,Blush Pink,#F9C6C9,233
PR-00092,PC-010,448767.97,150.2,5,Slate Gray,#708090,180
PR-00093,PC-021,366155.32,119.4,4,Forest Green,#228B22,95
PR-00094,PC-037,493234.46,188.5,7,Terracotta,#E2725B,97
PR-00095,PC-042,331637.35,137.8,5,Blush Pink,#F9C6C9,129
PR-00096,PC-003,288797.01,140.5,5,Forest Green,#228B22,94
PR-00097,PC-020,451582.9,156.5,5,Terracotta,#E2725B,128
PR-00098,PC-041,317787.38,127.9,4,Slate Gray,#708090,242
PR-00099,PC-040,446264.42,169.6,6,Sand Beige,#F4E1C1,58
PR-00100,PC-030,297111.65,88.5,3,Sand Beige,#F4E1C1,111
PR-00101,PC-012,429630.63,176.0,6,Sage Green,#9CAF88,298
PR-00102,PC-048,546082.04,173.7,6,Sand Beige,#F4E1C1,98
PR-00103,PC-022,344051.33,94.7,4,Sand Beige,#F4E1C1,150
PR-00104,PC-032,382777.58,50.9,1,Terracotta,#E2725B,180
PR-00105,PC-035,349046.28,163.5,6,Ivory White,#FFFFF0,200
PR-00106,PC-040,445197.93,160.4,6,Sky Blue,#87CEEB,101
PR-00107,PC-003,162154.07,38.3,2,Mustard Yellow,#E1AD01,30
PR-00108,PC-007,296235.62,148.9,5,Sky Blue,#87CEEB,39
PR-00109,PC-032,548553.82,177.9,5,Ivory White,#FFFFF0,22
PR-00110,PC-019,353071.76,112.0,3,Terracotta,#E2725B,80
PR-00111,PC-007,153940.7,41.5,1,Slate Gray,#708090,226
PR-00112,PC-012,337388.18,113.9,3,Sand Beige,#F4E1C1,12
PR-00113,PC-002,314957.67,115.1,4,Mustard Yellow,#E1AD01,232
PR-00114,PC-003,259662.78,114.4,4,Mustard Yellow,#E1AD01,235
PR-00115,PC-035,269645.44,105.8,3,Sage Green,#9CAF88,139
PR-00116,PC-043,240928.33,115.8,3,Ivory White,#FFFFF0,121
PR-00117,PC-002,260357.32,75.5,2,Slate Gray,#708090,14
PR-00118,PC-029,79370.62,57.3,1,Terracotta,#E2725B,169
PR-00119,PC-037,515742.22,203.3,7,Blush Pink,#F9C6C9,137
PR-00120,PC-039,277239.22,54.1,1,Sky Blue,#87CEEB,162
PR-00121,PC-019,344039.95,100.8,4,Ivory White,#FFFFF0,259
PR-00122,PC-014,299519.51,63.8,2,Mustard Yellow,#E1AD01,57
PR-00123,PC-031,241075.38,85.8,2,Charcoal Black,#36454F,284
PR-00124,PC-039,373004.29,125.5,4,Sky Blue,#87CEEB,15
PR-00125,PC-049,472170.29,116.3,4,Sand Beige,#F4E1C1,205
PR-00126,PC-001,362260.04,130.4,3,Sage Green,#9CAF88,156
PR-00127,PC-048,463734.29,115.5,3,Sage Green,#9CAF88,53
PR-00128,PC-024,348098.21,143.4,5,Sage Green,#9CAF88,126
PR-00129,PC-043,150408.34,38.3,1,Terracotta,#E2725B,134
PR-00130,PC-013,449370.44,134.4,3,Mustard Yellow,#E1AD01,85
PR-00131,PC-045,172388.27,58.4,2,Terracotta,#E2725B,116
PR-00132,PC-023,420680.93,161.5,6,Ivory White,#FFFFF0,138
PR-00133,PC-040,292857.13,44.4,2,Mustard Yellow,#E1AD01,292
PR-00134,PC-005,325322.38,58.3,4,Charcoal Black,#36454F,23
PR-00135,PC-035,234132.72,84.4,2,Charcoal Black,#36454F,165
PR-00136,PC-012,378140.21,142.1,5,Mustard Yellow,#E1AD01,20
PR-00137,PC-020,386623.03,99.6,4,Blush Pink,#F9C6C9,192
PR-00138,PC-017,406004.78,200.5,5,Slate Gray,#708090,131
PR-00139,PC-050,410489.22,191.8,7,Mustard Yellow,#E1AD01,17
PR-00140,PC-045,286347.5,151.0,5,Blush Pink,#F9C6C9,161
PR-00141,PC-027,510438.49,208.8,6,Mustard Yellow,#E1AD01,293
PR-00142,PC-018,219669.82,63.5,3,Slate Gray,#708090,169
PR-00143,PC-033,390559.95,101.3,4,Sand Beige,#F4E1C1,269
PR-00144,PC-048,415661.16,75.2,2,Slate Gray,#708090,125
PR-00145,PC-019,475271.13,203.7,7,Slate Gray,#708090,255
PR-00146,PC-017,233434.34,57.9,1,Sky Blue,#87CEEB,54
PR-00147,PC-020,409334.09,116.7,5,Terracotta,#E2725B,34
PR-00148,PC-029,79396.61,48.7,1,Mustard Yellow,#E1AD01,172
PR-00149,PC-025,432591.87,206.1,7,Terracotta,#E2725B,111
PR-00150,PC-034,407377.29,144.9,5,Terracotta,#E2725B,283
PR-00151,PC-005,331751.16,71.9,3,Slate Gray,#708090,35
PR-00152,PC-007,366019.58,199.3,7,Forest Green,#228B22,296
PR-00153,PC-029,253259.76,185.6,6,Terracotta,#E2725B,196
PR-00154,PC-034,432758.68,158.0,6,Sand Beige,#F4E1C1,33
PR-00155,PC-046,361905.66,149.0,5,Blush Pink,#F9C6C9,84
PR-00156,PC-044,435254.04,137.4,5,Mustard Yellow,#E1AD01,191
PR-00157,PC-048,520862.66,155.5,6,Sage Green,#9CAF88,11
PR-00158,PC-019,285122.99,50.1,3,Sand Beige,#F4E1C1,128
PR-00159,PC-017,279518.37,104.0,2,Ivory White,#FFFFF0,211
PR-00160,PC-022,322604.79,81.7,3,Sage Green,#9CAF88,79
PR-00161,PC-042,388942.4,177.8,6,Sage Green,#9CAF88,6
PR-00162,PC-005,439318.79,152.2,5,Ivory White,#FFFFF0,245
PR-00163,PC-038,509224.55,184.0,7,Forest Green,#228B22,267
PR-00164,PC-042,235823.87,67.8,2,Sky Blue,#87CEEB,183
PR-00165,PC-039,495614.33,212.8,8,Terracotta,#E2725B,88
PR-00166,PC-038,449337.46,140.9,4,Sand Beige,#F4E1C1,294
PR-00167,PC-025,220965.13,49.3,1,Sky Blue,#87CEEB,2
PR-00168,PC-022,419616.3,163.9,4,Sand Beige,#F4E1C1,175
PR-00169,PC-047,368386.89,119.5,4,Mustard Yellow,#E1AD01,29
PR-00170,PC-050,318551.26,115.5,4,Blush Pink,#F9C6C9,205
PR-00171,PC-018,285861.22,108.4,5,Sky Blue,#87CEEB,21
PR-00172,PC-020,525818.93,214.3,7,Forest Green,#228B22,131
PR-00173,PC-047,395222.99,128.2,5,Slate Gray,#708090,67
PR-00174,PC-045,302188.03,158.0,5,Sage Green,#9CAF88,9
PR-00175,PC-018,421380.71,217.7,8,Slate Gray,#708090,132
PR-00176,PC-029,278352.49,200.5,7,Terracotta,#E2725B,237
PR-00177,PC-040,345429.99,86.2,3,Blush Pink,#F9C6C9,37
PR-00178,PC-013,484867.58,159.7,6,Forest Green,#228B22,56
PR-00179,PC-044,429940.98,135.6,4,Mustard Yellow,#E1AD01,115
PR-00180,PC-008,394607.15,72.3,3,Mustard Yellow,#E1AD01,275
PR-00181,PC-009,501688.88,185.3,6,Sage Green,#9CAF88,149
PR-00182,PC-006,471636.46,208.6,7,Sky Blue,#87CEEB,299
PR-00183,PC-006,381901.32,137.8,5,Terracotta,#E2725B,259
PR-00184,PC-006,426695.52,169.6,6,Terracotta,#E2725B,45
PR-00185,PC-012,439812.58,196.1,6,Ivory White,#FFFFF0,182
PR-00186,PC-043,197194.62,74.9,3,Sage Green,#9CAF88,267
PR-00187,PC-023,268837.36,45.3,1,Sky Blue,#87CEEB,119
PR-00188,PC-026,225317.01,83.3,3,Sand Beige,#F4E1C1,56
PR-00189,PC-038,485589.66,174.4,5,Blush Pink,#F9C6C9,263
PR-00190,PC-001,457505.51,191.8,7,Terracotta,#E2725B,176
PR-00191,PC-033,335118.78,57.7,2,Ivory White,#FFFFF0,83
PR-00192,PC-048,490199.8,129.3,5,Ivory White,#FFFFF0,106
PR-00193,PC-018,261780.18,101.9,2,Slate Gray,#708090,179
PR-00194,PC-032,413595.85,70.7,2,Sky Blue,#87CEEB,278
PR-00195,PC-011,288125.1,68.3,2,Charcoal Black,#36454F,64
PR-00196,PC-014,379266.05,121.8,4,Forest Green,#228B22,129
PR-00197,PC-043,278855.59,143.0,4,Mustard Yellow,#E1AD01,248
PR-00198,PC-032,531612.67,168.8,5,Slate Gray,#708090,172
PR-00199,PC-031,381836.84,188.8,6,Sage Green,#9CAF88,167
PR-00200,PC-029,120298.83,85.6,3,Charcoal Black,#36454F,170
PR-00201,PC-009,434156.1,129.6,5,Slate Gray,#708090,170
PR-00202,PC-035,325237.4,147.6,5,Blush Pink,#F9C6C9,218
PR-00203,PC-049,582975.34,206.5,8,Charcoal Black,#36454F,293
PR-00204,PC-014,462093.77,190.2,7,Forest Green,#228B22,86
PR-00205,PC-040,491223.25,195.5,7,Mustard Yellow,#E1AD01,244
PR-00206,PC-015,366859.7,142.5,5,Slate Gray,#708090,256
PR-00207,PC-022,358034.93,106.9,4,Mustard Yellow,#E1AD01,199
PR-00208,PC-009,361202.21,77.8,3,Ivory White,#FFFFF0,55
PR-00209,PC-035,292305.74,113.3,5,Ivory White,#FFFFF0,187
PR-00210,PC-032,600877.48,219.7,7,Blush Pink,#F9C6C9,133
PR-00211,PC-032,547673.17,176.4,6,Charcoal Black,#36454F,266
PR-00212,PC-006,301274.24,79.4,3,Sky Blue,#87CEEB,122
PR-00213,PC-037,424792.75,136.0,5,Ivory White,#FFFFF0,188
PR-00214,PC-008,401506.15,84.2,2,Ivory White,#FFFFF0,259
PR-00215,PC-049,415565.86,84.2,2,Mustard Yellow,#E1AD01,172
PR-00216,PC-035,207858.5,53.6,2,Sage Green,#9CAF88,28
PR-00217,PC-045,330223.63,173.8,7,Blush Pink,#F9C6C9,159
PR-00218,PC-006,343297.79,110.2,3,Sage Green,#9CAF88,169
PR-00219,PC-023,327845.0,83.9,3,Sky Blue,#87CEEB,249
PR-00220,PC-014,342242.5,96.1,4,Charcoal Black,#36454F,49
PR-00221,PC-038,344042.28,54.7,2,Slate Gray,#708090,296
PR-00222,PC-009,474230.71,167.4,5,Sage Green,#9CAF88,197
PR-00223,PC-042,305713.74,118.4,4,Sage Green,#9CAF88,125
PR-00224,PC-011,478250.23,213.5,8,Blush Pink,#F9C6C9,67
PR-00225,PC-031,406758.25,203.7,7,Forest Green,#228B22,277
PR-00226,PC-048,549491.67,179.8,6,Charcoal Black,#36454F,245
PR-00227,PC-034,377189.23,115.2,4,Ivory White,#FFFFF0,120
PR-00228,PC-031,285530.99,117.2,4,Slate Gray,#708090,274
PR-00229,PC-015,461249.88,211.9,8,Charcoal Black,#36454F,50
PR-00230,PC-038,365173.56,70.2,3,Charcoal Black,#36454F,31
PR-00231,PC-044,490443.62,183.8,6,Sage Green,#9CAF88,149
PR-00232,PC-038,537256.29,204.8,7,Blush Pink,#F9C6C9,249
PR-00233,PC-046,319967.51,115.7,5,Sage Green,#9CAF88,154
PR-00234,PC-019,410697.12,147.8,6,Sand Beige,#F4E1C1,157
PR-00235,PC-011,289334.31,70.5,3,Ivory White,#FFFFF0,195
PR-00236,PC-021,407676.87,153.8,5,Blush Pink,#F9C6C9,5
PR-00237,PC-045,170559.72,59.2,1,Mustard Yellow,#E1AD01,240
PR-00238,PC-039,474184.19,203.5,6,Ivory White,#FFFFF0,18
PR-00239,PC-014,259658.72,41.8,1,Mustard Yellow,#E1AD01,288
PR-00240,PC-013,398537.11,98.1,3,Sand Beige,#F4E1C1,207
PR-00241,PC-004,407820.25,119.8,4,Sand Beige,#F4E1C1,133
PR-00242,PC-011,438633.55,180.9,6,Mustard Yellow,#E1AD01,237
PR-00243,PC-015,335421.04,106.8,4,Ivory White,#FFFFF0,182
PR-00244,PC-027,370262.09,105.1,3,Mustard Yellow,#E1AD01,84
PR-00245,PC-008,550534.96,198.3,6,Sage Green,#9CAF88,258
PR-00246,PC-028,345091.84,151.8,4,Sage Green,#9CAF88,279
PR-00247,PC-027,419505.98,135.3,5,Sage Green,#9CAF88,287
PR-00248,PC-050,332678.27,134.9,4,Sage Green,#9CAF88,179
PR-00249,PC-020,408730.87,122.8,4,Sky Blue,#87CEEB,201
PR-00250,PC-005,332793.02,72.4,3,Sand Beige,#F4E1C1,204
PR-00251,PC-049,502772.05,141.2,5,Charcoal Black,#36454F,126
PR-00252,PC-041,246953.7,66.8,2,Sand Beige,#F4E1C1,279
PR-00253,PC-038,385700.65,96.6,3,Mustard Yellow,#E1AD01,12
PR-00254,PC-003,284813.0,141.0,4,Blush Pink,#F9C6C9,173
PR-00255,PC-049,543328.94,171.1,6,Blush Pink,#F9C6C9,18
PR-00256,PC-029,249734.14,179.2,6,Blush Pink,#F9C6C9,149
PR-00257,PC-005,304247.83,51.2,1,Forest Green,#228B22,88
PR-00258,PC-007,220685.68,94.9,3,Sage Green,#9CAF88,73
PR-00259,PC-013,431558.82,123.3,4,Forest Green,#228B22,297
PR-00260,PC-037,477660.71,173.3,6,Forest Green,#228B22,20
PR-00261,PC-026,387751.65,215.4,7,Ivory White,#FFFFF0,21
PR-00262,PC-004,369502.56,87.8,4,Sky Blue,#87CEEB,179
PR-00263,PC-035,414350.89,217.2,6,Mustard Yellow,#E1AD01,98
PR-00264,PC-037,452627.78,159.3,5,Sage Green,#9CAF88,263
PR-00265,PC-039,385309.74,134.2,4,Blush Pink,#F9C6C9,50
PR-00266,PC-046,234751.4,59.6,1,Ivory White,#FFFFF0,251
PR-00267,PC-034,269825.55,40.2,1,Terracotta,#E2725B,50
PR-00268,PC-004,489237.8,174.3,7,Sage Green,#9CAF88,131
PR-00269,PC-008,515080.4,162.2,5,Blush Pink,#F9C6C9,276
PR-00270,PC-050,399817.99,179.8,7,Mustard Yellow,#E1AD01,49
PR-00271,PC-017,300601.66,115.0,3,Blush Pink,#F9C6C9,273
PR-00272,PC-001,349157.8,109.5,4,Sky Blue,#87CEEB,181
PR-00273,PC-033,454882.87,156.3,5,Ivory White,#FFFFF0,141
PR-00274,PC-009,313093.29,44.2,1,Charcoal Black,#36454F,248
PR-00275,PC-011,288253.37,66.3,2,Sky Blue,#87CEEB,9
PR-00276,PC-003,272568.64,134.4,4,Slate Gray,#708090,162
PR-00277,PC-034,429057.35,159.9,5,Mustard Yellow,#E1AD01,96
PR-00278,PC-039,469019.12,190.7,7,Terracotta,#E2725B,224
PR-00279,PC-008,435256.81,107.2,4,Forest Green,#228B22,114
PR-00280,PC-029,135509.29,94.3,4,Slate Gray,#708090,187
PR-00281,PC-015,277040.04,76.4,2,Charcoal Black,#36454F,113
PR-00282,PC-049,476551.55,123.5,4,Blush Pink,#F9C6C9,153
PR-00283,PC-048,610312.63,218.5,8,Blush Pink,#F9C6C9,297
PR-00284,PC-022,405928.4,140.2,6,Terracotta,#E2725B,109
PR-00285,PC-024,417476.9,191.7,6,Charcoal Black,#36454F,42
PR-00286,PC-036,347932.2,78.1,3,Sand Beige,#F4E1C1,87
PR-00287,PC-014,355241.28,115.0,4,Sky Blue,#87CEEB,184
PR-00288,PC-036,454853.62,161.7,5,Terracotta,#E2725B,26
PR-00289,PC-040,321866.86,70.2,2,Sand Beige,#F4E1C1,90
PR-00290,PC-020,497304.95,187.6,7,Terracotta,#E2725B,263
PR-00291,PC-024,347485.3,149.3,4,Terracotta,#E2725B,262
PR-00292,PC-038,474752.29,154.2,7,Sand Beige,#F4E1C1,83
PR-00293,PC-030,247917.56,60.5,2,Terracotta,#E2725B,69
PR-00294,PC-030,446233.98,213.6,6,Mustard Yellow,#E1AD01,281
PR-00295,PC-039,263814.85,41.0,2,Charcoal Black,#36454F,205
PR-00296,PC-036,299461.32,37.1,2,Terracotta,#E2725B,179
PR-00297,PC-047,278023.72,43.4,2,Slate Gray,#708090,229
PR-00298,PC-005,402645.08,127.4,4,Slate Gray,#708090,146
PR-00299,PC-015,329026.9,121.3,3,Blush Pink,#F9C6C9,21
PR-00300,PC-007,365389.02,206.4,6,Charcoal Black,#36454F,256
PR-00301,PC-037,373727.84,96.4,4,Ivory White,#FFFFF0,113
PR-00302,PC-005,354380.28,89.4,3,Sage Green,#9CAF88,64
PR-00303,PC-037,447055.06,155.4,5,Sky Blue,#87CEEB,219
PR-00304,PC-010,408590.98,125.4,4,Slate Gray,#708090,58
PR-00305,PC-012,395073.74,160.6,4,Sage Green,#9CAF88,111
PR-00306,PC-039,413570.5,153.6,5,Blush Pink,#F9C6C9,231
PR-00307,PC-012,417974.8,165.2,6,Blush Pink,#F9C6C9,144
PR-00308,PC-019,409137.76,153.2,5,Sky Blue,#87CEEB,258
PR-00309,PC-031,195418.8,36.1,2,Terracotta,#E2725B,273
PR-00310,PC-025,305691.01,105.8,3,Sand Beige,#F4E1C1,230
PR-00311,PC-028,296214.25,104.8,4,Sand Beige,#F4E1C1,69
PR-00312,PC-001,413734.01,158.5,6,Forest Green,#228B22,56
PR-00313,PC-022,458379.93,182.1,7,Blush Pink,#F9C6C9,77
PR-00314,PC-003,348399.77,180.4,6,Charcoal Black,#36454F,151
PR-00315,PC-021,444134.99,181.2,5,Mustard Yellow,#E1AD01,203
PR-00316,PC-027,490458.16,190.9,6,Blush Pink,#F9C6C9,97
PR-00317,PC-035,264973.54,101.4,3,Charcoal Black,#36454F,8
PR-00318,PC-012,475098.81,219.1,7,Sage Green,#9CAF88,195
PR-00319,PC-049,368526.41,42.8,2,Ivory White,#FFFFF0,136
PR-00320,PC-024,376565.32,177.5,5,Sky Blue,#87CEEB,250
PR-00321,PC-016,378258.78,128.9,5,Mustard Yellow,#E1AD01,275
PR-00322,PC-046,297381.15,108.9,3,Ivory White,#FFFFF0,96
PR-00323,PC-047,422053.0,154.3,5,Sky Blue,#87CEEB,243
PR-00324,PC-045,213213.14,89.7,4,Mustard Yellow,#E1AD01,115
PR-00325,PC-025,405323.06,184.6,5,Charcoal Black,#36454F,247
PR-00326,PC-048,587354.49,217.1,7,Sky Blue,#87CEEB,70
PR-00327,PC-041,268249.61,87.7,3,Mustard Yellow,#E1AD01,60
PR-00328,PC-028,221479.66,52.5,2,Ivory White,#FFFFF0,148
PR-00329,PC-023,323436.92,95.2,2,Slate Gray,#708090,82
PR-00330,PC-040,390770.82,126.6,4,Sand Beige,#F4E1C1,134
PR-00331,PC-049,402521.58,66.9,2,Blush Pink,#F9C6C9,294
PR-00332,PC-019,362263.73,119.2,4,Terracotta,#E2725B,146
PR-00333,PC-013,395443.0,94.1,3,Ivory White,#FFFFF0,128
PR-00334,PC-039,466076.1,187.3,7,Sky Blue,#87CEEB,177
PR-00335,PC-028,367340.58,160.9,6,Terracotta,#E2725B,142
PR-00336,PC-009,377318.27,96.7,2,Slate Gray,#708090,259
PR-00337,PC-009,327667.23,59.5,1,Ivory White,#FFFFF0,211
PR-00338,PC-043,238770.1,106.5,4,Sage Green,#9CAF88,219
PR-00339,PC-034,516941.78,218.2,8,Blush Pink,#F9C6C9,275
PR-00340,PC-024,215384.27,45.2,1,Sage Green,#9CAF88,19
PR-00341,PC-020,310167.18,47.5,1,Forest Green,#228B22,278
PR-00342,PC-034,323973.46,83.6,1,Charcoal Black,#36454F,60
PR-00343,PC-014,289549.53,58.6,3,Sage Green,#9CAF88,260
PR-00344,PC-015,375887.6,143.1,5,Terracotta,#E2725B,284
PR-00345,PC-045,282558.76,146.9,5,Terracotta,#E2725B,6
PR-00346,PC-010,501960.89,192.5,7,Blush Pink,#F9C6C9,132
PR-00347,PC-003,178792.34,51.1,2,Sky Blue,#87CEEB,21
PR-00348,PC-048,563094.92,187.9,7,Slate Gray,#708090,229
PR-00349,PC-014,395933.61,141.9,4,Ivory White,#FFFFF0,200
PR-00350,PC-036,470708.98,169.3,6,Blush Pink,#F9C6C9,189
PR-00351,PC-007,320666.96,167.7,5,Forest Green,#228B22,148
PR-00352,PC-009,371559.6,90.2,3,Ivory White,#FFFFF0,41
PR-00353,PC-020,455334.96,160.7,5,Slate Gray,#708090,155
PR-00354,PC-008,360817.71,43.1,1,Terracotta,#E2725B,253
PR-00355,PC-011,354759.77,121.3,3,Sky Blue,#87CEEB,219
PR-00356,PC-003,252208.02,115.3,4,Charcoal Black,#36454F,244
PR-00357,PC-020,452738.3,154.1,5,Forest Green,#228B22,58
PR-00358,PC-027,440888.25,160.6,5,Forest Green,#228B22,224
PR-00359,PC-033,428294.29,135.3,3,Forest Green,#228B22,6
PR-00360,PC-048,432113.63,86.8,3,Mustard Yellow,#E1AD01,242
PR-00361,PC-043,170685.51,62.3,1,Slate Gray,#708090,111
PR-00362,PC-007,373590.25,210.8,7,Sand Beige,#F4E1C1,227
PR-00363,PC-037,485655.94,185.9,6,Terracotta,#E2725B,75
PR-00364,PC-028,346140.32,143.7,6,Sage Green,#9CAF88,105
PR-00365,PC-002,291735.94,100.1,3,Sand Beige,#F4E1C1,19
PR-00366,PC-043,239628.75,110.4,3,Sand Beige,#F4E1C1,274
PR-00367,PC-012,258822.59,54.5,2,Slate Gray,#708090,228
PR-00368,PC-044,472649.76,162.5,6,Blush Pink,#F9C6C9,209
PR-00369,PC-038,364784.78,69.3,3,Blush Pink,#F9C6C9,225
PR-00370,PC-011,311698.59,89.4,3,Terracotta,#E2725B,94
PR-00371,PC-030,305547.33,98.1,4,Ivory White,#FFFFF0,277
PR-00372,PC-031,361251.35,170.4,6,Sand Beige,#F4E1C1,89
PR-00373,PC-035,228395.13,78.2,2,Forest Green,#228B22,64
PR-00374,PC-014,492568.42,213.2,7,Mustard Yellow,#E1AD01,182
PR-00375,PC-008,515838.47,163.3,6,Forest Green,#228B22,288
PR-00376,PC-012,422314.08,183.0,5,Charcoal Black,#36454F,265
PR-00377,PC-032,558127.89,182.0,6,Blush Pink,#F9C6C9,298
PR-00378,PC-032,439830.55,91.8,3,Charcoal Black,#36454F,280
PR-00379,PC-028,336152.29,144.1,5,Terracotta,#E2725B,4
PR-00380,PC-020,487046.83,184.4,7,Sage Green,#9CAF88,218
PR-00381,PC-048,586717.12,203.2,7,Sage Green,#9CAF88,232
PR-00382,PC-020,396346.18,106.2,3,Terracotta,#E2725B,278
PR-00383,PC-005,461408.21,170.9,6,Terracotta,#E2725B,1
PR-00384,PC-018,226997.4,65.4,2,Sand Beige,#F4E1C1,8
PR-00385,PC-030,318408.7,106.4,4,Sage Green,#9CAF88,13
PR-00386,PC-015,393502.86,152.2,7,Sky Blue,#87CEEB,99
PR-00387,PC-041,336040.6,141.3,4,Forest Green,#228B22,71
PR-00388,PC-016,323934.13,94.2,2,Charcoal Black,#36454F,251
PR-00389,PC-038,394566.8,94.5,4,Sky Blue,#87CEEB,198
PR-00390,PC-013,357018.76,62.5,2,Ivory White,#FFFFF0,224
PR-00391,PC-004,310352.04,46.6,1,Charcoal Black,#36454F,95
PR-00392,PC-017,351475.24,149.6,6,Forest Green,#228B22,238
PR-00393,PC-014,286318.02,55.5,2,Sage Green,#9CAF88,91
PR-00394,PC-012,351698.53,137.8,3,Ivory White,#FFFFF0,255
PR-00395,PC-005,493341.72,195.8,7,Blush Pink,#F9C6C9,219
PR-00396,PC-043,360303.84,201.1,7,Charcoal Black,#36454F,193
PR-00397,PC-033,405704.69,115.4,3,Forest Green,#228B22,198
PR-00398,PC-046,220604.73,42.0,2,Sand Beige,#F4E1C1,83
PR-00399,PC-013,379355.4,80.0,3,Sky Blue,#87CEEB,90
PR-00400,PC-010,497412.86,194.2,6,Blush Pink,#F9C6C9,117
PR-00401,PC-041,410518.07,198.2,7,Ivory White,#FFFFF0,63
PR-00402,PC-026,326183.35,167.9,5,Terracotta,#E2725B,139
PR-00403,PC-012,337821.33,111.3,4,Sage Green,#9CAF88,139
PR-00404,PC-032,595789.76,212.2,7,Sand Beige,#F4E1C1,280
PR-00405,PC-012,260453.75,46.3,2,Ivory White,#FFFFF0,65
PR-00406,PC-012,425124.54,177.4,6,Slate Gray,#708090,189
PR-00407,PC-005,373207.08,101.7,3,Forest Green,#228B22,133
PR-00408,PC-045,313913.36,172.3,5,Charcoal Black,#36454F,192
PR-00409,PC-038,489080.83,164.6,6,Slate Gray,#708090,249
PR-00410,PC-022,437363.47,166.6,6,Blush Pink,#F9C6C9,69
PR-00411,PC-029,142127.46,93.7,4,Slate Gray,#708090,182
PR-00412,PC-011,449755.15,189.6,7,Forest Green,#228B22,249
PR-00413,PC-027,435453.32,158.4,5,Forest Green,#228B22,245
PR-00414,PC-041,392234.09,188.3,5,Blush Pink,#F9C6C9,167
PR-00415,PC-021,351500.05,110.6,3,Blush Pink,#F9C6C9,52
PR-00416,PC-048,397114.89,62.8,2,Mustard Yellow,#E1AD01,155
PR-00417,PC-004,440241.15,144.8,5,Sage Green,#9CAF88,103
PR-00418,PC-009,348363.29,71.6,1,Terracotta,#E2725B,63
PR-00419,PC-010,454972.75,152.3,6,Blush Pink,#F9C6C9,240
PR-00420,PC-040,434551.56,164.6,5,Forest Green,#228B22,287
PR-00421,PC-050,274952.94,86.8,3,Forest Green,#228B22,67
PR-00422,PC-016,316685.53,87.1,2,Sky Blue,#87CEEB,46
PR-00423,PC-031,233351.96,71.7,3,Forest Green,#228B22,246
PR-00424,PC-001,265830.83,55.0,1,Slate Gray,#708090,86
PR-00425,PC-028,278808.61,99.4,4,Forest Green,#228B22,39
PR-00426,PC-030,430963.17,200.4,6,Forest Green,#228B22,171
PR-00427,PC-046,448312.07,214.3,8,Forest Green,#228B22,287
PR-00428,PC-018,373489.93,173.6,7,Sky Blue,#87CEEB,14
PR-00429,PC-047,342787.9,102.6,3,Sky Blue,#87CEEB,246
PR-00430,PC-035,381333.35,184.7,6,Sand Beige,#F4E1C1,3
PR-00431,PC-013,401383.21,93.8,3,Mustard Yellow,#E1AD01,235
PR-00432,PC-042,348073.77,152.7,5,Terracotta,#E2725B,183
PR-00433,PC-034,402878.56,139.0,5,Sky Blue,#87CEEB,35
PR-00434,PC-047,275169.39,42.0,1,Slate Gray,#708090,53
PR-00435,PC-018,350936.28,166.2,5,Forest Green,#228B22,261
PR-00436,PC-045,338928.43,187.2,6,Forest Green,#228B22,46
PR-00437,PC-037,317125.1,56.2,2,Sky Blue,#87CEEB,226
PR-00438,PC-027,485128.07,196.2,6,Mustard Yellow,#E1AD01,298
PR-00439,PC-034,338007.89,84.0,3,Blush Pink,#F9C6C9,87
PR-00440,PC-036,377435.42,98.9,4,Terracotta,#E2725B,257
PR-00441,PC-049,378743.78,41.1,2,Sand Beige,#F4E1C1,76
PR-00442,PC-022,272292.78,55.4,1,Forest Green,#228B22,239
PR-00443,PC-034,279811.06,37.0,2,Sage Green,#9CAF88,25
PR-00444,PC-009,454787.67,146.2,6,Forest Green,#228B22,210
PR-00445,PC-002,342570.56,130.7,5,Ivory White,#FFFFF0,277
PR-00446,PC-011,253452.47,38.0,1,Mustard Yellow,#E1AD01,108
PR-00447,PC-034,423711.15,149.5,5,Sand Beige,#F4E1C1,259
PR-00448,PC-047,318877.23,75.4,2,Ivory White,#FFFFF0,219
PR-00449,PC-030,286324.25,89.6,3,Forest Green,#228B22,84
PR-00450,PC-001,428874.99,173.1,6,Ivory White,#FFFFF0,111
PR-00451,PC-022,445859.34,171.6,6,Forest Green,#228B22,149
PR-00452,PC-030,304411.86,99.0,3,Sand Beige,#F4E1C1,290
PR-00453,PC-033,383725.94,94.1,3,Forest Green,#228B22,59
PR-00454,PC-013,502098.37,176.2,6,Mustard Yellow,#E1AD01,9
PR-00455,PC-040,319366.93,63.4,3,Sage Green,#9CAF88,229
PR-00456,PC-036,537106.27,216.3,8,Blush Pink,#F9C6C9,112
PR-00457,PC-017,276173.06,90.0,2,Sage Green,#9CAF88,118
PR-00458,PC-023,367574.12,113.4,4,Slate Gray,#708090,41
PR-00459,PC-015,385877.4,162.2,5,Sage Green,#9CAF88,25
PR-00460,PC-006,471763.24,205.3,7,Forest Green,#228B22,248
PR-00461,PC-038,466149.05,152.5,6,Blush Pink,#F9C6C9,127
PR-00462,PC-011,364078.01,128.2,4,Sand Beige,#F4E1C1,176
PR-00463,PC-048,431122.2,82.6,3,Sand Beige,#F4E1C1,253
PR-00464,PC-014,265422.06,47.3,1,Sky Blue,#87CEEB,142
PR-00465,PC-029,127063.64,85.7,3,Terracotta,#E2725B,1
PR-00466,PC-011,472341.87,207.2,7,Blush Pink,#F9C6C9,235
PR-00467,PC-042,438856.88,219.4,7,Blush Pink,#F9C6C9,106
PR-00468,PC-049,500900.54,144.0,4,Slate Gray,#708090,151
PR-00469,PC-011,353443.55,120.1,4,Charcoal Black,#36454F,113
PR-00470,PC-009,508822.47,193.5,6,Sand Beige,#F4E1C1,272
PR-00471,PC-043,295648.57,152.3,5,Blush Pink,#F9C6C9,76
PR-00472,PC-030,351095.41,129.3,4,Forest Green,#228B22,63
PR-00473,PC-008,381636.49,71.5,1,Charcoal Black,#36454F,233
PR-00474,PC-017,281617.31,101.5,3,Sage Green,#9CAF88,283
PR-00475,PC-049,375614.6,47.9,1,Terracotta,#E2725B,196
PR-00476,PC-015,388616.02,155.4,5,Sand Beige,#F4E1C1,179
PR-00477,PC-050,373372.6,161.3,6,Mustard Yellow,#E1AD01,243
PR-00478,PC-022,285942.0,51.3,1,Ivory White,#FFFFF0,272
PR-00479,PC-018,250738.48,90.2,3,Sky Blue,#87CEEB,90
PR-00480,PC-048,516664.84,149.9,5,Slate Gray,#708090,90
PR-00481,PC-047,337207.94,95.5,3,Ivory White,#FFFFF0,89
PR-00482,PC-016,375775.22,125.0,5,Ivory White,#FFFFF0,6
PR-00483,PC-025,274761.84,85.9,2,Terracotta,#E2725B,58
PR-00484,PC-039,428009.11,167.0,6,Slate Gray,#708090,107
PR-00485,PC-007,317072.94,161.3,5,Terracotta,#E2725B,114
PR-00486,PC-015,371891.35,140.0,5,Ivory White,#FFFFF0,261
PR-00487,PC-002,342570.66,144.4,4,Sky Blue,#87CEEB,167
PR-00488,PC-040,464923.77,180.2,6,Charcoal Black,#36454F,207
PR-00489,PC-008,488546.67,137.3,5,Charcoal Black,#36454F,292
PR-00490,PC-026,261961.69,117.3,4,Terracotta,#E2725B,59
PR-00491,PC-042,212416.95,51.9,1,Mustard Yellow,#E1AD01,223
PR-00492,PC-019,274265.23,49.7,2,Blush Pink,#F9C6C9,283
PR-00493,PC-014,470524.81,195.1,7,Sage Green,#9CAF88,256
PR-00494,PC-013,395420.55,94.0,3,Blush Pink,#F9C6C9,278
PR-00495,PC-030,296059.66,91.2,3,Mustard Yellow,#E1AD01,108
PR-00496,PC-012,249503.71,49.6,1,Sage Green,#9CAF88,179
PR-00497,PC-034,282235.09,36.4,2,Forest Green,#228B22,236
PR-00498,PC-044,331982.9,57.4,2,Mustard Yellow,#E1AD01,272
PR-00499,PC-023,355914.93,110.2,3,Sky Blue,#87CEEB,282
PR-00500,PC-031,327254.17,144.5,5,Terracotta,#E2725B,5
PR-00501,PC-035,284180.04,113.4,4,Forest Green,#228B22,249
PR-00502,PC-047,317125.25,66.9,4,Sand Beige,#F4E1C1,252
PR-00503,PC-024,303116.69,114.0,3,Ivory White,#FFFFF0,279
PR-00504,PC-031,298496.74,133.3,3,Sand Beige,#F4E1C1,168
PR-00505,PC-045,237534.79,109.2,4,Sand Beige,#F4E1C1,148
PR-00506,PC-001,449776.51,184.1,6,Forest Green,#228B22,215
PR-00507,PC-045,276929.01,141.5,5,Mustard Yellow,#E1AD01,151
PR-00508,PC-036,414657.99,131.2,4,Slate Gray,#708090,118
PR-00509,PC-018,376906.4,185.2,6,Forest Green,#228B22,16
PR-00510,PC-024,357318.63,154.5,5,Terracotta,#E2725B,44
PR-00511,PC-044,472992.7,173.8,5,Forest Green,#228B22,61
PR-00512,PC-003,380109.22,211.4,7,Terracotta,#E2725B,7
PR-00513,PC-045,239596.86,116.0,3,Forest Green,#228B22,276
PR-00514,PC-043,332542.07,182.4,6,Terracotta,#E2725B,145
PR-00515,PC-006,277171.8,61.2,2,Forest Green,#228B22,195
PR-00516,PC-015,433037.33,190.4,7,Mustard Yellow,#E1AD01,286
PR-00517,PC-023,279784.76,56.8,1,Mustard Yellow,#E1AD01,25
PR-00518,PC-010,497527.98,182.2,7,Slate Gray,#708090,21
PR-00519,PC-029,107339.91,67.3,2,Terracotta,#E2725B,38
PR-00520,PC-011,297929.4,75.9,3,Charcoal Black,#36454F,103
PR-00521,PC-033,372752.7,83.1,4,Slate Gray,#708090,271
PR-00522,PC-043,302059.24,153.3,5,Charcoal Black,#36454F,179
PR-00523,PC-031,376807.81,184.6,7,Mustard Yellow,#E1AD01,289
PR-00524,PC-001,370934.45,132.1,5,Charcoal Black,#36454F,103
PR-00525,PC-031,276402.06,106.6,3,Terracotta,#E2725B,266
PR-00526,PC-027,377003.12,111.0,4,Terracotta,#E2725B,197
PR-00527,PC-034,322706.57,74.1,2,Terracotta,#E2725B,267
PR-00528,PC-007,334170.88,173.2,6,Sage Green,#9CAF88,49
PR-00529,PC-040,461465.28,175.9,6,Slate Gray,#708090,22
PR-00530,PC-001,304046.99,72.7,3,Terracotta,#E2725B,7
PR-00531,PC-044,532809.54,212.0,8,Slate Gray,#708090,37
PR-00532,PC-041,414620.34,193.0,7,Sage Green,#9CAF88,252
PR-00533,PC-032,397352.61,54.4,2,Sky Blue,#87CEEB,71
PR-00534,PC-014,427308.1,161.2,6,Sand Beige,#F4E1C1,160
PR-00535,PC-032,414778.95,77.4,2,Sage Green,#9CAF88,138
PR-00536,PC-023,286571.74,49.2,2,Sand Beige,#F4E1C1,68
PR-00537,PC-002,276660.38,86.3,4,Sand Beige,#F4E1C1,277
PR-00538,PC-031,188645.59,40.9,1,Forest Green,#228B22,298
PR-00539,PC-038,509423.52,186.3,6,Slate Gray,#708090,265
PR-00540,PC-022,269959.88,40.1,2,Terracotta,#E2725B,22
PR-00541,PC-036,351116.36,76.6,3,Sand Beige,#F4E1C1,101
PR-00542,PC-034,375065.17,116.2,4,Ivory White,#FFFFF0,182
PR-00543,PC-010,394222.63,116.4,4,Sage Green,#9CAF88,234
PR-00544,PC-009,311158.12,43.4,1,Terracotta,#E2725B,93
PR-00545,PC-029,250292.47,184.9,6,Mustard Yellow,#E1AD01,26
PR-00546,PC-016,438011.96,181.1,5,Charcoal Black,#36454F,14
PR-00547,PC-046,332041.76,125.8,5,Charcoal Black,#36454F,111
PR-00548,PC-012,420078.7,170.7,6,Sage Green,#9CAF88,291
PR-00549,PC-008,353792.56,38.9,2,Forest Green,#228B22,132
PR-00550,PC-049,558703.34,189.7,6,Charcoal Black,#36454F,134
PR-00551,PC-035,329257.79,146.2,6,Forest Green,#228B22,287
PR-00552,PC-042,408750.41,195.6,7,Terracotta,#E2725B,178
PR-00553,PC-044,443809.15,149.7,5,Sage Green,#9CAF88,252
PR-00554,PC-015,260508.53,60.2,2,Blush Pink,#F9C6C9,37
PR-00555,PC-042,400753.39,198.2,6,Sage Green,#9CAF88,135
PR-00556,PC-022,431704.21,164.5,6,Ivory White,#FFFFF0,6
PR-00557,PC-020,529602.14,205.4,8,Ivory White,#FFFFF0,207
PR-00558,PC-022,498302.99,209.6,8,Forest Green,#228B22,42
PR-00559,PC-001,408326.28,150.4,6,Mustard Yellow,#E1AD01,62
PR-00560,PC-013,551501.16,210.9,7,Forest Green,#228B22,185
PR-00561,PC-029,109539.22,77.5,2,Mustard Yellow,#E1AD01,71
PR-00562,PC-015,243839.77,48.1,1,Blush Pink,#F9C6C9,204
PR-00563,PC-029,139853.92,103.7,3,Slate Gray,#708090,44
PR-00564,PC-026,185673.41,57.2,2,Terracotta,#E2725B,194
PR-00565,PC-015,460161.35,205.5,7,Slate Gray,#708090,205
PR-00566,PC-008,382820.39,61.2,3,Sage Green,#9CAF88,141
PR-00567,PC-047,482115.58,201.7,6,Terracotta,#E2725B,297
PR-00568,PC-045,308927.97,160.7,6,Slate Gray,#708090,284
PR-00569,PC-013,475763.3,158.4,4,Slate Gray,#708090,226
PR-00570,PC-012,454835.85,196.6,7,Sky Blue,#87CEEB,12
PR-00571,PC-024,390883.8,172.9,6,Sage Green,#9CAF88,211
PR-00572,PC-016,396256.79,147.8,5,Mustard Yellow,#E1AD01,58
PR-00573,PC-010,309340.66,48.2,1,Ivory White,#FFFFF0,177
PR-00574,PC-011,400797.29,158.8,5,Slate Gray,#708090,153
PR-00575,PC-009,426193.32,129.0,4,Blush Pink,#F9C6C9,127
PR-00576,PC-002,250256.89,71.5,2,Sage Green,#9CAF88,60
PR-00577,PC-003,223394.32,85.8,4,Sage Green,#9CAF88,262
PR-00578,PC-033,508768.37,197.0,6,Charcoal Black,#36454F,254
PR-00579,PC-015,324028.7,105.1,4,Sand Beige,#F4E1C1,231
PR-00580,PC-004,472304.95,165.7,6,Blush Pink,#F9C6C9,255
PR-00581,PC-042,301785.27,116.9,4,Sand Beige,#F4E1C1,121
PR-00582,PC-040,274529.47,38.9,1,Forest Green,#228B22,4
PR-00583,PC-013,355653.81,55.0,2,Charcoal Black,#36454F,210
PR-00584,PC-036,524312.42,216.8,8,Sand Beige,#F4E1C1,82
PR-00585,PC-015,389160.53,158.1,5,Terracotta,#E2725B,90
PR-00586,PC-031,251088.31,89.4,4,Mustard Yellow,#E1AD01,95
PR-00587,PC-014,263170.53,46.4,1,Charcoal Black,#36454F,60
PR-00588,PC-042,242318.81,69.8,3,Ivory White,#FFFFF0,197
PR-00589,PC-050,263060.37,80.3,3,Ivory White,#FFFFF0,16
PR-00590,PC-031,257565.58,97.5,3,Terracotta,#E2725B,170
PR-00591,PC-041,415939.59,207.6,7,Slate Gray,#708090,44
PR-00592,PC-001,278940.02,55.9,2,Sand Beige,#F4E1C1,198
PR-00593,PC-046,344535.64,141.6,4,Blush Pink,#F9C6C9,68
PR-00594,PC-050,284876.84,98.6,2,Charcoal Black,#36454F,137
PR-00595,PC-019,343457.74,97.2,4,Charcoal Black,#36454F,173
PR-00596,PC-040,433631.5,164.2,5,Sand Beige,#F4E1C1,222
PR-00597,PC-011,254244.56,38.9,2,Terracotta,#E2725B,57
PR-00598,PC-025,298666.0,98.1,4,Mustard Yellow,#E1AD01,31
PR-00599,PC-041,289071.97,111.3,3,Slate Gray,#708090,107
PR-00600,PC-021,325331.95,78.6,3,Sage Green,#9CAF88,96
PR-00601,PC-030,229151.4,42.5,1,Forest Green,#228B22,182
PR-00602,PC-028,311534.22,120.9,4,Ivory White,#FFFFF0,41
PR-00603,PC-036,326607.73,64.8,2,Charcoal Black,#36454F,204
PR-00604,PC-022,491360.99,218.0,6,Sage Green,#9CAF88,284
PR-00605,PC-012,284840.83,67.2,3,Sand Beige,#F4E1C1,45
PR-00606,PC-009,449244.84,152.1,4,Mustard Yellow,#E1AD01,288
PR-00607,PC-003,275697.44,132.6,4,Mustard Yellow,#E1AD01,33
PR-00608,PC-047,428370.18,159.1,6,Terracotta,#E2725B,20
PR-00609,PC-010,381554.08,99.7,3,Forest Green,#228B22,177
PR-00610,PC-011,446880.85,191.0,6,Mustard Yellow,#E1AD01,193
PR-00611,PC-047,424236.83,160.3,5,Charcoal Black,#36454F,288
PR-00612,PC-015,374412.19,146.3,5,Sky Blue,#87CEEB,153
PR-00613,PC-030,355016.19,139.9,4,Sky Blue,#87CEEB,18
PR-00614,PC-044,314024.5,48.2,1,Sage Green,#9CAF88,121
PR-00615,PC-035,331261.55,153.8,5,Slate Gray,#708090,92
PR-00616,PC-026,358403.63,192.0,7,Sand Beige,#F4E1C1,280
PR-00617,PC-038,479579.4,170.9,5,Slate Gray,#708090,81
PR-00618,PC-040,284890.65,39.5,2,Charcoal Black,#36454F,3
PR-00619,PC-044,376184.53,92.0,3,Forest Green,#228B22,218
PR-00620,PC-044,336186.91,63.9,2,Charcoal Black,#36454F,9
PR-00621,PC-023,431144.63,168.1,5,Sand Beige,#F4E1C1,270
PR-00622,PC-033,511959.79,199.8,6,Slate Gray,#708090,3
PR-00623,PC-024,379903.48,162.7,7,Sand Beige,#F4E1C1,267
PR-00624,PC-011,267006.31,55.0,1,Terracotta,#E2725B,172
PR-00625,PC-012,359467.39,128.3,5,Slate Gray,#708090,1
PR-00626,PC-013,412701.35,100.9,4,Sage Green,#9CAF88,159
PR-00627,PC-045,323128.77,169.0,6,Charcoal Black,#36454F,293
PR-00628,PC-022,440017.67,170.1,5,Sky Blue,#87CEEB,22
PR-00629,PC-013,491348.4,169.8,5,Blush Pink,#F9C6C9,247
PR-00630,PC-044,329330.01,51.6,2,Sage Green,#9CAF88,215
PR-00631,PC-010,477563.05,179.9,6,Ivory White,#FFFFF0,9
PR-00632,PC-014,265491.54,40.0,2,Charcoal Black,#36454F,16
PR-00633,PC-033,364012.53,81.5,3,Mustard Yellow,#E1AD01,23
PR-00634,PC-035,403042.26,206.0,7,Ivory White,#FFFFF0,118
PR-00635,PC-024,270222.23,87.7,3,Terracotta,#E2725B,243
PR-00636,PC-028,293783.92,105.0,3,Sky Blue,#87CEEB,226
PR-00637,PC-017,411659.39,185.8,7,Sky Blue,#87CEEB,73
PR-00638,PC-020,311645.22,42.9,2,Charcoal Black,#36454F,72
PR-00639,PC-038,374844.35,78.5,3,Terracotta,#E2725B,164
PR-00640,PC-028,272739.89,102.9,3,Sand Beige,#F4E1C1,179
PR-00641,PC-038,443524.46,136.7,4,Mustard Yellow,#E1AD01,183
PR-00642,PC-027,370937.12,109.2,3,Slate Gray,#708090,165
PR-00643,PC-049,465987.92,108.7,4,Forest Green,#228B22,125
PR-00644,PC-007,218914.99,90.4,3,Sage Green,#9CAF88,38
PR-00645,PC-025,432538.44,207.7,7,Sand Beige,#F4E1C1,190
PR-00646,PC-035,394877.53,201.5,7,Forest Green,#228B22,223
PR-00647,PC-050,286377.15,99.7,3,Blush Pink,#F9C6C9,208
PR-00648,PC-004,404805.35,115.7,4,Terracotta,#E2725B,158
PR-00649,PC-019,323601.46,92.0,3,Sage Green,#9CAF88,6
PR-00650,PC-034,399297.25,129.5,4,Sand Beige,#F4E1C1,47
PR-00651,PC-009,411897.38,108.3,5,Mustard Yellow,#E1AD01,60
PR-00652,PC-022,403275.16,145.0,4,Ivory White,#FFFFF0,269
PR-00653,PC-022,472540.02,198.3,6,Sage Green,#9CAF88,196
PR-00654,PC-049,578725.58,195.5,7,Mustard Yellow,#E1AD01,33
PR-00655,PC-009,392556.35,102.0,3,Sage Green,#9CAF88,268
PR-00656,PC-021,298206.32,66.6,2,Terracotta,#E2725B,7
PR-00657,PC-016,309724.08,78.8,2,Sky Blue,#87CEEB,171
PR-00658,PC-030,255453.49,55.7,3,Blush Pink,#F9C6C9,166
PR-00659,PC-010,480869.79,172.4,6,Sand Beige,#F4E1C1,146
PR-00660,PC-041,363707.64,161.5,6,Forest Green,#228B22,101
PR-00661,PC-007,259730.1,118.2,4,Ivory White,#FFFFF0,245
PR-00662,PC-026,296652.86,144.0,4,Terracotta,#E2725B,76
PR-00663,PC-007,169035.3,47.9,3,Sand Beige,#F4E1C1,14
PR-00664,PC-048,375935.19,44.3,2,Ivory White,#FFFFF0,104
PR-00665,PC-033,354549.48,75.6,2,Sage Green,#9CAF88,275
PR-00666,PC-011,269518.94,50.1,2,Sky Blue,#87CEEB,250
PR-00667,PC-038,473872.65,161.5,5,Sky Blue,#87CEEB,88
PR-00668,PC-046,392798.45,178.4,5,Sky Blue,#87CEEB,191
PR-00669,PC-006,290362.32,67.8,2,Charcoal Black,#36454F,28
PR-00670,PC-002,307951.61,115.4,3,Forest Green,#228B22,232
PR-00671,PC-020,492507.71,190.3,6,Forest Green,#228B22,188
PR-00672,PC-017,441695.81,219.6,7,Forest Green,#228B22,124
PR-00673,PC-008,480509.57,133.5,5,Sand Beige,#F4E1C1,168
PR-00674,PC-036,440355.4,139.1,6,Forest Green,#228B22,118
PR-00675,PC-030,364274.07,143.2,5,Mustard Yellow,#E1AD01,180
PR-00676,PC-046,305917.26,110.6,4,Sage Green,#9CAF88,184
PR-00677,PC-004,472312.16,169.5,5,Blush Pink,#F9C6C9,199
PR-00678,PC-037,520068.58,199.8,8,Sage Green,#9CAF88,56
PR-00679,PC-028,258070.98,90.8,1,Forest Green,#228B22,209
PR-00680,PC-030,411288.25,188.2,5,Mustard Yellow,#E1AD01,214
PR-00681,PC-002,419777.39,197.9,5,Ivory White,#FFFFF0,283
PR-00682,PC-048,480879.9,123.6,5,Sand Beige,#F4E1C1,110
PR-00683,PC-040,487388.86,203.9,5,Slate Gray,#708090,183
PR-00684,PC-005,478465.85,188.1,6,Sand Beige,#F4E1C1,13
PR-00685,PC-046,295036.02,93.4,4,Blush Pink,#F9C6C9,32
PR-00686,PC-039,337681.15,99.0,3,Slate Gray,#708090,45
PR-00687,PC-012,372796.82,145.4,4,Blush Pink,#F9C6C9,42
PR-00688,PC-022,339013.27,91.9,3,Forest Green,#228B22,245
PR-00689,PC-006,327196.5,107.4,3,Mustard Yellow,#E1AD01,144
PR-00690,PC-025,242064.63,60.4,2,Mustard Yellow,#E1AD01,296
PR-00691,PC-022,458422.55,191.9,6,Ivory White,#FFFFF0,34
PR-00692,PC-028,250615.6,81.4,2,Sand Beige,#F4E1C1,195
PR-00693,PC-027,287941.16,37.7,2,Blush Pink,#F9C6C9,169
PR-00694,PC-036,454077.65,159.1,5,Sand Beige,#F4E1C1,232
PR-00695,PC-046,258718.5,74.8,2,Sky Blue,#87CEEB,57
PR-00696,PC-012,482472.53,219.5,8,Forest Green,#228B22,211
PR-00697,PC-005,296227.42,46.8,2,Sand Beige,#F4E1C1,129
PR-00698,PC-026,365864.28,196.5,7,Mustard Yellow,#E1AD01,74
PR-00699,PC-015,269880.41,59.7,3,Sky Blue,#87CEEB,294
PR-00700,PC-039,419353.9,162.4,5,Charcoal Black,#36454F,65
PR-00701,PC-031,400491.89,197.4,7,Forest Green,#228B22,186
PR-00702,PC-013,521592.66,191.7,6,Sky Blue,#87CEEB,151
PR-00703,PC-040,419092.7,143.3,5,Blush Pink,#F9C6C9,74
PR-00704,PC-009,496022.8,176.6,8,Sky Blue,#87CEEB,197
PR-00705,PC-022,299610.55,65.6,2,Forest Green,#228B22,282
PR-00706,PC-045,335885.67,186.5,6,Sky Blue,#87CEEB,139
PR-00707,PC-034,322610.78,74.9,2,Sky Blue,#87CEEB,298
PR-00708,PC-049,397237.69,55.6,2,Ivory White,#FFFFF0,36
PR-00709,PC-044,308731.55,36.7,2,Ivory White,#FFFFF0,262
PR-00710,PC-022,447099.07,172.1,6,Terracotta,#E2725B,121
PR-00711,PC-031,420186.16,214.7,7,Mustard Yellow,#E1AD01,3
PR-00712,PC-018,320763.77,136.8,6,Ivory White,#FFFFF0,212
PR-00713,PC-001,312274.46,88.7,2,Slate Gray,#708090,153
PR-00714,PC-008,567063.05,204.8,7,Sand Beige,#F4E1C1,279
PR-00715,PC-004,521297.98,207.3,6,Sand Beige,#F4E1C1,199
PR-00716,PC-022,381759.33,116.6,5,Ivory White,#FFFFF0,95
PR-00717,PC-027,305823.82,54.6,2,Charcoal Black,#36454F,98
PR-00718,PC-027,305030.14,56.4,1,Sand Beige,#F4E1C1,53
PR-00719,PC-021,424114.98,157.7,5,Ivory White,#FFFFF0,230
PR-00720,PC-008,500393.86,156.4,5,Mustard Yellow,#E1AD01,250
PR-00721,PC-025,251132.62,65.1,2,Charcoal Black,#36454F,208
PR-00722,PC-032,481023.64,127.4,3,Sage Green,#9CAF88,223
PR-00723,PC-009,502441.51,192.7,7,Terracotta,#E2725B,4
PR-00724,PC-008,546112.01,190.8,7,Sand Beige,#F4E1C1,235
PR-00725,PC-001,485609.08,211.6,7,Blush Pink,#F9C6C9,52
PR-00726,PC-018,325100.24,144.0,5,Sky Blue,#87CEEB,122
PR-00727,PC-025,367522.4,151.8,6,Terracotta,#E2725B,168
PR-00728,PC-034,280009.17,44.1,2,Ivory White,#FFFFF0,170
PR-00729,PC-050,436123.88,210.8,7,Forest Green,#228B22,95
PR-00730,PC-040,492624.05,199.5,7,Sage Green,#9CAF88,23
PR-00731,PC-006,372784.01,134.1,3,Blush Pink,#F9C6C9,179
PR-00732,PC-042,296428.46,119.1,3,Slate Gray,#708090,180
PR-00733,PC-047,476344.57,198.6,7,Terracotta,#E2725B,115
PR-00734,PC-005,508625.75,212.9,7,Mustard Yellow,#E1AD01,233
PR-00735,PC-006,246737.07,38.5,1,Sage Green,#9CAF88,119
PR-00736,PC-007,293203.28,143.0,5,Ivory White,#FFFFF0,130
PR-00737,PC-009,511066.51,193.2,7,Mustard Yellow,#E1AD01,183
PR-00738,PC-038,539607.26,207.8,8,Sand Beige,#F4E1C1,68
PR-00739,PC-050,276761.79,94.1,2,Blush Pink,#F9C6C9,181
PR-00740,PC-028,421443.13,205.4,7,Sage Green,#9CAF88,259
PR-00741,PC-047,451831.07,179.3,5,Terracotta,#E2725B,20
PR-00742,PC-048,426931.11,84.0,3,Ivory White,#FFFFF0,151
PR-00743,PC-017,210035.27,45.5,1,Charcoal Black,#36454F,27
PR-00744,PC-007,286525.94,136.7,5,Forest Green,#228B22,285
PR-00745,PC-048,540193.94,169.6,6,Slate Gray,#708090,85
PR-00746,PC-032,573344.19,192.4,6,Sage Green,#9CAF88,254
PR-00747,PC-016,310699.44,75.6,2,Charcoal Black,#36454F,68
PR-00748,PC-011,455478.2,197.4,6,Blush Pink,#F9C6C9,95
PR-00749,PC-036,364994.68,92.0,3,Slate Gray,#708090,151
PR-00750,PC-042,364862.95,170.8,5,Sand Beige,#F4E1C1,166
PR-00751,PC-038,476601.86,164.7,5,Blush Pink,#F9C6C9,178
PR-00752,PC-038,448266.26,148.2,5,Mustard Yellow,#E1AD01,73
PR-00753,PC-024,268774.88,84.9,3,Sky Blue,#87CEEB,14
PR-00754,PC-018,421316.13,213.0,8,Mustard Yellow,#E1AD01,21
PR-00755,PC-027,416077.1,146.2,4,Sand Beige,#F4E1C1,46
PR-00756,PC-016,292728.57,55.8,3,Charcoal Black,#36454F,263
PR-00757,PC-049,477321.25,128.4,5,Forest Green,#228B22,98
PR-00758,PC-021,327800.12,86.4,3,Slate Gray,#708090,33
PR-00759,PC-046,319348.76,110.2,5,Sky Blue,#87CEEB,216
PR-00760,PC-032,457436.88,105.4,4,Slate Gray,#708090,186
PR-00761,PC-009,322720.69,52.3,2,Terracotta,#E2725B,273
PR-00762,PC-032,379218.26,36.0,2,Blush Pink,#F9C6C9,218
PR-00763,PC-041,412445.12,194.5,7,Sage Green,#9CAF88,67
PR-00764,PC-048,499017.54,139.9,5,Forest Green,#228B22,71
PR-00765,PC-019,338981.51,92.9,3,Sky Blue,#87CEEB,203
PR-00766,PC-042,424688.31,205.9,7,Forest Green,#228B22,60
PR-00767,PC-040,463065.62,174.3,7,Mustard Yellow,#E1AD01,186
PR-00768,PC-017,435111.57,213.1,7,Charcoal Black,#36454F,119
PR-00769,PC-024,329732.91,128.9,5,Sky Blue,#87CEEB,157
PR-00770,PC-035,204201.72,48.5,2,Sky Blue,#87CEEB,252
PR-00771,PC-032,500077.4,134.0,5,Mustard Yellow,#E1AD01,181
PR-00772,PC-003,288015.66,138.5,4,Mustard Yellow,#E1AD01,106
PR-00773,PC-008,431754.57,103.2,4,Mustard Yellow,#E1AD01,294
PR-00774,PC-018,243866.4,82.1,3,Terracotta,#E2725B,53
PR-00775,PC-008,389545.85,71.9,2,Sky Blue,#87CEEB,70
PR-00776,PC-004,536209.43,216.2,7,Terracotta,#E2725B,188
PR-00777,PC-044,453558.22,145.6,5,Terracotta,#E2725B,237
PR-00778,PC-036,354041.77,80.4,3,Terracotta,#E2725B,227
PR-00779,PC-034,329571.06,79.1,3,Forest Green,#228B22,55
PR-00780,PC-009,419828.9,118.2,5,Terracotta,#E2725B,294
PR-00781,PC-014,273367.68,46.8,1,Ivory White,#FFFFF0,122
PR-00782,PC-012,318568.13,97.4,3,Ivory White,#FFFFF0,49
PR-00783,PC-017,410581.61,193.9,7,Ivory White,#FFFFF0,262
PR-00784,PC-047,280085.87,36.2,3,Sky Blue,#87CEEB,286
PR-00785,PC-002,295211.38,106.0,4,Sky Blue,#87CEEB,74
PR-00786,PC-014,295535.0,64.3,3,Sand Beige,#F4E1C1,55
PR-00787,PC-016,325491.54,82.3,4,Ivory White,#FFFFF0,12
PR-00788,PC-049,537550.65,168.8,5,Mustard Yellow,#E1AD01,177
PR-00789,PC-003,206390.86,76.3,2,Ivory White,#FFFFF0,28
PR-00790,PC-016,365557.01,114.3,4,Sage Green,#9CAF88,144
PR-00791,PC-027,473754.63,180.3,6,Terracotta,#E2725B,231
PR-00792,PC-035,282053.5,111.1,4,Forest Green,#228B22,28
PR-00793,PC-004,346645.39,67.2,3,Sky Blue,#87CEEB,155
PR-00794,PC-012,421225.76,172.7,5,Sage Green,#9CAF88,194
PR-00795,PC-015,402540.5,178.4,5,Sage Green,#9CAF88,68
PR-00796,PC-045,226952.41,102.8,3,Slate Gray,#708090,37
PR-00797,PC-041,202620.0,37.4,1,Forest Green,#228B22,123
PR-00798,PC-019,325754.58,93.5,2,Terracotta,#E2725B,172
PR-00799,PC-048,376280.48,44.0,1,Charcoal Black,#36454F,299
PR-00800,PC-034,362803.81,105.9,3,Blush Pink,#F9C6C9,234
PR-00801,PC-035,208826.84,63.5,1,Blush Pink,#F9C6C9,129
PR-00802,PC-015,460706.44,207.6,7,Charcoal Black,#36454F,260
PR-00803,PC-006,447223.9,193.1,6,Terracotta,#E2725B,217
PR-00804,PC-002,416993.3,199.8,6,Charcoal Black,#36454F,163
PR-00805,PC-023,349648.01,107.1,4,Charcoal Black,#36454F,203
PR-00806,PC-045,331330.12,187.6,6,Blush Pink,#F9C6C9,93
PR-00807,PC-038,470788.54,168.4,4,Slate Gray,#708090,279
PR-00808,PC-035,218386.47,61.4,2,Sage Green,#9CAF88,116
PR-00809,PC-032,459719.75,109.9,4,Sage Green,#9CAF88,275
PR-00810,PC-005,335396.8,71.1,3,Blush Pink,#F9C6C9,256
PR-00811,PC-040,420963.72,147.3,5,Mustard Yellow,#E1AD01,209
PR-00812,PC-020,312678.08,50.2,2,Terracotta,#E2725B,152
PR-00813,PC-049,396636.26,59.7,3,Blush Pink,#F9C6C9,281
PR-00814,PC-003,367466.99,203.0,7,Sand Beige,#F4E1C1,17
PR-00815,PC-009,468622.72,164.9,5,Sky Blue,#87CEEB,25
PR-00816,PC-043,262924.64,126.3,5,Sand Beige,#F4E1C1,10
PR-00817,PC-032,497286.57,137.3,4,Slate Gray,#708090,251
PR-00818,PC-013,538943.7,206.9,7,Charcoal Black,#36454F,49
PR-00819,PC-022,351603.38,109.1,3,Slate Gray,#708090,194
PR-00820,PC-027,506541.11,208.3,7,Mustard Yellow,#E1AD01,99
PR-00821,PC-048,594214.63,199.2,8,Charcoal Black,#36454F,71
PR-00822,PC-019,418066.69,163.8,5,Sky Blue,#87CEEB,259
PR-00823,PC-006,420547.42,173.3,5,Forest Green,#228B22,260
PR-00824,PC-002,350471.58,144.2,5,Slate Gray,#708090,278
PR-00825,PC-018,234029.68,75.1,3,Sand Beige,#F4E1C1,178
PR-00826,PC-036,479582.48,181.9,5,Charcoal Black,#36454F,296
PR-00827,PC-041,238169.92,63.0,2,Mustard Yellow,#E1AD01,254
PR-00828,PC-043,295109.98,149.4,5,Sage Green,#9CAF88,264
PR-00829,PC-042,305511.65,118.9,4,Blush Pink,#F9C6C9,259
PR-00830,PC-020,427443.69,137.7,4,Charcoal Black,#36454F,118
PR-00831,PC-012,478807.07,212.0,8,Sage Green,#9CAF88,146
PR-00832,PC-046,322594.48,121.1,5,Forest Green,#228B22,16
PR-00833,PC-050,396463.58,167.8,7,Sage Green,#9CAF88,50
PR-00834,PC-031,182508.73,38.0,1,Sand Beige,#F4E1C1,104
PR-00835,PC-038,388944.23,99.2,3,Mustard Yellow,#E1AD01,108
PR-00836,PC-050,237563.82,58.6,1,Mustard Yellow,#E1AD01,8
PR-00837,PC-020,370366.96,92.3,3,Blush Pink,#F9C6C9,195
PR-00838,PC-036,442234.93,161.3,4,Blush Pink,#F9C6C9,177
PR-00839,PC-015,335750.86,115.7,3,Sky Blue,#87CEEB,54
PR-00840,PC-039,468927.15,198.2,7,Ivory White,#FFFFF0,208
PR-00841,PC-026,314713.48,158.7,5,Sage Green,#9CAF88,114
PR-00842,PC-007,267355.55,123.0,4,Sky Blue,#87CEEB,72
PR-00843,PC-040,435466.44,162.3,5,Terracotta,#E2725B,94
PR-00844,PC-039,468048.82,192.1,7,Mustard Yellow,#E1AD01,298
PR-00845,PC-042,406924.0,199.0,7,Sage Green,#9CAF88,143
PR-00846,PC-011,300968.73,72.3,3,Sky Blue,#87CEEB,47
PR-00847,PC-020,469632.97,164.7,7,Blush Pink,#F9C6C9,5
PR-00848,PC-015,346539.21,125.4,4,Charcoal Black,#36454F,38
PR-00849,PC-009,329343.92,52.1,2,Sky Blue,#87CEEB,266
PR-00850,PC-037,457185.32,157.7,6,Slate Gray,#708090,219
PR-00851,PC-030,423036.95,188.9,6,Terracotta,#E2725B,10
PR-00852,PC-049,406915.59,71.2,2,Charcoal Black,#36454F,205
PR-00853,PC-046,287082.64,92.8,3,Charcoal Black,#36454F,126
PR-00854,PC-035,226452.26,75.4,2,Charcoal Black,#36454F,228
PR-00855,PC-013,438374.1,115.8,5,Sage Green,#9CAF88,287
PR-00856,PC-027,384164.25,119.4,4,Charcoal Black,#36454F,230
PR-00857,PC-048,474905.9,126.1,3,Blush Pink,#F9C6C9,272
PR-00858,PC-022,419033.68,150.4,6,Mustard Yellow,#E1AD01,77
PR-00859,PC-047,260954.16,35.9,1,Mustard Yellow,#E1AD01,267
PR-00860,PC-044,360225.66,83.6,2,Sky Blue,#87CEEB,30
PR-00861,PC-001,477594.85,215.5,7,Blush Pink,#F9C6C9,284
PR-00862,PC-050,422136.84,196.4,7,Forest Green,#228B22,100
PR-00863,PC-012,372143.02,139.0,4,Sky Blue,#87CEEB,222
PR-00864,PC-050,368454.58,160.5,5,Blush Pink,#F9C6C9,204
PR-00865,PC-008,398638.65,63.1,3,Charcoal Black,#36454F,205
PR-00866,PC-023,410921.42,151.1,5,Terracotta,#E2725B,264
PR-00867,PC-016,502869.94,217.1,8,Sand Beige,#F4E1C1,285
PR-00868,PC-045,280661.57,143.3,5,Forest Green,#228B22,68
PR-00869,PC-046,387650.93,174.1,6,Terracotta,#E2725B,212
PR-00870,PC-013,369828.04,80.2,2,Sage Green,#9CAF88,70
PR-00871,PC-030,376353.47,149.0,6,Charcoal Black,#36454F,162
PR-00872,PC-029,239967.02,177.9,6,Charcoal Black,#36454F,136
PR-00873,PC-040,336639.02,81.7,3,Ivory White,#FFFFF0,104
PR-00874,PC-020,426823.5,136.2,4,Charcoal Black,#36454F,25
PR-00875,PC-019,382787.64,130.2,4,Sand Beige,#F4E1C1,283
PR-00876,PC-002,345872.72,136.6,5,Mustard Yellow,#E1AD01,111
PR-00877,PC-003,224247.02,91.3,3,Sand Beige,#F4E1C1,135
PR-00878,PC-045,214305.31,90.5,3,Terracotta,#E2725B,42
PR-00879,PC-021,304578.85,69.3,3,Mustard Yellow,#E1AD01,175
PR-00880,PC-018,259995.5,90.2,4,Charcoal Black,#36454F,201
PR-00881,PC-014,273295.52,49.4,1,Sand Beige,#F4E1C1,238
PR-00882,PC-010,431407.1,141.0,5,Forest Green,#228B22,8
PR-00883,PC-015,251662.82,51.9,2,Slate Gray,#708090,227
PR-00884,PC-049,543697.05,173.3,6,Mustard Yellow,#E1AD01,218
PR-00885,PC-038,540601.58,212.7,7,Mustard Yellow,#E1AD01,193
PR-00886,PC-004,316588.94,46.6,2,Slate Gray,#708090,198
PR-00887,PC-013,353194.5,60.7,2,Slate Gray,#708090,28
PR-00888,PC-035,278592.04,116.7,4,Sage Green,#9CAF88,18
PR-00889,PC-002,418199.85,197.7,6,Blush Pink,#F9C6C9,212
PR-00890,PC-039,443597.24,180.6,7,Sky Blue,#87CEEB,239
PR-00891,PC-020,359930.45,88.2,3,Ivory White,#FFFFF0,80
PR-00892,PC-024,303003.12,109.3,4,Terracotta,#E2725B,98
PR-00893,PC-030,462552.56,219.8,7,Forest Green,#228B22,283
PR-00894,PC-015,270740.25,64.6,2,Ivory White,#FFFFF0,80
PR-00895,PC-028,403012.86,186.3,6,Forest Green,#228B22,182
PR-00896,PC-009,317108.42,50.6,1,Slate Gray,#708090,135
PR-00897,PC-021,504514.43,219.6,7,Mustard Yellow,#E1AD01,199
PR-00898,PC-049,503314.7,139.9,5,Sky Blue,#87CEEB,287
PR-00899,PC-035,240649.32,84.2,2,Ivory White,#FFFFF0,271
PR-00900,PC-043,273718.35,131.1,4,Sand Beige,#F4E1C1,100
PR-00901,PC-021,440954.68,172.6,6,Sage Green,#9CAF88,187
PR-00902,PC-040,312224.51,67.1,2,Mustard Yellow,#E1AD01,100
PR-00903,PC-027,395690.53,118.2,5,Forest Green,#228B22,139
PR-00904,PC-043,346045.48,185.2,7,Sky Blue,#87CEEB,99
PR-00905,PC-012,280612.88,67.7,2,Forest Green,#228B22,261
PR-00906,PC-022,281935.3,50.6,1,Sage Green,#9CAF88,112
PR-00907,PC-026,381234.2,204.4,7,Charcoal Black,#36454F,33
PR-00908,PC-044,538287.58,217.5,7,Sage Green,#9CAF88,120
PR-00909,PC-021,447344.13,180.9,6,Sky Blue,#87CEEB,182
PR-00910,PC-018,321716.79,143.3,5,Sage Green,#9CAF88,77
PR-00911,PC-013,409871.07,103.0,3,Charcoal Black,#36454F,8
PR-00912,PC-006,288346.09,62.4,3,Sage Green,#9CAF88,108
PR-00913,PC-048,586120.72,209.0,7,Ivory White,#FFFFF0,22
PR-00914,PC-046,402845.35,187.7,5,Slate Gray,#708090,1
PR-00915,PC-012,263942.69,52.3,2,Sage Green,#9CAF88,287
PR-00916,PC-026,200442.68,65.8,3,Sand Beige,#F4E1C1,193
PR-00917,PC-023,447487.06,181.0,6,Terracotta,#E2725B,44
PR-00918,PC-027,420465.37,140.9,5,Terracotta,#E2725B,182
PR-00919,PC-016,342304.89,93.5,4,Blush Pink,#F9C6C9,33
PR-00920,PC-039,338168.77,94.3,3,Forest Green,#228B22,138
PR-00921,PC-012,446734.95,195.7,6,Charcoal Black,#36454F,98
PR-00922,PC-018,386725.51,193.1,6,Blush Pink,#F9C6C9,153
PR-00923,PC-047,430814.6,164.4,5,Sand Beige,#F4E1C1,193
PR-00924,PC-026,312657.82,157.5,5,Charcoal Black,#36454F,280
PR-00925,PC-047,411053.32,142.9,5,Charcoal Black,#36454F,259
PR-00926,PC-034,294757.33,44.3,2,Charcoal Black,#36454F,193
PR-00927,PC-024,313591.42,115.4,4,Slate Gray,#708090,275
PR-00928,PC-043,358867.79,197.3,7,Blush Pink,#F9C6C9,242
PR-00929,PC-009,427483.76,132.4,4,Blush Pink,#F9C6C9,174
PR-00930,PC-020,371058.19,90.4,3,Forest Green,#228B22,36
PR-00931,PC-011,450865.62,185.9,7,Sage Green,#9CAF88,51
PR-00932,PC-036,516190.38,205.7,7,Mustard Yellow,#E1AD01,228
PR-00933,PC-033,367940.2,89.1,2,Ivory White,#FFFFF0,250
PR-00934,PC-036,456284.65,158.0,6,Sand Beige,#F4E1C1,238
PR-00935,PC-013,419696.46,115.1,4,Charcoal Black,#36454F,213
PR-00936,PC-010,491663.95,183.8,7,Ivory White,#FFFFF0,295
PR-00937,PC-015,363682.19,132.8,5,Sand Beige,#F4E1C1,287
PR-00938,PC-026,203142.06,87.0,1,Sage Green,#9CAF88,38
PR-00939,PC-041,239813.73,66.1,2,Blush Pink,#F9C6C9,256
PR-00940,PC-018,397390.21,202.4,6,Forest Green,#228B22,164
PR-00941,PC-044,449432.31,149.0,6,Ivory White,#FFFFF0,50
PR-00942,PC-019,348207.38,104.2,4,Forest Green,#228B22,208
PR-00943,PC-021,433462.68,164.0,6,Charcoal Black,#36454F,295
PR-00944,PC-026,284697.41,137.7,5,Ivory White,#FFFFF0,184
PR-00945,PC-008,467311.09,131.5,4,Sage Green,#9CAF88,23
PR-00946,PC-021,321797.06,82.2,3,Sand Beige,#F4E1C1,286
PR-00947,PC-005,445340.86,150.9,6,Sand Beige,#F4E1C1,78
PR-00948,PC-017,352490.15,155.6,5,Slate Gray,#708090,75
PR-00949,PC-018,201510.67,47.8,2,Terracotta,#E2725B,149
PR-00950,PC-028,217013.52,45.3,2,Slate Gray,#708090,188
PR-00951,PC-036,457706.94,168.4,5,Sand Beige,#F4E1C1,256
PR-00952,PC-040,483788.67,196.0,6,Slate Gray,#708090,6
PR-00953,PC-041,373269.43,180.4,5,Charcoal Black,#36454F,193
PR-00954,PC-033,462600.8,161.6,5,Terracotta,#E2725B,119
PR-00955,PC-020,403084.38,114.9,5,Sand Beige,#F4E1C1,267
PR-00956,PC-017,331216.74,140.6,4,Sand Beige,#F4E1C1,58
PR-00957,PC-002,219526.84,38.8,2,Forest Green,#228B22,203
PR-00958,PC-031,223708.68,61.7,3,Sky Blue,#87CEEB,40
PR-00959,PC-014,273725.17,52.6,1,Sky Blue,#87CEEB,58
PR-00960,PC-043,348651.35,192.0,7,Ivory White,#FFFFF0,233
PR-00961,PC-037,369324.55,95.0,3,Blush Pink,#F9C6C9,217
PR-00962,PC-015,279139.18,70.1,3,Sky Blue,#87CEEB,198
PR-00963,PC-033,522862.78,204.5,7,Sage Green,#9CAF88,12
PR-00964,PC-015,396568.79,169.3,5,Sky Blue,#87CEEB,100
PR-00965,PC-016,328689.76,89.4,3,Slate Gray,#708090,212
PR-00966,PC-011,479660.86,216.5,7,Slate Gray,#708090,262
PR-00967,PC-001,349388.57,111.6,4,Ivory White,#FFFFF0,35
PR-00968,PC-046,221294.63,39.2,2,Blush Pink,#F9C6C9,241
PR-00969,PC-043,147894.3,35.2,1,Ivory White,#FFFFF0,109
PR-00970,PC-038,439480.36,136.7,4,Mustard Yellow,#E1AD01,258
PR-00971,PC-048,541480.7,173.1,5,Blush Pink,#F9C6C9,70
PR-00972,PC-002,368014.98,156.8,6,Ivory White,#FFFFF0,140
PR-00973,PC-045,232693.91,103.7,4,Charcoal Black,#36454F,264
PR-00974,PC-038,338374.5,53.5,2,Sage Green,#9CAF88,144
PR-00975,PC-047,406189.7,146.0,5,Terracotta,#E2725B,232
PR-00976,PC-026,273035.69,128.0,4,Slate Gray,#708090,146
PR-00977,PC-024,231307.2,55.2,2,Charcoal Black,#36454F,133
PR-00978,PC-015,267692.01,63.5,3,Terracotta,#E2725B,53
PR-00979,PC-029,233714.92,162.8,7,Mustard Yellow,#E1AD01,197
PR-00980,PC-011,279458.19,54.8,2,Terracotta,#E2725B,27
PR-00981,PC-046,211203.73,39.9,1,Mustard Yellow,#E1AD01,62
PR-00982,PC-029,203292.94,139.7,6,Blush Pink,#F9C6C9,71
PR-00983,PC-049,468148.29,121.6,3,Mustard Yellow,#E1AD01,26
PR-00984,PC-046,421204.06,200.8,6,Forest Green,#228B22,297
PR-00985,PC-006,384932.22,139.8,5,Terracotta,#E2725B,183
PR-00986,PC-026,163725.53,41.4,1,Blush Pink,#F9C6C9,67
PR-00987,PC-007,177176.8,52.1,2,Slate Gray,#708090,91
PR-00988,PC-004,471815.88,159.1,6,Sky Blue,#87CEEB,32
PR-00989,PC-018,368526.01,176.1,7,Sand Beige,#F4E1C1,189
PR-00990,PC-039,339589.41,95.1,3,Slate Gray,#708090,105
PR-00991,PC-006,446910.41,184.6,7,Sky Blue,#87CEEB,21
PR-00992,PC-020,373877.03,89.9,3,Forest Green,#228B22,209
PR-00993,PC-012,255675.15,53.5,1,Forest Green,#228B22,31
PR-00994,PC-004,400298.2,112.1,3,Blush Pink,#F9C6C9,175
PR-00995,PC-017,279319.76,102.4,3,Sky Blue,#87CEEB,4
PR-00996,PC-030,314255.45,110.6,3,Blush Pink,#F9C6C9,295
PR-00997,PC-043,332160.42,179.2,6,Sand Beige,#F4E1C1,91
PR-00998,PC-043,345106.4,182.9,7,Charcoal Black,#36454F,51
PR-00999,PC-023,296535.4,69.5,2,Forest Green,#228B22,120
PR-01000,PC-036,377496.43,103.5,3,Sage Green,#9CAF88,169
PR-01001,PC-018,313367.02,137.6,4,Blush Pink,#F9C6C9,83
PR-01002,PC-013,335810.78,44.2,2,Terracotta,#E2725B,25
PR-01003,PC-041,282226.66,97.8,3,Sand Beige,#F4E1C1,241
PR-01004,PC-005,471488.4,175.5,6,Ivory White,#FFFFF0,218
PR-01005,PC-005,410436.68,130.6,6,Terracotta,#E2725B,264
PR-01006,PC-035,248855.72,86.2,3,Slate Gray,#708090,137
PR-01007,PC-023,289125.96,64.4,2,Sand Beige,#F4E1C1,121
PR-01008,PC-019,333755.37,96.8,3,Forest Green,#228B22,61
PR-01009,PC-042,332583.19,135.0,5,Forest Green,#228B22,147
PR-01010,PC-003,236668.35,95.9,3,Sky Blue,#87CEEB,286
PR-01011,PC-003,227898.37,99.2,3,Ivory White,#FFFFF0,72
PR-01012,PC-031,352881.58,160.0,7,Terracotta,#E2725B,26
PR-01013,PC-041,297494.32,111.2,4,Ivory White,#FFFFF0,96
PR-01014,PC-020,370752.03,88.5,3,Blush Pink,#F9C6C9,10
PR-01015,PC-016,280437.34,52.9,2,Charcoal Black,#36454F,223
PR-01016,PC-036,306975.65,52.9,1,Blush Pink,#F9C6C9,148
PR-01017,PC-009,356564.49,73.6,2,Terracotta,#E2725B,157
PR-01018,PC-042,223345.77,51.9,3,Sand Beige,#F4E1C1,125
PR-01019,PC-041,397264.2,184.4,7,Mustard Yellow,#E1AD01,272
PR-01020,PC-043,181489.38,64.7,2,Slate Gray,#708090,25
PR-01021,PC-020,376670.47,88.9,4,Sand Beige,#F4E1C1,293
PR-01022,PC-040,387944.02,126.6,4,Slate Gray,#708090,196
PR-01023,PC-036,506906.02,196.4,7,Charcoal Black,#36454F,46
PR-01024,PC-028,402044.29,188.0,6,Slate Gray,#708090,121
PR-01025,PC-024,346622.52,143.7,5,Sky Blue,#87CEEB,26
PR-01026,PC-032,390515.39,47.6,2,Forest Green,#228B22,95
PR-01027,PC-007,258709.11,112.2,4,Slate Gray,#708090,207
PR-01028,PC-022,327771.48,82.2,3,Mustard Yellow,#E1AD01,219
PR-01029,PC-004,405127.29,121.8,3,Sky Blue,#87CEEB,236
PR-01030,PC-028,253033.97,77.3,2,Forest Green,#228B22,31
PR-01031,PC-021,349076.51,102.0,3,Forest Green,#228B22,242
PR-01032,PC-049,483287.42,134.7,5,Ivory White,#FFFFF0,66
PR-01033,PC-026,386553.1,210.0,7,Slate Gray,#708090,72
PR-01034,PC-009,401321.96,107.9,4,Mustard Yellow,#E1AD01,197
PR-01035,PC-028,228126.15,51.1,3,Slate Gray,#708090,51
PR-01036,PC-031,204265.92,54.3,2,Ivory White,#FFFFF0,39
PR-01037,PC-044,488359.51,181.2,6,Terracotta,#E2725B,64
PR-01038,PC-046,332499.18,130.6,5,Slate Gray,#708090,56
PR-01039,PC-044,457892.69,159.6,5,Slate Gray,#708090,124
PR-01040,PC-008,455831.66,124.0,4,Sage Green,#9CAF88,188
PR-01041,PC-040,510018.65,211.4,8,Charcoal Black,#36454F,144
PR-01042,PC-034,464947.84,180.5,7,Sky Blue,#87CEEB,177
PR-01043,PC-016,304397.14,69.8,3,Mustard Yellow,#E1AD01,163
PR-01044,PC-003,283167.66,125.5,5,Forest Green,#228B22,230
PR-01045,PC-040,304704.5,55.0,2,Sage Green,#9CAF88,150
PR-01046,PC-008,430063.42,102.5,4,Blush Pink,#F9C6C9,232
PR-01047,PC-007,312360.23,158.9,5,Blush Pink,#F9C6C9,49
PR-01048,PC-038,457915.08,150.0,4,Sage Green,#9CAF88,150
PR-01049,PC-017,403019.39,197.6,6,Mustard Yellow,#E1AD01,180
PR-01050,PC-018,205327.19,47.4,2,Forest Green,#228B22,175
PR-01051,PC-021,403726.13,144.2,4,Forest Green,#228B22,147
PR-01052,PC-026,325916.54,167.4,5,Sky Blue,#87CEEB,240
PR-01053,PC-018,254857.92,87.1,4,Ivory White,#FFFFF0,16
PR-01054,PC-010,304251.16,43.5,2,Terracotta,#E2725B,187
PR-01055,PC-028,217417.94,50.9,1,Sand Beige,#F4E1C1,241
PR-01056,PC-041,292793.52,100.9,4,Terracotta,#E2725B,156
PR-01057,PC-034,425800.46,152.3,5,Sage Green,#9CAF88,104
PR-01058,PC-048,412589.52,75.3,2,Blush Pink,#F9C6C9,190
PR-01059,PC-017,302236.88,113.4,3,Terracotta,#E2725B,244
PR-01060,PC-048,423825.11,73.1,3,Ivory White,#FFFFF0,97
PR-01061,PC-038,541936.76,210.9,7,Forest Green,#228B22,194
PR-01062,PC-050,362610.61,159.3,5,Sand Beige,#F4E1C1,218
PR-01063,PC-046,300418.79,105.2,3,Forest Green,#228B22,148
PR-01064,PC-001,336198.07,102.8,3,Blush Pink,#F9C6C9,229
PR-01065,PC-031,335703.4,154.8,5,Slate Gray,#708090,59
PR-01066,PC-033,361571.52,82.3,2,Sky Blue,#87CEEB,193
PR-01067,PC-008,426077.32,96.8,3,Charcoal Black,#36454F,158
PR-01068,PC-024,276680.37,89.8,3,Sky Blue,#87CEEB,35
PR-01069,PC-048,569103.47,189.1,7,Sand Beige,#F4E1C1,282
PR-01070,PC-020,469376.79,164.8,6,Sage Green,#9CAF88,150
PR-01071,PC-043,333138.69,185.0,6,Forest Green,#228B22,259
PR-01072,PC-009,330460.48,48.0,2,Sky Blue,#87CEEB,244
PR-01073,PC-006,367339.35,125.6,4,Blush Pink,#F9C6C9,245
PR-01074,PC-007,319447.32,167.5,5,Sage Green,#9CAF88,217
PR-01075,PC-012,324975.7,98.5,3,Charcoal Black,#36454F,90
PR-01076,PC-009,439552.99,141.2,4,Sage Green,#9CAF88,190
PR-01077,PC-016,447029.7,186.3,6,Slate Gray,#708090,251
PR-01078,PC-035,341088.56,168.9,5,Sage Green,#9CAF88,250
PR-01079,PC-019,329644.13,93.7,3,Sand Beige,#F4E1C1,71
PR-01080,PC-022,456255.26,188.2,7,Blush Pink,#F9C6C9,268
PR-01081,PC-029,294314.12,209.8,7,Sage Green,#9CAF88,24
PR-01082,PC-006,255381.96,35.2,1,Blush Pink,#F9C6C9,113
PR-01083,PC-032,519096.11,149.6,5,Ivory White,#FFFFF0,202
PR-01084,PC-041,327068.91,146.7,4,Sand Beige,#F4E1C1,292
PR-01085,PC-045,355417.45,198.3,7,Blush Pink,#F9C6C9,147
PR-01086,PC-027,283894.78,39.5,2,Terracotta,#E2725B,48
PR-01087,PC-003,341662.48,183.2,6,Sky Blue,#87CEEB,161
PR-01088,PC-032,376567.25,43.3,1,Mustard Yellow,#E1AD01,281
PR-01089,PC-032,607881.38,219.1,8,Sage Green,#9CAF88,168
PR-01090,PC-008,450617.75,115.2,4,Blush Pink,#F9C6C9,119
PR-01091,PC-024,245428.79,69.3,2,Ivory White,#FFFFF0,77
PR-01092,PC-033,342757.42,62.2,2,Terracotta,#E2725B,112
PR-01093,PC-021,307156.93,67.2,3,Mustard Yellow,#E1AD01,293
PR-01094,PC-046,322937.27,126.8,4,Slate Gray,#708090,130
PR-01095,PC-036,483894.25,182.6,7,Sky Blue,#87CEEB,217
PR-01096,PC-032,601488.45,217.7,7,Sand Beige,#F4E1C1,233
PR-01097,PC-014,363351.2,115.9,4,Forest Green,#228B22,46
PR-01098,PC-006,295134.62,73.3,2,Sky Blue,#87CEEB,269
PR-01099,PC-023,457905.28,186.7,6,Charcoal Black,#36454F,65
PR-01100,PC-039,340639.51,92.9,4,Sand Beige,#F4E1C1,199
PR-01101,PC-022,290354.21,58.5,2,Forest Green,#228B22,87
PR-01102,PC-037,395617.8,110.7,3,Sage Green,#9CAF88,152
PR-01103,PC-026,266356.74,119.9,4,Sky Blue,#87CEEB,223
PR-01104,PC-013,393133.87,89.6,3,Terracotta,#E2725B,174
PR-01105,PC-026,245097.85,102.7,4,Terracotta,#E2725B,246
PR-01106,PC-012,346105.02,112.6,4,Sand Beige,#F4E1C1,76
PR-01107,PC-039,369422.91,117.3,4,Sage Green,#9CAF88,86
PR-01108,PC-029,186802.73,137.3,4,Charcoal Black,#36454F,296
PR-01109,PC-013,448377.06,131.2,5,Sky Blue,#87CEEB,132
PR-01110,PC-043,266910.39,129.5,4,Sky Blue,#87CEEB,272
PR-01111,PC-009,317329.86,42.2,2,Mustard Yellow,#E1AD01,22
PR-01112,PC-043,292469.47,147.5,5,Blush Pink,#F9C6C9,125
PR-01113,PC-029,105194.09,74.0,2,Charcoal Black,#36454F,80
PR-01114,PC-019,427980.5,167.8,5,Blush Pink,#F9C6C9,76
PR-01115,PC-036,510090.55,203.6,7,Sand Beige,#F4E1C1,156
PR-01116,PC-046,355842.67,147.0,5,Sage Green,#9CAF88,95
PR-01117,PC-032,522225.87,153.5,5,Sage Green,#9CAF88,82
PR-01118,PC-034,370238.37,106.6,4,Slate Gray,#708090,288
PR-01119,PC-029,285348.78,214.1,6,Mustard Yellow,#E1AD01,280
PR-01120,PC-038,467166.22,152.5,5,Sage Green,#9CAF88,71
PR-01121,PC-009,307530.69,41.4,1,Slate Gray,#708090,192
PR-01122,PC-002,289161.31,90.2,4,Slate Gray,#708090,49
PR-01123,PC-008,429431.39,101.7,3,Slate Gray,#708090,22
PR-01124,PC-004,457660.54,152.3,6,Terracotta,#E2725B,16
PR-01125,PC-045,274263.97,142.2,4,Sand Beige,#F4E1C1,188
PR-01126,PC-003,192627.15,68.5,2,Ivory White,#FFFFF0,151
PR-01127,PC-005,331742.1,84.1,1,Blush Pink,#F9C6C9,268
PR-01128,PC-011,472649.48,203.8,8,Mustard Yellow,#E1AD01,177
PR-01129,PC-010,302596.82,43.1,1,Sage Green,#9CAF88,47
PR-01130,PC-042,280480.68,93.5,3,Sage Green,#9CAF88,48
PR-01131,PC-007,213927.39,89.0,3,Terracotta,#E2725B,75
PR-01132,PC-031,267352.51,99.5,4,Ivory White,#FFFFF0,206
PR-01133,PC-017,345391.81,141.4,4,Slate Gray,#708090,107
PR-01134,PC-034,287456.93,48.4,2,Sage Green,#9CAF88,222
PR-01135,PC-036,341102.13,71.9,2,Sand Beige,#F4E1C1,34
PR-01136,PC-038,461137.66,147.0,6,Sand Beige,#F4E1C1,205
PR-01137,PC-025,268332.82,73.5,3,Sage Green,#9CAF88,202
PR-01138,PC-030,440475.68,204.8,7,Charcoal Black,#36454F,285
PR-01139,PC-015,363102.28,136.0,5,Sand Beige,#F4E1C1,21
PR-01140,PC-005,398844.35,133.8,4,Forest Green,#228B22,89
PR-01141,PC-047,488532.86,210.4,7,Slate Gray,#708090,107
PR-01142,PC-026,378616.82,206.5,7,Terracotta,#E2725B,80
PR-01143,PC-024,439902.39,211.7,8,Slate Gray,#708090,66
PR-01144,PC-004,373946.8,82.6,4,Sand Beige,#F4E1C1,110
PR-01145,PC-021,280071.01,52.4,2,Blush Pink,#F9C6C9,160
PR-01146,PC-029,207716.32,146.9,5,Charcoal Black,#36454F,287
PR-01147,PC-035,182479.08,39.6,1,Sand Beige,#F4E1C1,65
PR-01148,PC-003,362708.63,199.2,6,Mustard Yellow,#E1AD01,48
PR-01149,PC-046,434291.39,203.8,7,Ivory White,#FFFFF0,87
PR-01150,PC-036,390554.17,110.0,4,Sand Beige,#F4E1C1,23
PR-01151,PC-050,417164.36,196.4,7,Mustard Yellow,#E1AD01,154
PR-01152,PC-020,328597.42,61.7,2,Charcoal Black,#36454F,183
PR-01153,PC-045,304813.13,164.7,5,Terracotta,#E2725B,171
PR-01154,PC-014,377434.45,125.5,5,Mustard Yellow,#E1AD01,79
PR-01155,PC-004,503962.33,196.6,6,Forest Green,#228B22,68
PR-01156,PC-050,299977.14,106.3,4,Ivory White,#FFFFF0,22
PR-01157,PC-020,446566.25,151.0,5,Sky Blue,#87CEEB,258
PR-01158,PC-020,415022.75,132.4,4,Charcoal Black,#36454F,142
PR-01159,PC-045,162645.22,51.5,2,Terracotta,#E2725B,255
PR-01160,PC-038,527493.24,199.4,7,Charcoal Black,#36454F,275
PR-01161,PC-045,346154.63,190.6,7,Sky Blue,#87CEEB,252
PR-01162,PC-042,381877.74,182.1,6,Blush Pink,#F9C6C9,233
PR-01163,PC-038,398305.86,105.9,4,Sage Green,#9CAF88,24
PR-01164,PC-025,234845.79,54.9,1,Forest Green,#228B22,159
PR-01165,PC-045,266782.77,131.3,5,Sand Beige,#F4E1C1,150
PR-01166,PC-005,406483.77,125.9,5,Terracotta,#E2725B,131
PR-01167,PC-047,268149.69,40.7,1,Forest Green,#228B22,121
PR-01168,PC-001,397904.18,156.7,4,Charcoal Black,#36454F,51
PR-01169,PC-045,372480.3,215.6,7,Sky Blue,#87CEEB,69
PR-01170,PC-048,502749.56,136.9,5,Sage Green,#9CAF88,259
PR-01171,PC-047,306964.95,72.1,2,Mustard Yellow,#E1AD01,15
PR-01172,PC-030,237088.68,42.5,2,Slate Gray,#708090,4
PR-01173,PC-008,364416.86,49.9,2,Sky Blue,#87CEEB,69
PR-01174,PC-032,553208.12,178.0,6,Forest Green,#228B22,121
PR-01175,PC-003,226763.48,90.9,3,Sky Blue,#87CEEB,290
PR-01176,PC-034,407587.18,139.4,5,Forest Green,#228B22,61
PR-01177,PC-046,341403.33,131.4,5,Terracotta,#E2725B,217
PR-01178,PC-001,445933.47,187.6,6,Charcoal Black,#36454F,41
PR-01179,PC-028,359800.61,167.2,5,Mustard Yellow,#E1AD01,125
PR-01180,PC-041,313374.11,126.7,3,Forest Green,#228B22,138
PR-01181,PC-024,225871.87,54.6,1,Forest Green,#228B22,103
PR-01182,PC-011,407794.13,154.7,6,Slate Gray,#708090,76
PR-01183,PC-047,502305.13,213.2,8,Mustard Yellow,#E1AD01,253
PR-01184,PC-021,261694.46,38.5,1,Terracotta,#E2725B,88
PR-01185,PC-045,317222.85,172.5,6,Forest Green,#228B22,6
PR-01186,PC-014,306219.7,80.0,2,Terracotta,#E2725B,85
PR-01187,PC-032,592928.36,209.3,7,Mustard Yellow,#E1AD01,14
PR-01188,PC-004,470160.85,169.1,6,Ivory White,#FFFFF0,107
PR-01189,PC-027,411982.89,136.3,4,Terracotta,#E2725B,111
PR-01190,PC-046,247776.22,67.3,2,Sage Green,#9CAF88,167
PR-01191,PC-012,391198.09,154.2,5,Slate Gray,#708090,125
PR-01192,PC-001,256155.82,38.2,1,Terracotta,#E2725B,63
PR-01193,PC-008,395727.72,72.9,3,Blush Pink,#F9C6C9,126
PR-01194,PC-022,318811.46,82.3,2,Mustard Yellow,#E1AD01,93
PR-01195,PC-036,432776.61,140.8,5,Sand Beige,#F4E1C1,156
PR-01196,PC-026,345672.39,184.4,5,Charcoal Black,#36454F,250
PR-01197,PC-048,584565.97,195.1,8,Charcoal Black,#36454F,26
PR-01198,PC-028,290540.59,109.8,3,Sage Green,#9CAF88,282
PR-01199,PC-015,328867.24,114.7,3,Charcoal Black,#36454F,40
PR-01200,PC-015,375800.47,143.7,5,Sky Blue,#87CEEB,265
PR-01201,PC-028,209151.22,43.4,1,Blush Pink,#F9C6C9,118
PR-01202,PC-028,208352.86,43.0,1,Sage Green,#9CAF88,80
PR-01203,PC-015,371585.82,147.2,5,Blush Pink,#F9C6C9,256
PR-01204,PC-041,399182.18,196.4,6,Slate Gray,#708090,290
PR-01205,PC-021,457001.76,182.3,7,Terracotta,#E2725B,134
PR-01206,PC-025,335169.01,125.2,4,Mustard Yellow,#E1AD01,231
PR-01207,PC-023,329514.59,95.1,3,Forest Green,#228B22,208
PR-01208,PC-024,411858.29,192.5,6,Forest Green,#228B22,217
PR-01209,PC-043,253952.44,119.6,4,Forest Green,#228B22,117
PR-01210,PC-028,400262.04,187.2,7,Sage Green,#9CAF88,150
PR-01211,PC-024,210791.27,37.1,1,Forest Green,#228B22,128
PR-01212,PC-050,355567.54,150.7,5,Sky Blue,#87CEEB,210
PR-01213,PC-010,346357.49,67.4,4,Slate Gray,#708090,24
PR-01214,PC-023,375450.15,127.9,5,Charcoal Black,#36454F,279
PR-01215,PC-041,255996.29,82.5,3,Mustard Yellow,#E1AD01,242
PR-01216,PC-003,146775.07,37.2,1,Slate Gray,#708090,265
PR-01217,PC-012,482642.23,215.9,8,Sage Green,#9CAF88,63
PR-01218,PC-040,504479.54,207.8,8,Ivory White,#FFFFF0,242
PR-01219,PC-035,415603.32,210.9,7,Sky Blue,#87CEEB,28
PR-01220,PC-040,399638.11,135.7,4,Charcoal Black,#36454F,133
PR-01221,PC-036,291081.24,36.1,1,Terracotta,#E2725B,229
PR-01222,PC-013,423949.64,112.3,3,Mustard Yellow,#E1AD01,173
PR-01223,PC-041,342084.09,141.6,5,Charcoal Black,#36454F,2
PR-01224,PC-036,303856.29,38.4,2,Slate Gray,#708090,48
PR-01225,PC-001,363971.67,121.5,4,Slate Gray,#708090,63
PR-01226,PC-028,399610.17,187.1,6,Mustard Yellow,#E1AD01,197
PR-01227,PC-003,319089.9,164.5,5,Forest Green,#228B22,159
PR-01228,PC-048,466900.23,114.3,4,Sage Green,#9CAF88,106
PR-01229,PC-027,378741.31,109.1,4,Blush Pink,#F9C6C9,148
PR-01230,PC-038,429638.34,122.1,5,Ivory White,#FFFFF0,88
PR-01231,PC-027,387081.29,116.1,4,Sand Beige,#F4E1C1,292
PR-01232,PC-027,326475.54,68.6,2,Slate Gray,#708090,101
PR-01233,PC-034,352163.46,96.0,4,Slate Gray,#708090,203
PR-01234,PC-016,331427.71,94.2,3,Sky Blue,#87CEEB,156
PR-01235,PC-050,441121.5,216.3,7,Sand Beige,#F4E1C1,68
PR-01236,PC-042,205470.3,45.1,1,Mustard Yellow,#E1AD01,21
PR-01237,PC-020,391665.21,98.4,4,Mustard Yellow,#E1AD01,77
PR-01238,PC-004,309708.16,46.2,1,Ivory White,#FFFFF0,105
PR-01239,PC-019,376849.07,126.4,4,Slate Gray,#708090,254
PR-01240,PC-050,208636.04,36.4,1,Terracotta,#E2725B,168
PR-01241,PC-035,320312.94,131.3,5,Sand Beige,#F4E1C1,192
PR-01242,PC-016,379245.71,128.8,4,Blush Pink,#F9C6C9,263
PR-01243,PC-003,303505.22,155.5,5,Ivory White,#FFFFF0,32
PR-01244,PC-041,379961.76,176.7,6,Slate Gray,#708090,11
PR-01245,PC-017,334563.67,141.2,4,Forest Green,#228B22,182
PR-01246,PC-017,221637.35,46.3,2,Sand Beige,#F4E1C1,85
PR-01247,PC-041,319031.69,127.3,5,Sage Green,#9CAF88,68
PR-01248,PC-009,332307.48,57.4,2,Mustard Yellow,#E1AD01,115
PR-01249,PC-041,254430.19,77.6,3,Sand Beige,#F4E1C1,258
PR-01250,PC-029,70382.92,39.6,1,Slate Gray,#708090,244
PR-01251,PC-005,452997.2,163.5,6,Charcoal Black,#36454F,293
PR-01252,PC-035,256938.54,92.3,3,Forest Green,#228B22,135
PR-01253,PC-021,380579.2,137.0,4,Slate Gray,#708090,38
PR-01254,PC-048,516733.83,148.1,6,Sky Blue,#87CEEB,114
PR-01255,PC-010,417992.27,123.5,5,Terracotta,#E2725B,78
PR-01256,PC-027,408102.61,137.3,4,Mustard Yellow,#E1AD01,165
PR-01257,PC-008,412590.33,90.8,3,Charcoal Black,#36454F,46
PR-01258,PC-049,596876.43,214.2,7,Ivory White,#FFFFF0,168
PR-01259,PC-029,172539.02,119.9,4,Ivory White,#FFFFF0,85
PR-01260,PC-024,420398.09,202.0,6,Slate Gray,#708090,212
PR-01261,PC-010,323326.65,49.4,3,Sand Beige,#F4E1C1,259
PR-01262,PC-037,344707.99,71.0,2,Blush Pink,#F9C6C9,89
PR-01263,PC-004,478416.35,170.8,7,Mustard Yellow,#E1AD01,164
PR-01264,PC-046,438209.17,210.3,7,Sage Green,#9CAF88,155
PR-01265,PC-048,394171.21,59.7,2,Blush Pink,#F9C6C9,193
PR-01266,PC-001,385661.78,140.3,4,Charcoal Black,#36454F,283
PR-01267,PC-032,412196.46,71.5,2,Sand Beige,#F4E1C1,134
PR-01268,PC-050,204730.38,37.3,1,Mustard Yellow,#E1AD01,128
PR-01269,PC-043,163078.86,42.3,2,Mustard Yellow,#E1AD01,206
PR-01270,PC-012,313770.3,91.8,3,Sand Beige,#F4E1C1,71
PR-01271,PC-036,483303.81,177.6,6,Sky Blue,#87CEEB,248
PR-01272,PC-011,321922.73,98.2,3,Blush Pink,#F9C6C9,37
PR-01273,PC-017,249450.05,72.6,2,Blush Pink,#F9C6C9,137
PR-01274,PC-027,520951.05,214.4,8,Sand Beige,#F4E1C1,168
PR-01275,PC-047,441514.79,173.1,6,Sand Beige,#F4E1C1,105
PR-01276,PC-018,336982.15,156.7,5,Sage Green,#9CAF88,87
PR-01277,PC-017,233623.49,66.4,2,Mustard Yellow,#E1AD01,223
PR-01278,PC-022,322709.06,78.9,3,Sage Green,#9CAF88,60
PR-01279,PC-034,427679.57,160.2,5,Forest Green,#228B22,220
PR-01280,PC-044,371115.8,83.6,4,Charcoal Black,#36454F,225
PR-01281,PC-016,375324.14,126.9,4,Forest Green,#228B22,288
PR-01282,PC-027,496331.2,199.3,7,Forest Green,#228B22,170
PR-01283,PC-042,339027.6,140.7,5,Sand Beige,#F4E1C1,273
PR-01284,PC-044,314142.91,47.1,1,Sand Beige,#F4E1C1,83
PR-01285,PC-040,513901.67,212.5,8,Ivory White,#FFFFF0,91
PR-01286,PC-050,231000.76,58.4,1,Charcoal Black,#36454F,68
PR-01287,PC-012,332861.7,104.4,4,Ivory White,#FFFFF0,89
PR-01288,PC-025,214925.52,37.6,1,Sky Blue,#87CEEB,76
PR-01289,PC-014,273563.56,49.7,2,Mustard Yellow,#E1AD01,174
PR-01290,PC-017,435937.94,210.0,7,Sand Beige,#F4E1C1,40
PR-01291,PC-044,486103.78,186.1,5,Sand Beige,#F4E1C1,196
PR-01292,PC-035,359911.52,182.0,5,Mustard Yellow,#E1AD01,98
PR-01293,PC-036,493385.39,191.4,6,Charcoal Black,#36454F,11
PR-01294,PC-017,292711.78,114.5,3,Sky Blue,#87CEEB,130
PR-01295,PC-044,382335.41,100.7,3,Mustard Yellow,#E1AD01,176
PR-01296,PC-017,367813.8,168.4,5,Sage Green,#9CAF88,150
PR-01297,PC-032,527274.05,153.7,5,Terracotta,#E2725B,168
PR-01298,PC-037,519512.21,213.1,6,Sage Green,#9CAF88,136
PR-01299,PC-002,217745.43,48.4,1,Blush Pink,#F9C6C9,135
PR-01300,PC-033,349847.22,73.6,2,Terracotta,#E2725B,291
PR-01301,PC-036,390690.66,105.3,5,Forest Green,#228B22,117
PR-01302,PC-041,252467.41,75.1,3,Sand Beige,#F4E1C1,36
PR-01303,PC-016,456361.04,187.7,6,Ivory White,#FFFFF0,79
PR-01304,PC-045,286224.62,141.7,5,Blush Pink,#F9C6C9,262
PR-01305,PC-011,323044.44,90.8,4,Sage Green,#9CAF88,266
PR-01306,PC-012,263191.39,57.1,2,Forest Green,#228B22,269
PR-01307,PC-040,504269.03,211.5,7,Terracotta,#E2725B,221
PR-01308,PC-047,467157.88,187.3,7,Forest Green,#228B22,247
PR-01309,PC-010,308152.77,47.6,1,Sky Blue,#87CEEB,162
PR-01310,PC-005,349829.55,90.5,3,Sand Beige,#F4E1C1,118
PR-01311,PC-027,442252.95,151.4,6,Terracotta,#E2725B,176
PR-01312,PC-012,310715.32,88.4,3,Sage Green,#9CAF88,139
PR-01313,PC-047,297940.23,48.7,3,Charcoal Black,#36454F,189
PR-01314,PC-050,253871.12,71.8,2,Forest Green,#228B22,293
PR-01315,PC-036,515523.09,207.1,7,Sand Beige,#F4E1C1,190
PR-01316,PC-009,376392.84,93.8,2,Mustard Yellow,#E1AD01,178
PR-01317,PC-031,246900.33,88.5,3,Slate Gray,#708090,5
PR-01318,PC-049,574941.13,194.9,7,Terracotta,#E2725B,225
PR-01319,PC-041,268524.61,89.8,3,Sand Beige,#F4E1C1,219
PR-01320,PC-004,343200.69,74.2,2,Mustard Yellow,#E1AD01,164
PR-01321,PC-038,355745.93,64.5,2,Sage Green,#9CAF88,21
PR-01322,PC-037,365075.15,89.4,3,Sage Green,#9CAF88,205
PR-01323,PC-043,194166.88,74.0,3,Sage Green,#9CAF88,5
PR-01324,PC-017,307564.15,116.6,4,Forest Green,#228B22,66
PR-01325,PC-001,293358.83,62.8,2,Slate Gray,#708090,198
PR-01326,PC-018,244910.68,79.1,4,Sage Green,#9CAF88,178
PR-01327,PC-019,455499.47,182.6,7,Forest Green,#228B22,188
PR-01328,PC-048,377321.21,46.1,1,Mustard Yellow,#E1AD01,59
PR-01329,PC-015,453838.89,202.9,7,Blush Pink,#F9C6C9,24
PR-01330,PC-022,436488.86,166.3,5,Ivory White,#FFFFF0,201
PR-01331,PC-030,359794.59,142.5,5,Sky Blue,#87CEEB,165
PR-01332,PC-035,328626.09,150.0,5,Terracotta,#E2725B,23
PR-01333,PC-033,430642.83,132.6,4,Sky Blue,#87CEEB,43
PR-01334,PC-040,496432.1,208.3,7,Ivory White,#FFFFF0,19
PR-01335,PC-027,306710.76,56.4,2,Charcoal Black,#36454F,280
PR-01336,PC-017,445932.87,214.9,8,Slate Gray,#708090,146
PR-01337,PC-049,565930.06,183.6,7,Sage Green,#9CAF88,118
PR-01338,PC-046,215948.47,36.4,2,Blush Pink,#F9C6C9,107
PR-01339,PC-012,457788.92,212.7,5,Blush Pink,#F9C6C9,106
PR-01340,PC-031,334103.25,150.1,6,Forest Green,#228B22,246
PR-01341,PC-049,539179.64,171.1,5,Sand Beige,#F4E1C1,138
PR-01342,PC-007,159707.29,46.9,1,Slate Gray,#708090,183
PR-01343,PC-008,507625.96,163.5,5,Charcoal Black,#36454F,50
PR-01344,PC-025,252054.95,61.7,3,Mustard Yellow,#E1AD01,137
PR-01345,PC-020,381500.01,95.2,4,Terracotta,#E2725B,234
PR-01346,PC-021,297807.18,61.2,3,Ivory White,#FFFFF0,219
PR-01347,PC-015,361097.44,142.7,4,Sky Blue,#87CEEB,177
PR-01348,PC-020,414144.28,124.7,5,Ivory White,#FFFFF0,82
PR-01349,PC-030,439575.92,196.2,8,Blush Pink,#F9C6C9,234
PR-01350,PC-047,402893.6,139.7,6,Charcoal Black,#36454F,125
PR-01351,PC-009,458551.71,155.5,6,Sky Blue,#87CEEB,190
PR-01352,PC-011,293804.7,76.1,2,Charcoal Black,#36454F,240
PR-01353,PC-002,413245.33,196.7,6,Blush Pink,#F9C6C9,228
PR-01354,PC-032,460991.82,111.9,3,Slate Gray,#708090,251
PR-01355,PC-046,243640.09,63.2,2,Blush Pink,#F9C6C9,218
PR-01356,PC-048,461119.86,108.3,4,Terracotta,#E2725B,290
PR-01357,PC-018,318906.04,137.9,4,Terracotta,#E2725B,176
PR-01358,PC-023,472290.16,204.2,6,Sky Blue,#87CEEB,161
PR-01359,PC-027,395359.67,126.0,3,Ivory White,#FFFFF0,183
PR-01360,PC-003,190659.1,65.1,2,Terracotta,#E2725B,10
PR-01361,PC-028,372313.57,170.5,5,Charcoal Black,#36454F,123
PR-01362,PC-049,421321.12,77.9,3,Charcoal Black,#36454F,56
PR-01363,PC-044,528419.81,210.2,8,Blush Pink,#F9C6C9,45
PR-01364,PC-031,337947.62,156.9,5,Ivory White,#FFFFF0,234
PR-01365,PC-033,478610.52,166.5,6,Slate Gray,#708090,162
PR-01366,PC-026,248418.0,103.2,4,Forest Green,#228B22,32
PR-01367,PC-033,485134.8,177.4,6,Terracotta,#E2725B,21
PR-01368,PC-016,292212.74,60.3,1,Forest Green,#228B22,208
PR-01369,PC-043,350793.26,189.5,6,Terracotta,#E2725B,134
PR-01370,PC-018,215351.73,60.5,2,Terracotta,#E2725B,237
PR-01371,PC-050,329405.65,136.2,4,Ivory White,#FFFFF0,232
PR-01372,PC-006,286321.56,62.2,3,Sage Green,#9CAF88,74
PR-01373,PC-024,253574.9,71.0,2,Sky Blue,#87CEEB,111
PR-01374,PC-009,453191.14,149.7,5,Charcoal Black,#36454F,239
PR-01375,PC-005,351543.74,92.6,3,Sky Blue,#87CEEB,171
PR-01376,PC-008,520956.21,169.7,5,Sand Beige,#F4E1C1,58
PR-01377,PC-013,365323.18,66.5,2,Slate Gray,#708090,287
PR-01378,PC-039,314284.08,74.9,3,Charcoal Black,#36454F,75
PR-01379,PC-034,295128.56,55.8,2,Blush Pink,#F9C6C9,220
PR-01380,PC-005,517626.88,216.1,7,Sand Beige,#F4E1C1,219
PR-01381,PC-032,456399.81,107.4,3,Sage Green,#9CAF88,114
PR-01382,PC-047,453545.63,183.8,6,Slate Gray,#708090,53
PR-01383,PC-001,452678.72,191.9,6,Terracotta,#E2725B,73
PR-01384,PC-032,413280.56,70.5,2,Sky Blue,#87CEEB,45
PR-01385,PC-050,412013.01,189.1,6,Sage Green,#9CAF88,179
PR-01386,PC-009,440151.88,138.8,4,Terracotta,#E2725B,74
PR-01387,PC-039,290725.34,57.5,2,Sky Blue,#87CEEB,244
PR-01388,PC-024,272078.31,82.0,3,Slate Gray,#708090,73
PR-01389,PC-020,346035.28,77.1,2,Terracotta,#E2725B,244
PR-01390,PC-042,254971.62,77.4,2,Forest Green,#228B22,127
PR-01391,PC-019,437100.36,170.7,6,Sky Blue,#87CEEB,234
PR-01392,PC-020,486829.21,186.2,5,Sky Blue,#87CEEB,64
PR-01393,PC-021,345277.6,105.1,3,Charcoal Black,#36454F,30
PR-01394,PC-045,144249.04,39.6,2,Forest Green,#228B22,59
PR-01395,PC-045,270309.73,136.6,5,Sage Green,#9CAF88,38
PR-01396,PC-011,338115.25,105.8,4,Mustard Yellow,#E1AD01,40
PR-01397,PC-008,426238.52,98.5,3,Forest Green,#228B22,22
PR-01398,PC-004,435240.66,134.8,5,Terracotta,#E2725B,22
PR-01399,PC-032,478637.15,122.1,4,Sky Blue,#87CEEB,273
PR-01400,PC-042,205982.63,40.7,1,Slate Gray,#708090,107
PR-01401,PC-036,425840.2,138.2,5,Terracotta,#E2725B,118
PR-01402,PC-040,461108.33,177.2,6,Sky Blue,#87CEEB,60
PR-01403,PC-037,443623.21,151.0,5,Slate Gray,#708090,212
PR-01404,PC-019,406589.65,146.3,5,Sage Green,#9CAF88,108
PR-01405,PC-022,323051.05,79.5,3,Blush Pink,#F9C6C9,269
PR-01406,PC-035,360122.56,171.0,6,Sage Green,#9CAF88,4
PR-01407,PC-034,390974.16,116.9,5,Blush Pink,#F9C6C9,6
PR-01408,PC-046,252796.66,67.3,1,Forest Green,#228B22,29
PR-01409,PC-027,451926.35,164.7,6,Sage Green,#9CAF88,101
PR-01410,PC-036,493754.74,189.6,6,Forest Green,#228B22,83
PR-01411,PC-027,441363.85,156.9,5,Ivory White,#FFFFF0,11
PR-01412,PC-022,332572.83,82.4,3,Ivory White,#FFFFF0,272
PR-01413,PC-005,368803.72,100.6,3,Mustard Yellow,#E1AD01,25
PR-01414,PC-043,166772.33,56.4,1,Mustard Yellow,#E1AD01,282
PR-01415,PC-029,203045.16,139.9,5,Sky Blue,#87CEEB,24
PR-01416,PC-010,508028.68,194.1,7,Forest Green,#228B22,205
PR-01417,PC-046,250246.98,62.4,2,Sky Blue,#87CEEB,66
PR-01418,PC-035,239274.96,84.6,2,Sand Beige,#F4E1C1,274
PR-01419,PC-003,376132.47,209.9,7,Mustard Yellow,#E1AD01,240
PR-01420,PC-011,403325.61,161.6,6,Sage Green,#9CAF88,220
PR-01421,PC-009,305266.63,35.6,1,Slate Gray,#708090,40
PR-01422,PC-031,324841.83,151.4,4,Sky Blue,#87CEEB,189
PR-01423,PC-033,318385.52,46.2,1,Terracotta,#E2725B,172
PR-01424,PC-003,258784.64,119.2,4,Terracotta,#E2725B,37
PR-01425,PC-023,456030.45,187.0,6,Slate Gray,#708090,298
PR-01426,PC-040,446619.98,162.6,6,Sky Blue,#87CEEB,259
PR-01427,PC-021,294392.23,57.3,2,Forest Green,#228B22,170
PR-01428,PC-041,223496.5,48.0,3,Ivory White,#FFFFF0,209
PR-01429,PC-016,469108.12,198.7,6,Slate Gray,#708090,190
PR-01430,PC-048,376942.71,37.7,2,Slate Gray,#708090,171
PR-01431,PC-008,505264.19,162.6,5,Ivory White,#FFFFF0,1
PR-01432,PC-027,339637.84,77.0,2,Mustard Yellow,#E1AD01,169
PR-01433,PC-041,274308.38,100.9,2,Blush Pink,#F9C6C9,138
PR-01434,PC-012,252213.39,46.3,2,Mustard Yellow,#E1AD01,203
PR-01435,PC-033,532597.18,214.6,6,Sand Beige,#F4E1C1,210
PR-01436,PC-011,464045.55,206.9,7,Ivory White,#FFFFF0,25
PR-01437,PC-031,205749.53,47.9,3,Blush Pink,#F9C6C9,182
PR-01438,PC-033,534404.93,211.8,7,Ivory White,#FFFFF0,66
PR-01439,PC-004,367749.71,90.1,3,Slate Gray,#708090,173
PR-01440,PC-045,309237.65,161.3,5,Sage Green,#9CAF88,284
PR-01441,PC-046,381408.68,169.1,5,Forest Green,#228B22,64
PR-01442,PC-005,407931.12,126.5,5,Charcoal Black,#36454F,5
PR-01443,PC-011,346718.06,113.4,4,Charcoal Black,#36454F,233
PR-01444,PC-041,377029.91,173.2,5,Blush Pink,#F9C6C9,137
PR-01445,PC-006,319393.95,94.0,3,Ivory White,#FFFFF0,126
PR-01446,PC-014,494933.33,215.6,7,Forest Green,#228B22,235
PR-01447,PC-017,430305.78,212.0,7,Sky Blue,#87CEEB,154
PR-01448,PC-008,579579.81,215.1,7,Forest Green,#228B22,61
PR-01449,PC-001,416965.27,164.1,6,Forest Green,#228B22,174
PR-01450,PC-049,452688.38,100.7,3,Forest Green,#228B22,231
PR-01451,PC-045,332586.27,192.0,6,Slate Gray,#708090,218
PR-01452,PC-023,453490.73,185.8,6,Mustard Yellow,#E1AD01,139
PR-01453,PC-003,279597.13,134.6,4,Slate Gray,#708090,254
PR-01454,PC-014,305376.0,74.0,3,Sage Green,#9CAF88,31
PR-01455,PC-012,351667.79,120.8,4,Mustard Yellow,#E1AD01,188
PR-01456,PC-024,260657.04,73.7,3,Sand Beige,#F4E1C1,46
PR-01457,PC-002,362257.89,155.2,5,Terracotta,#E2725B,163
PR-01458,PC-015,241554.22,37.7,3,Blush Pink,#F9C6C9,230
PR-01459,PC-005,420730.33,140.6,5,Forest Green,#228B22,253
PR-01460,PC-035,330564.67,146.4,6,Sky Blue,#87CEEB,102
PR-01461,PC-009,422718.24,131.4,3,Terracotta,#E2725B,48
PR-01462,PC-032,547298.95,172.6,6,Sky Blue,#87CEEB,111
PR-01463,PC-050,273248.21,82.3,3,Blush Pink,#F9C6C9,153
PR-01464,PC-010,507741.09,199.9,6,Forest Green,#228B22,199
PR-01465,PC-049,474531.75,121.8,4,Terracotta,#E2725B,68
PR-01466,PC-012,397969.46,155.7,5,Mustard Yellow,#E1AD01,262
PR-01467,PC-014,357856.51,112.0,5,Mustard Yellow,#E1AD01,113
PR-01468,PC-042,243058.17,72.5,2,Blush Pink,#F9C6C9,62
PR-01469,PC-008,385913.65,69.1,2,Sky Blue,#87CEEB,166
PR-01470,PC-023,489257.82,208.0,8,Ivory White,#FFFFF0,123
PR-01471,PC-018,398603.53,200.8,7,Terracotta,#E2725B,137
PR-01472,PC-005,308343.1,60.9,1,Mustard Yellow,#E1AD01,124
PR-01473,PC-040,366368.56,104.8,4,Ivory White,#FFFFF0,42
PR-01474,PC-042,387124.28,186.5,6,Mustard Yellow,#E1AD01,208
PR-01475,PC-016,476545.02,208.9,6,Blush Pink,#F9C6C9,21
PR-01476,PC-020,326453.34,51.3,2,Slate Gray,#708090,223
PR-01477,PC-020,347429.87,71.5,3,Charcoal Black,#36454F,203
PR-01478,PC-045,269361.05,139.0,4,Slate Gray,#708090,296
PR-01479,PC-041,249327.61,75.6,3,Mustard Yellow,#E1AD01,220
PR-01480,PC-023,338763.06,103.2,2,Ivory White,#FFFFF0,298
PR-01481,PC-023,270155.47,43.0,1,Mustard Yellow,#E1AD01,267
PR-01482,PC-023,298606.51,65.5,3,Blush Pink,#F9C6C9,72
PR-01483,PC-039,366092.78,114.9,4,Sand Beige,#F4E1C1,55
PR-01484,PC-047,293049.02,60.0,1,Forest Green,#228B22,291
PR-01485,PC-011,394472.12,157.0,5,Blush Pink,#F9C6C9,138
PR-01486,PC-043,272954.15,137.0,4,Sky Blue,#87CEEB,9
PR-01487,PC-049,399917.6,72.6,1,Ivory White,#FFFFF0,276
PR-01488,PC-040,440363.92,160.0,6,Sage Green,#9CAF88,31
PR-01489,PC-015,321719.02,95.0,5,Sage Green,#9CAF88,15
PR-01490,PC-007,238751.74,104.4,3,Slate Gray,#708090,178
PR-01491,PC-010,315957.94,54.0,1,Mustard Yellow,#E1AD01,113
PR-01492,PC-009,416673.33,121.4,4,Forest Green,#228B22,277
PR-01493,PC-027,317370.91,61.4,2,Mustard Yellow,#E1AD01,124
PR-01494,PC-024,313328.58,115.7,4,Terracotta,#E2725B,190
PR-01495,PC-050,435061.0,210.7,7,Mustard Yellow,#E1AD01,3
PR-01496,PC-042,215821.21,50.6,2,Slate Gray,#708090,289
PR-01497,PC-042,306099.66,119.4,4,Ivory White,#FFFFF0,81
PR-01498,PC-029,243857.82,174.4,6,Sky Blue,#87CEEB,168
PR-01499,PC-009,396665.37,103.0,5,Sand Beige,#F4E1C1,72
PR-01500,PC-045,358129.32,201.7,7,Ivory White,#FFFFF0,182
PR-01501,PC-011,353476.34,120.0,4,Charcoal Black,#36454F,214
PR-01502,PC-020,432502.47,140.1,5,Mustard Yellow,#E1AD01,150
PR-01503,PC-016,441895.04,173.0,6,Forest Green,#228B22,112
PR-01504,PC-021,405120.49,146.1,5,Sky Blue,#87CEEB,18
PR-01505,PC-012,430904.56,184.4,6,Mustard Yellow,#E1AD01,188
PR-01506,PC-036,516585.37,213.2,6,Blush Pink,#F9C6C9,134
PR-01507,PC-029,262635.42,196.7,6,Sage Green,#9CAF88,213
PR-01508,PC-018,315291.61,131.3,5,Forest Green,#228B22,232
PR-01509,PC-028,398623.64,189.4,5,Slate Gray,#708090,59
PR-01510,PC-015,365302.86,130.6,5,Sand Beige,#F4E1C1,5
PR-01511,PC-044,469287.94,164.7,7,Sky Blue,#87CEEB,269
PR-01512,PC-007,274775.88,129.5,5,Terracotta,#E2725B,283
PR-01513,PC-043,297380.52,151.7,5,Slate Gray,#708090,149
PR-01514,PC-032,438585.41,90.2,3,Blush Pink,#F9C6C9,134
PR-01515,PC-034,311861.53,68.1,3,Mustard Yellow,#E1AD01,282
PR-01516,PC-013,330834.19,42.2,1,Blush Pink,#F9C6C9,50
PR-01517,PC-006,303718.02,73.5,3,Ivory White,#FFFFF0,244
PR-01518,PC-037,317808.19,57.9,1,Charcoal Black,#36454F,162
PR-01519,PC-005,412873.27,138.8,4,Sand Beige,#F4E1C1,276
PR-01520,PC-005,286119.56,35.1,2,Blush Pink,#F9C6C9,103
PR-01521,PC-025,277787.43,85.7,2,Charcoal Black,#36454F,144
PR-01522,PC-043,359833.26,191.2,7,Terracotta,#E2725B,166
PR-01523,PC-050,415189.67,188.9,6,Ivory White,#FFFFF0,37
PR-01524,PC-005,346794.12,83.8,3,Slate Gray,#708090,152
PR-01525,PC-016,365199.19,119.7,4,Blush Pink,#F9C6C9,6
PR-01526,PC-047,290711.49,55.5,1,Mustard Yellow,#E1AD01,182
PR-01527,PC-044,328929.67,56.0,2,Slate Gray,#708090,281
PR-01528,PC-042,201672.82,40.8,1,Slate Gray,#708090,204
PR-01529,PC-043,231870.4,98.7,4,Blush Pink,#F9C6C9,146
PR-01530,PC-034,451425.28,177.2,5,Forest Green,#228B22,174
PR-01531,PC-046,289346.96,101.2,2,Ivory White,#FFFFF0,180
PR-01532,PC-026,321756.78,165.2,5,Ivory White,#FFFFF0,13
PR-01533,PC-046,385892.62,170.1,6,Terracotta,#E2725B,30
PR-01534,PC-013,544047.68,204.7,7,Sand Beige,#F4E1C1,290
PR-01535,PC-025,368943.66,155.8,6,Forest Green,#228B22,212
PR-01536,PC-031,242846.73,86.9,3,Slate Gray,#708090,242
PR-01537,PC-005,428947.33,152.6,4,Sage Green,#9CAF88,47
PR-01538,PC-043,237197.07,105.5,3,Sand Beige,#F4E1C1,131
PR-01539,PC-003,249414.8,113.9,3,Forest Green,#228B22,248
PR-01540,PC-004,477993.32,168.6,6,Sky Blue,#87CEEB,97
PR-01541,PC-009,373321.14,83.5,3,Blush Pink,#F9C6C9,120
PR-01542,PC-039,492221.17,207.9,7,Sand Beige,#F4E1C1,204
PR-01543,PC-049,440418.02,103.1,2,Sage Green,#9CAF88,261
PR-01544,PC-035,246485.63,84.0,3,Ivory White,#FFFFF0,166
PR-01545,PC-032,601197.98,217.4,7,Mustard Yellow,#E1AD01,184
PR-01546,PC-009,453202.5,148.7,5,Terracotta,#E2725B,219
PR-01547,PC-004,407929.7,111.6,5,Sky Blue,#87CEEB,162
PR-01548,PC-008,539722.58,181.7,6,Sky Blue,#87CEEB,215
PR-01549,PC-038,509834.06,191.5,6,Sage Green,#9CAF88,246
PR-01550,PC-027,346307.95,87.8,3,Forest Green,#228B22,4
PR-01551,PC-032,479172.08,114.5,5,Terracotta,#E2725B,274
PR-01552,PC-015,447435.65,202.3,7,Sand Beige,#F4E1C1,50
PR-01553,PC-021,296110.49,55.5,2,Blush Pink,#F9C6C9,250
PR-01554,PC-050,389229.47,172.5,6,Sage Green,#9CAF88,274
PR-01555,PC-023,343220.39,95.6,4,Terracotta,#E2725B,217
PR-01556,PC-049,488904.56,126.4,6,Charcoal Black,#36454F,238
PR-01557,PC-025,352124.96,145.0,5,Sky Blue,#87CEEB,212
PR-01558,PC-002,285932.65,96.5,3,Charcoal Black,#36454F,30
PR-01559,PC-021,491674.4,212.2,7,Mustard Yellow,#E1AD01,147
PR-01560,PC-004,497800.4,187.5,6,Terracotta,#E2725B,297
PR-01561,PC-027,338847.79,69.9,4,Ivory White,#FFFFF0,22
PR-01562,PC-007,229452.72,95.9,4,Slate Gray,#708090,196
PR-01563,PC-017,350689.05,152.1,4,Sand Beige,#F4E1C1,178
PR-01564,PC-004,427264.07,134.3,4,Mustard Yellow,#E1AD01,221
PR-01565,PC-028,380966.47,169.8,6,Ivory White,#FFFFF0,57
PR-01566,PC-029,297086.36,216.8,7,Charcoal Black,#36454F,162
PR-01567,PC-025,372158.85,153.7,6,Mustard Yellow,#E1AD01,275
PR-01568,PC-041,386284.7,183.8,6,Mustard Yellow,#E1AD01,162
PR-01569,PC-025,384113.92,162.3,6,Slate Gray,#708090,279
PR-01570,PC-014,380072.07,129.5,3,Blush Pink,#F9C6C9,281
PR-01571,PC-032,500029.82,134.8,5,Sand Beige,#F4E1C1,55
PR-01572,PC-017,361754.96,163.2,5,Terracotta,#E2725B,142
PR-01573,PC-041,424853.06,205.6,7,Sand Beige,#F4E1C1,103
PR-01574,PC-007,361753.6,198.1,7,Sand Beige,#F4E1C1,170
PR-01575,PC-037,501297.3,200.0,6,Ivory White,#FFFFF0,165
PR-01576,PC-023,311189.43,74.3,2,Terracotta,#E2725B,135
PR-01577,PC-038,433116.09,128.2,4,Sand Beige,#F4E1C1,64
PR-01578,PC-021,490745.33,209.3,8,Charcoal Black,#36454F,116
PR-01579,PC-004,325302.44,60.3,1,Terracotta,#E2725B,96
PR-01580,PC-047,312701.35,75.7,2,Slate Gray,#708090,259
PR-01581,PC-041,320471.32,121.4,5,Forest Green,#228B22,284
PR-01582,PC-037,340486.59,69.1,2,Slate Gray,#708090,28
PR-01583,PC-019,292634.52,69.7,1,Blush Pink,#F9C6C9,142
PR-01584,PC-050,355738.24,146.8,5,Terracotta,#E2725B,165
PR-01585,PC-036,469437.83,175.7,5,Sand Beige,#F4E1C1,48
PR-01586,PC-031,256188.19,92.7,2,Terracotta,#E2725B,182
PR-01587,PC-047,293548.74,52.1,2,Mustard Yellow,#E1AD01,162
PR-01588,PC-038,327932.04,48.6,1,Blush Pink,#F9C6C9,247
PR-01589,PC-011,286683.49,57.7,2,Sky Blue,#87CEEB,3
PR-01590,PC-007,384333.47,216.1,7,Blush Pink,#F9C6C9,162
PR-01591,PC-045,321218.75,167.8,6,Blush Pink,#F9C6C9,17
PR-01592,PC-034,311209.68,62.6,2,Blush Pink,#F9C6C9,244
PR-01593,PC-034,355306.83,102.8,3,Slate Gray,#708090,107
PR-01594,PC-001,349908.17,113.9,4,Blush Pink,#F9C6C9,57
PR-01595,PC-017,417353.0,194.7,7,Terracotta,#E2725B,66
PR-01596,PC-047,432455.5,169.5,5,Forest Green,#228B22,268
PR-01597,PC-015,341111.09,119.8,4,Sand Beige,#F4E1C1,215
PR-01598,PC-034,500542.73,218.0,7,Sand Beige,#F4E1C1,32
PR-01599,PC-018,285288.19,117.8,4,Sage Green,#9CAF88,290
PR-01600,PC-028,387291.68,178.5,6,Ivory White,#FFFFF0,266
PR-01601,PC-044,448630.33,152.7,5,Sky Blue,#87CEEB,197
PR-01602,PC-040,301316.82,53.8,3,Charcoal Black,#36454F,228
PR-01603,PC-028,346405.82,148.4,5,Sky Blue,#87CEEB,269
PR-01604,PC-021,457518.12,191.5,6,Mustard Yellow,#E1AD01,25
PR-01605,PC-046,366090.08,159.1,5,Ivory White,#FFFFF0,104
PR-01606,PC-050,354528.76,148.7,5,Forest Green,#228B22,112
PR-01607,PC-035,280802.42,115.3,4,Slate Gray,#708090,9
PR-01608,PC-029,76465.55,49.2,2,Sky Blue,#87CEEB,241
PR-01609,PC-001,465906.72,204.1,6,Forest Green,#228B22,218
PR-01610,PC-037,378095.84,94.7,4,Sand Beige,#F4E1C1,85
PR-01611,PC-005,422306.28,147.1,5,Mustard Yellow,#E1AD01,277
PR-01612,PC-036,375971.16,94.9,4,Terracotta,#E2725B,171
PR-01613,PC-042,333402.14,141.9,5,Sky Blue,#87CEEB,175
PR-01614,PC-021,314227.68,74.6,2,Sage Green,#9CAF88,119
PR-01615,PC-006,265713.48,58.4,1,Charcoal Black,#36454F,177
PR-01616,PC-025,273923.36,77.4,3,Ivory White,#FFFFF0,85
PR-01617,PC-049,411586.69,74.4,2,Slate Gray,#708090,237
PR-01618,PC-019,406676.9,150.7,5,Charcoal Black,#36454F,123
PR-01619,PC-033,368979.41,85.2,3,Slate Gray,#708090,181
PR-01620,PC-031,401136.23,198.5,7,Terracotta,#E2725B,175
PR-01621,PC-027,441867.79,153.4,6,Sage Green,#9CAF88,227
PR-01622,PC-017,278842.98,90.8,4,Ivory White,#FFFFF0,293
PR-01623,PC-045,210767.36,85.1,4,Charcoal Black,#36454F,153
PR-01624,PC-021,260328.71,38.5,1,Sand Beige,#F4E1C1,4
PR-01625,PC-016,413136.03,152.2,5,Blush Pink,#F9C6C9,174
PR-01626,PC-030,273076.83,75.6,3,Sage Green,#9CAF88,274
PR-01627,PC-011,283688.8,69.6,2,Sand Beige,#F4E1C1,252
PR-01628,PC-015,268330.75,65.1,2,Charcoal Black,#36454F,159
PR-01629,PC-022,474239.19,206.0,6,Sky Blue,#87CEEB,28
PR-01630,PC-021,285787.7,52.9,2,Forest Green,#228B22,292
PR-01631,PC-015,371322.79,139.0,5,Ivory White,#FFFFF0,75
PR-01632,PC-043,341599.83,183.6,6,Sky Blue,#87CEEB,46
PR-01633,PC-018,370481.03,183.0,5,Sand Beige,#F4E1C1,147
PR-01634,PC-024,427659.06,204.6,7,Mustard Yellow,#E1AD01,35
PR-01635,PC-028,418878.71,200.2,7,Terracotta,#E2725B,230
PR-01636,PC-024,294768.19,106.8,3,Blush Pink,#F9C6C9,156
PR-01637,PC-024,384978.69,172.6,6,Ivory White,#FFFFF0,165
PR-01638,PC-029,167105.6,113.6,5,Terracotta,#E2725B,108
PR-01639,PC-004,310228.66,41.6,1,Slate Gray,#708090,203
PR-01640,PC-022,451659.87,187.5,6,Forest Green,#228B22,5
PR-01641,PC-014,442997.58,176.7,6,Mustard Yellow,#E1AD01,128
PR-01642,PC-033,351615.09,66.5,3,Slate Gray,#708090,192
PR-01643,PC-038,508086.4,184.6,6,Ivory White,#FFFFF0,221
PR-01644,PC-042,250573.87,78.1,2,Terracotta,#E2725B,8
PR-01645,PC-023,291260.79,59.3,2,Sky Blue,#87CEEB,146
PR-01646,PC-042,221509.27,58.9,1,Sand Beige,#F4E1C1,279
PR-01647,PC-027,298088.5,39.2,2,Sand Beige,#F4E1C1,114
PR-01648,PC-015,417272.11,174.3,6,Blush Pink,#F9C6C9,70
PR-01649,PC-024,223636.4,52.4,2,Forest Green,#228B22,77
PR-01650,PC-033,521252.21,205.4,6,Slate Gray,#708090,48
PR-01651,PC-047,505041.62,217.7,7,Forest Green,#228B22,280
PR-01652,PC-020,316200.14,45.3,2,Forest Green,#228B22,115
PR-01653,PC-030,329830.25,117.9,4,Sky Blue,#87CEEB,126
PR-01654,PC-002,230851.98,52.8,2,Charcoal Black,#36454F,238
PR-01655,PC-033,347583.39,80.6,1,Blush Pink,#F9C6C9,267
PR-01656,PC-004,454468.53,151.9,5,Sand Beige,#F4E1C1,284
PR-01657,PC-025,428726.14,203.1,6,Slate Gray,#708090,109
PR-01658,PC-046,277325.47,82.0,3,Terracotta,#E2725B,6
PR-01659,PC-050,261285.35,78.1,2,Sky Blue,#87CEEB,292
PR-01660,PC-026,184064.5,60.9,2,Forest Green,#228B22,172
PR-01661,PC-004,494488.39,183.1,7,Blush Pink,#F9C6C9,35
PR-01662,PC-045,313890.64,171.2,5,Sand Beige,#F4E1C1,3
PR-01663,PC-033,389885.17,108.2,3,Slate Gray,#708090,165
PR-01664,PC-015,306865.52,94.3,3,Sand Beige,#F4E1C1,148
PR-01665,PC-026,284309.03,126.8,5,Forest Green,#228B22,72
PR-01666,PC-038,425727.68,112.2,5,Charcoal Black,#36454F,166
PR-01667,PC-038,378648.41,80.0,3,Terracotta,#E2725B,148
PR-01668,PC-034,499901.11,215.6,7,Sage Green,#9CAF88,53
PR-01669,PC-005,332991.44,67.5,4,Sky Blue,#87CEEB,121
PR-01670,PC-050,371931.43,160.5,5,Charcoal Black,#36454F,237
PR-01671,PC-038,444870.02,142.3,5,Charcoal Black,#36454F,289
PR-01672,PC-033,348327.16,70.5,2,Mustard Yellow,#E1AD01,271
PR-01673,PC-005,447872.88,158.3,6,Terracotta,#E2725B,269
PR-01674,PC-034,375905.43,117.6,4,Slate Gray,#708090,76
PR-01675,PC-032,462559.51,109.3,4,Ivory White,#FFFFF0,236
PR-01676,PC-014,393105.05,140.2,5,Ivory White,#FFFFF0,125
PR-01677,PC-030,406747.96,182.1,6,Blush Pink,#F9C6C9,230
PR-01678,PC-019,448707.31,184.2,6,Mustard Yellow,#E1AD01,75
PR-01679,PC-018,284062.38,109.7,4,Ivory White,#FFFFF0,184
PR-01680,PC-036,519565.53,209.5,6,Sky Blue,#87CEEB,154
PR-01681,PC-038,417831.0,127.7,4,Sage Green,#9CAF88,47
PR-01682,PC-010,337547.9,77.2,2,Terracotta,#E2725B,46
PR-01683,PC-010,459686.4,166.2,5,Forest Green,#228B22,121
PR-01684,PC-012,333464.84,112.8,3,Charcoal Black,#36454F,198
PR-01685,PC-033,495047.1,185.2,6,Sage Green,#9CAF88,10
PR-01686,PC-017,353029.34,151.2,6,Charcoal Black,#36454F,291
PR-01687,PC-026,379711.95,209.1,7,Terracotta,#E2725B,191
PR-01688,PC-043,193806.87,63.9,3,Sky Blue,#87CEEB,101
PR-01689,PC-044,409885.29,121.4,4,Sage Green,#9CAF88,124
PR-01690,PC-013,357915.3,61.7,2,Sand Beige,#F4E1C1,269
PR-01691,PC-025,257774.38,69.8,2,Sage Green,#9CAF88,111
PR-01692,PC-005,520101.45,216.1,7,Sand Beige,#F4E1C1,297
PR-01693,PC-023,285168.55,56.5,2,Blush Pink,#F9C6C9,90
PR-01694,PC-024,230646.9,59.6,1,Ivory White,#FFFFF0,290
PR-01695,PC-041,425749.64,206.9,7,Blush Pink,#F9C6C9,20
PR-01696,PC-043,157772.0,45.2,1,Sand Beige,#F4E1C1,242
PR-01697,PC-036,329969.27,61.4,2,Charcoal Black,#36454F,120
PR-01698,PC-010,391277.35,105.1,3,Sky Blue,#87CEEB,267
PR-01699,PC-035,252203.45,88.0,3,Blush Pink,#F9C6C9,111
PR-01700,PC-012,340807.82,113.7,3,Sky Blue,#87CEEB,133
PR-01701,PC-026,182551.89,57.7,3,Terracotta,#E2725B,50
PR-01702,PC-048,487001.85,125.7,5,Slate Gray,#708090,104
PR-01703,PC-041,436553.78,217.7,7,Sand Beige,#F4E1C1,8
PR-01704,PC-033,400871.7,112.6,3,Terracotta,#E2725B,179
PR-01705,PC-027,319290.68,62.6,2,Blush Pink,#F9C6C9,283
PR-01706,PC-027,368894.34,96.0,4,Slate Gray,#708090,244
PR-01707,PC-025,400999.42,180.5,5,Charcoal Black,#36454F,13
PR-01708,PC-029,253469.65,182.6,7,Terracotta,#E2725B,238
PR-01709,PC-027,475663.38,181.2,6,Forest Green,#228B22,73
PR-01710,PC-009,369579.37,84.4,3,Sage Green,#9CAF88,263
PR-01711,PC-003,334713.42,182.4,5,Charcoal Black,#36454F,234
PR-01712,PC-022,493970.54,212.1,7,Sand Beige,#F4E1C1,115
PR-01713,PC-010,301581.24,38.1,2,Slate Gray,#708090,297
PR-01714,PC-037,468676.02,167.7,6,Blush Pink,#F9C6C9,273
PR-01715,PC-039,384636.93,127.3,4,Mustard Yellow,#E1AD01,164
PR-01716,PC-048,467482.03,114.7,3,Sky Blue,#87CEEB,88
PR-01717,PC-037,340880.18,74.6,2,Forest Green,#228B22,287
PR-01718,PC-050,425241.41,199.8,7,Sky Blue,#87CEEB,140
PR-01719,PC-025,324806.18,123.6,3,Ivory White,#FFFFF0,277
PR-01720,PC-046,277230.76,88.3,3,Sand Beige,#F4E1C1,50
PR-01721,PC-009,443524.65,140.6,4,Sage Green,#9CAF88,185
PR-01722,PC-014,471959.3,205.7,6,Charcoal Black,#36454F,218
PR-01723,PC-013,422257.33,124.3,3,Sage Green,#9CAF88,206
PR-01724,PC-049,421348.8,73.9,3,Sand Beige,#F4E1C1,49
PR-01725,PC-026,301773.96,148.0,5,Sky Blue,#87CEEB,186
PR-01726,PC-018,332367.04,156.4,4,Ivory White,#FFFFF0,29
PR-01727,PC-030,257722.78,59.4,2,Sand Beige,#F4E1C1,100
PR-01728,PC-033,321761.2,55.4,1,Blush Pink,#F9C6C9,89
PR-01729,PC-014,284217.35,61.4,1,Mustard Yellow,#E1AD01,146
PR-01730,PC-003,347762.83,193.0,5,Sky Blue,#87CEEB,111
PR-01731,PC-047,376039.46,120.4,4,Blush Pink,#F9C6C9,231
PR-01732,PC-025,418902.84,184.4,7,Charcoal Black,#36454F,50
PR-01733,PC-047,361614.23,113.2,3,Sky Blue,#87CEEB,286
PR-01734,PC-050,431330.22,209.0,8,Sage Green,#9CAF88,99
PR-01735,PC-038,332263.98,62.2,1,Ivory White,#FFFFF0,110
PR-01736,PC-013,438660.84,117.8,5,Ivory White,#FFFFF0,144
PR-01737,PC-015,451428.56,200.9,7,Charcoal Black,#36454F,261
PR-01738,PC-016,368112.57,123.5,4,Charcoal Black,#36454F,158
PR-01739,PC-008,416175.5,90.1,3,Charcoal Black,#36454F,41
PR-01740,PC-020,418461.95,128.8,3,Mustard Yellow,#E1AD01,246
PR-01741,PC-029,103220.56,71.2,2,Sky Blue,#87CEEB,286
PR-01742,PC-006,393649.73,152.7,5,Sky Blue,#87CEEB,254
PR-01743,PC-038,345497.3,63.5,2,Slate Gray,#708090,217
PR-01744,PC-003,331184.23,162.4,6,Blush Pink,#F9C6C9,116
PR-01745,PC-013,539036.98,202.9,7,Sand Beige,#F4E1C1,177
PR-01746,PC-007,158646.64,44.8,1,Mustard Yellow,#E1AD01,80
PR-01747,PC-020,408219.99,118.9,4,Charcoal Black,#36454F,193
PR-01748,PC-038,501905.07,178.4,6,Charcoal Black,#36454F,58
PR-01749,PC-024,426416.78,209.2,6,Ivory White,#FFFFF0,147
PR-01750,PC-019,482827.3,209.5,7,Mustard Yellow,#E1AD01,33
PR-01751,PC-045,371542.97,209.4,7,Terracotta,#E2725B,125
PR-01752,PC-021,448018.8,183.3,6,Sage Green,#9CAF88,293
PR-01753,PC-030,297362.36,92.6,4,Ivory White,#FFFFF0,90
PR-01754,PC-033,450485.29,151.1,5,Mustard Yellow,#E1AD01,287
PR-01755,PC-016,412880.46,156.6,5,Forest Green,#228B22,283
PR-01756,PC-007,152164.05,41.2,1,Sand Beige,#F4E1C1,130
PR-01757,PC-021,356411.88,108.0,4,Mustard Yellow,#E1AD01,281
PR-01758,PC-050,275307.3,82.2,4,Sand Beige,#F4E1C1,117
PR-01759,PC-035,310502.22,132.6,5,Sage Green,#9CAF88,224
PR-01760,PC-048,380522.99,43.0,2,Sky Blue,#87CEEB,221
PR-01761,PC-039,314461.73,83.2,2,Sage Green,#9CAF88,150
PR-01762,PC-046,336383.4,127.6,5,Blush Pink,#F9C6C9,107
PR-01763,PC-018,327615.06,156.0,4,Blush Pink,#F9C6C9,253
PR-01764,PC-036,486487.94,183.4,5,Sand Beige,#F4E1C1,123
PR-01765,PC-044,364634.96,93.9,3,Sand Beige,#F4E1C1,121
PR-01766,PC-025,445620.24,215.7,8,Ivory White,#FFFFF0,71
PR-01767,PC-016,273811.54,44.6,2,Slate Gray,#708090,120
PR-01768,PC-041,209210.04,47.2,1,Forest Green,#228B22,4
PR-01769,PC-049,544247.56,181.9,5,Sky Blue,#87CEEB,116
PR-01770,PC-045,210677.91,87.7,3,Sky Blue,#87CEEB,183
PR-01771,PC-002,203747.69,35.1,1,Blush Pink,#F9C6C9,51
PR-01772,PC-005,287218.81,41.6,1,Charcoal Black,#36454F,198
PR-01773,PC-050,235765.37,53.2,2,Blush Pink,#F9C6C9,239
PR-01774,PC-014,331609.27,93.4,3,Ivory White,#FFFFF0,27
PR-01775,PC-050,310534.48,119.2,3,Slate Gray,#708090,88
PR-01776,PC-022,374274.37,123.2,3,Mustard Yellow,#E1AD01,57
PR-01777,PC-007,351801.63,194.4,6,Terracotta,#E2725B,263
PR-01778,PC-036,427277.82,142.0,4,Sky Blue,#87CEEB,290
PR-01779,PC-036,479684.91,183.1,6,Terracotta,#E2725B,191
PR-01780,PC-038,505573.77,183.2,6,Sky Blue,#87CEEB,110
PR-01781,PC-033,532059.67,209.7,8,Terracotta,#E2725B,160
PR-01782,PC-050,281796.07,82.9,4,Terracotta,#E2725B,181
PR-01783,PC-026,250140.55,114.3,4,Forest Green,#228B22,200
PR-01784,PC-028,340321.13,144.0,5,Ivory White,#FFFFF0,122
PR-01785,PC-020,524488.39,206.4,7,Forest Green,#228B22,222
PR-01786,PC-022,470931.89,192.7,8,Sand Beige,#F4E1C1,243
PR-01787,PC-003,309089.73,157.1,5,Ivory White,#FFFFF0,227
PR-01788,PC-003,282270.62,137.6,4,Terracotta,#E2725B,242
PR-01789,PC-044,465043.6,164.0,5,Forest Green,#228B22,17
PR-01790,PC-033,417153.47,124.6,5,Blush Pink,#F9C6C9,68
PR-01791,PC-028,219716.34,54.5,2,Forest Green,#228B22,151
PR-01792,PC-023,330821.41,87.2,2,Sage Green,#9CAF88,93
PR-01793,PC-020,428814.01,137.8,3,Mustard Yellow,#E1AD01,212
PR-01794,PC-017,278563.54,94.8,3,Forest Green,#228B22,275
PR-01795,PC-004,468993.52,168.6,5,Charcoal Black,#36454F,115
PR-01796,PC-023,456650.75,184.2,6,Sky Blue,#87CEEB,172
PR-01797,PC-024,417299.44,201.4,6,Charcoal Black,#36454F,59
PR-01798,PC-049,511863.36,152.4,5,Sage Green,#9CAF88,243
PR-01799,PC-028,259148.2,81.3,3,Ivory White,#FFFFF0,148
PR-01800,PC-045,265227.11,123.8,5,Charcoal Black,#36454F,86
PR-01801,PC-010,502753.06,198.8,7,Terracotta,#E2725B,149
PR-01802,PC-039,439150.66,167.5,6,Sand Beige,#F4E1C1,211
PR-01803,PC-012,365557.05,125.8,6,Slate Gray,#708090,210
PR-01804,PC-008,482942.84,140.1,5,Terracotta,#E2725B,25
PR-01805,PC-010,355236.48,83.5,3,Slate Gray,#708090,296
PR-01806,PC-006,365462.47,132.4,4,Slate Gray,#708090,138
PR-01807,PC-036,526662.38,217.0,7,Charcoal Black,#36454F,282
PR-01808,PC-045,372870.68,210.3,7,Mustard Yellow,#E1AD01,200
PR-01809,PC-029,153745.85,110.2,3,Blush Pink,#F9C6C9,77
PR-01810,PC-020,375988.8,100.5,2,Mustard Yellow,#E1AD01,209
PR-01811,PC-011,371491.11,133.4,4,Sky Blue,#87CEEB,144
PR-01812,PC-036,478387.84,179.1,6,Charcoal Black,#36454F,73
PR-01813,PC-022,267702.31,42.6,1,Sand Beige,#F4E1C1,38
PR-01814,PC-012,389723.92,146.1,5,Sky Blue,#87CEEB,218
PR-01815,PC-007,387748.51,217.2,7,Charcoal Black,#36454F,274
PR-01816,PC-016,296297.23,64.0,3,Forest Green,#228B22,285
PR-01817,PC-015,439978.15,198.4,6,Blush Pink,#F9C6C9,179
PR-01818,PC-007,298704.31,148.6,5,Terracotta,#E2725B,218
PR-01819,PC-009,531768.43,209.0,7,Terracotta,#E2725B,71
PR-01820,PC-001,485138.77,218.4,7,Charcoal Black,#36454F,208
PR-01821,PC-039,373637.56,121.7,4,Charcoal Black,#36454F,237
PR-01822,PC-031,411950.71,211.2,7,Slate Gray,#708090,213
PR-01823,PC-014,477771.5,205.7,7,Forest Green,#228B22,124
PR-01824,PC-003,333831.26,166.8,7,Slate Gray,#708090,108
PR-01825,PC-043,152701.15,36.0,2,Sage Green,#9CAF88,35
PR-01826,PC-041,390549.66,185.6,6,Sage Green,#9CAF88,188
PR-01827,PC-032,548200.61,165.4,6,Sage Green,#9CAF88,274
PR-01828,PC-011,456281.56,195.4,7,Sky Blue,#87CEEB,4
PR-01829,PC-046,251341.22,71.5,2,Sage Green,#9CAF88,252
PR-01830,PC-019,372976.1,117.3,5,Blush Pink,#F9C6C9,3
PR-01831,PC-019,398931.03,148.7,4,Forest Green,#228B22,49
PR-01832,PC-038,546474.28,217.0,7,Blush Pink,#F9C6C9,296
PR-01833,PC-022,268383.8,40.9,1,Ivory White,#FFFFF0,65
PR-01834,PC-036,392973.21,109.6,4,Slate Gray,#708090,290
PR-01835,PC-024,365472.0,161.7,5,Mustard Yellow,#E1AD01,115
PR-01836,PC-016,323609.67,90.3,3,Sand Beige,#F4E1C1,37
PR-01837,PC-047,369509.62,117.2,4,Blush Pink,#F9C6C9,257
PR-01838,PC-010,300095.07,45.7,1,Ivory White,#FFFFF0,188
PR-01839,PC-040,332054.72,74.7,3,Charcoal Black,#36454F,60
PR-01840,PC-030,320943.39,107.5,4,Sky Blue,#87CEEB,17
PR-01841,PC-007,216374.55,86.6,3,Sand Beige,#F4E1C1,127
PR-01842,PC-006,392662.42,144.2,6,Forest Green,#228B22,5
PR-01843,PC-015,241049.5,40.8,1,Sand Beige,#F4E1C1,276
PR-01844,PC-021,364440.18,116.0,4,Sky Blue,#87CEEB,153
PR-01845,PC-037,314648.79,57.8,2,Sky Blue,#87CEEB,35
PR-01846,PC-047,377458.3,125.1,4,Charcoal Black,#36454F,212
PR-01847,PC-006,449677.44,186.9,7,Charcoal Black,#36454F,108
PR-01848,PC-028,201148.33,36.0,1,Slate Gray,#708090,263
PR-01849,PC-036,469720.9,167.0,6,Charcoal Black,#36454F,62
PR-01850,PC-013,479545.12,158.1,5,Terracotta,#E2725B,282
PR-01851,PC-046,278189.15,77.5,4,Mustard Yellow,#E1AD01,45
PR-01852,PC-004,499563.38,186.5,7,Slate Gray,#708090,81
PR-01853,PC-023,398896.39,145.0,5,Mustard Yellow,#E1AD01,157
PR-01854,PC-023,365080.31,115.2,4,Sand Beige,#F4E1C1,130
PR-01855,PC-031,202631.83,50.2,2,Slate Gray,#708090,130
PR-01856,PC-047,473804.19,195.4,6,Mustard Yellow,#E1AD01,128
PR-01857,PC-009,408977.29,115.6,3,Sky Blue,#87CEEB,274
PR-01858,PC-003,249321.61,108.6,3,Slate Gray,#708090,108
PR-01859,PC-018,395692.11,200.0,6,Slate Gray,#708090,232
PR-01860,PC-029,234752.4,173.8,5,Terracotta,#E2725B,157
PR-01861,PC-031,328238.97,146.8,5,Sand Beige,#F4E1C1,116
PR-01862,PC-002,247414.1,70.0,2,Mustard Yellow,#E1AD01,298
PR-01863,PC-020,445226.58,147.6,5,Sky Blue,#87CEEB,17
PR-01864,PC-001,314345.2,83.2,3,Terracotta,#E2725B,298
PR-01865,PC-036,400303.89,115.3,4,Slate Gray,#708090,176
PR-01866,PC-031,408772.58,216.2,6,Ivory White,#FFFFF0,92
PR-01867,PC-003,293044.0,146.5,4,Blush Pink,#F9C6C9,9
PR-01868,PC-033,516737.86,193.7,7,Mustard Yellow,#E1AD01,90
PR-01869,PC-048,498047.29,133.6,5,Slate Gray,#708090,23
PR-01870,PC-012,337786.5,108.8,4,Sky Blue,#87CEEB,29
PR-01871,PC-044,506699.88,197.4,6,Sky Blue,#87CEEB,237
PR-01872,PC-004,444140.58,146.6,5,Sand Beige,#F4E1C1,124
PR-01873,PC-036,510704.42,203.0,7,Sky Blue,#87CEEB,2
PR-01874,PC-003,254431.76,104.5,4,Sand Beige,#F4E1C1,35
PR-01875,PC-016,470355.93,196.0,7,Sand Beige,#F4E1C1,54
PR-01876,PC-019,313502.12,76.3,3,Slate Gray,#708090,155
PR-01877,PC-013,391643.32,92.6,2,Ivory White,#FFFFF0,5
PR-01878,PC-003,352907.75,188.0,6,Slate Gray,#708090,238
PR-01879,PC-025,346672.71,138.2,5,Sage Green,#9CAF88,216
PR-01880,PC-005,297097.78,44.0,2,Ivory White,#FFFFF0,246
PR-01881,PC-022,431167.44,160.4,6,Terracotta,#E2725B,119
PR-01882,PC-048,572373.43,194.9,6,Sky Blue,#87CEEB,69
PR-01883,PC-012,455515.92,205.0,6,Charcoal Black,#36454F,101
PR-01884,PC-023,402229.46,149.0,4,Forest Green,#228B22,4
PR-01885,PC-016,302426.21,63.4,3,Sage Green,#9CAF88,20
PR-01886,PC-049,510274.77,154.3,4,Sand Beige,#F4E1C1,197
PR-01887,PC-026,186906.8,64.5,2,Charcoal Black,#36454F,271
PR-01888,PC-004,516800.91,205.8,7,Ivory White,#FFFFF0,268
PR-01889,PC-045,141086.4,35.8,2,Forest Green,#228B22,286
PR-01890,PC-033,450934.44,154.5,4,Blush Pink,#F9C6C9,7
PR-01891,PC-027,426608.72,153.2,5,Slate Gray,#708090,247
PR-01892,PC-028,352018.34,154.5,5,Charcoal Black,#36454F,150
PR-01893,PC-035,267168.63,98.8,4,Sage Green,#9CAF88,201
PR-01894,PC-003,299737.37,146.6,5,Sky Blue,#87CEEB,97
PR-01895,PC-048,449542.18,97.8,4,Blush Pink,#F9C6C9,188
PR-01896,PC-020,451486.39,163.8,5,Sky Blue,#87CEEB,103
PR-01897,PC-038,309407.03,38.5,1,Terracotta,#E2725B,63
PR-01898,PC-022,411695.5,150.8,5,Sand Beige,#F4E1C1,298
PR-01899,PC-037,488892.59,184.3,6,Mustard Yellow,#E1AD01,257
PR-01900,PC-009,320099.28,46.7,2,Sand Beige,#F4E1C1,194
PR-01901,PC-016,394758.43,145.9,5,Slate Gray,#708090,223
PR-01902,PC-045,294567.46,158.1,5,Mustard Yellow,#E1AD01,44
PR-01903,PC-006,473636.62,214.0,7,Sand Beige,#F4E1C1,127
PR-01904,PC-022,394567.43,132.1,5,Terracotta,#E2725B,17
PR-01905,PC-040,306071.73,70.2,1,Forest Green,#228B22,132
PR-01906,PC-015,309573.08,96.1,3,Sky Blue,#87CEEB,92
PR-01907,PC-027,470033.6,180.5,7,Slate Gray,#708090,29
PR-01908,PC-028,375640.21,172.8,5,Blush Pink,#F9C6C9,78
PR-01909,PC-033,490177.94,175.7,6,Slate Gray,#708090,111
PR-01910,PC-027,413344.63,130.0,6,Sage Green,#9CAF88,57
PR-01911,PC-049,464275.44,119.9,4,Forest Green,#228B22,150
PR-01912,PC-029,236326.0,164.7,7,Sky Blue,#87CEEB,253
PR-01913,PC-039,485743.45,212.8,7,Blush Pink,#F9C6C9,107
PR-01914,PC-028,267445.99,89.8,3,Sand Beige,#F4E1C1,152
PR-01915,PC-005,494876.05,199.1,7,Sage Green,#9CAF88,274
PR-01916,PC-047,435276.96,169.2,5,Slate Gray,#708090,259
PR-01917,PC-003,290712.87,143.1,5,Charcoal Black,#36454F,289
PR-01918,PC-014,355520.93,104.6,4,Ivory White,#FFFFF0,213
PR-01919,PC-013,468050.32,154.4,4,Sky Blue,#87CEEB,136
PR-01920,PC-040,481603.48,186.9,6,Mustard Yellow,#E1AD01,83
PR-01921,PC-034,285118.51,40.5,2,Mustard Yellow,#E1AD01,272
PR-01922,PC-007,311429.62,153.4,6,Slate Gray,#708090,279
PR-01923,PC-027,380689.49,111.4,4,Sky Blue,#87CEEB,90
PR-01924,PC-014,445734.24,174.9,6,Sand Beige,#F4E1C1,155
PR-01925,PC-040,405568.17,132.7,5,Sky Blue,#87CEEB,87
PR-01926,PC-027,509419.63,213.9,6,Charcoal Black,#36454F,148
PR-01927,PC-033,445393.85,150.1,4,Terracotta,#E2725B,154
PR-01928,PC-018,324340.78,147.5,5,Sage Green,#9CAF88,175
PR-01929,PC-035,367333.23,175.4,6,Blush Pink,#F9C6C9,165
PR-01930,PC-023,488853.4,209.2,7,Terracotta,#E2725B,128
PR-01931,PC-047,431969.15,168.2,5,Charcoal Black,#36454F,241
PR-01932,PC-034,499427.96,208.6,7,Forest Green,#228B22,1
PR-01933,PC-036,523899.78,212.9,8,Sky Blue,#87CEEB,51
PR-01934,PC-031,254651.98,87.5,3,Forest Green,#228B22,278
PR-01935,PC-046,285817.2,91.7,3,Ivory White,#FFFFF0,108
PR-01936,PC-014,326711.74,85.7,3,Slate Gray,#708090,248
PR-01937,PC-046,420270.7,189.6,6,Sage Green,#9CAF88,299
PR-01938,PC-005,473105.04,180.9,7,Ivory White,#FFFFF0,269
PR-01939,PC-024,237859.44,60.3,2,Sky Blue,#87CEEB,174
PR-01940,PC-025,336631.14,134.7,4,Sage Green,#9CAF88,135
PR-01941,PC-014,370496.02,117.5,5,Ivory White,#FFFFF0,278
PR-01942,PC-009,423321.96,124.4,4,Slate Gray,#708090,198
PR-01943,PC-047,491982.56,202.8,7,Charcoal Black,#36454F,286
PR-01944,PC-007,346156.75,186.5,6,Blush Pink,#F9C6C9,82
PR-01945,PC-017,292981.22,108.8,4,Slate Gray,#708090,31
PR-01946,PC-048,482249.61,126.5,4,Terracotta,#E2725B,29
PR-01947,PC-041,306564.27,114.6,4,Sand Beige,#F4E1C1,2
PR-01948,PC-006,327379.31,103.4,3,Blush Pink,#F9C6C9,254
PR-01949,PC-026,208511.76,86.3,2,Ivory White,#FFFFF0,144
PR-01950,PC-033,450818.95,156.3,4,Sand Beige,#F4E1C1,177
PR-01951,PC-044,474427.54,164.3,6,Charcoal Black,#36454F,272
PR-01952,PC-047,412406.89,137.9,6,Forest Green,#228B22,147
PR-01953,PC-048,417828.68,79.5,2,Sand Beige,#F4E1C1,217
PR-01954,PC-034,499996.62,208.4,7,Forest Green,#228B22,42
PR-01955,PC-031,231520.92,73.1,3,Ivory White,#FFFFF0,76
PR-01956,PC-019,283427.21,49.0,2,Terracotta,#E2725B,136
PR-01957,PC-005,293120.78,43.8,2,Forest Green,#228B22,135
PR-01958,PC-016,474942.91,208.2,6,Mustard Yellow,#E1AD01,130
PR-01959,PC-047,467143.08,187.6,7,Mustard Yellow,#E1AD01,215
PR-01960,PC-029,274550.84,202.6,6,Sky Blue,#87CEEB,291
PR-01961,PC-036,505834.7,199.5,7,Sky Blue,#87CEEB,56
PR-01962,PC-026,388648.04,216.1,7,Terracotta,#E2725B,75
PR-01963,PC-036,474776.92,176.6,6,Sky Blue,#87CEEB,255
PR-01964,PC-022,463819.23,191.4,6,Terracotta,#E2725B,16
PR-01965,PC-004,387936.26,108.6,3,Blush Pink,#F9C6C9,232
PR-01966,PC-026,208034.51,74.2,3,Mustard Yellow,#E1AD01,157
PR-01967,PC-003,382601.32,208.9,7,Ivory White,#FFFFF0,98
PR-01968,PC-049,603245.13,216.1,8,Slate Gray,#708090,28
PR-01969,PC-014,280753.7,40.3,3,Ivory White,#FFFFF0,34
PR-01970,PC-003,175016.5,46.1,2,Slate Gray,#708090,52
PR-01971,PC-039,383305.18,137.5,4,Forest Green,#228B22,208
PR-01972,PC-042,266732.17,90.1,2,Sage Green,#9CAF88,43
PR-01973,PC-041,379558.29,183.7,5,Sage Green,#9CAF88,123
PR-01974,PC-045,289880.62,145.4,5,Sky Blue,#87CEEB,111
PR-01975,PC-004,531765.49,213.4,6,Charcoal Black,#36454F,101
PR-01976,PC-018,263001.03,96.1,3,Ivory White,#FFFFF0,42
PR-01977,PC-017,351675.36,148.4,5,Forest Green,#228B22,90
PR-01978,PC-029,88440.7,59.5,2,Sky Blue,#87CEEB,82
PR-01979,PC-018,335097.86,149.5,5,Sage Green,#9CAF88,191
PR-01980,PC-020,498848.88,189.5,6,Forest Green,#228B22,139
PR-01981,PC-008,465743.99,128.8,4,Blush Pink,#F9C6C9,171
PR-01982,PC-014,479842.56,209.0,6,Ivory White,#FFFFF0,254
PR-01983,PC-026,292007.01,140.3,4,Terracotta,#E2725B,197
PR-01984,PC-004,534358.32,215.3,7,Sage Green,#9CAF88,204
PR-01985,PC-013,333619.14,39.7,2,Charcoal Black,#36454F,26
PR-01986,PC-014,303723.74,75.8,2,Ivory White,#FFFFF0,166
PR-01987,PC-021,372184.47,117.1,4,Forest Green,#228B22,87
PR-01988,PC-014,272138.28,53.5,1,Sky Blue,#87CEEB,194
PR-01989,PC-045,306920.47,159.3,6,Terracotta,#E2725B,190
PR-01990,PC-043,361510.73,201.1,6,Blush Pink,#F9C6C9,117
PR-01991,PC-008,341359.38,35.0,1,Sand Beige,#F4E1C1,200
PR-01992,PC-012,321372.45,97.6,4,Sky Blue,#87CEEB,126
PR-01993,PC-050,220794.0,53.6,1,Forest Green,#228B22,137
PR-01994,PC-025,319688.73,114.8,5,Sage Green,#9CAF88,19
PR-01995,PC-020,389174.58,104.0,3,Blush Pink,#F9C6C9,212
PR-01996,PC-028,429314.57,217.0,7,Sand Beige,#F4E1C1,2
PR-01997,PC-042,242080.08,66.6,3,Sand Beige,#F4E1C1,166
PR-01998,PC-027,462540.73,180.5,5,Sky Blue,#87CEEB,71
PR-01999,PC-018,400758.6,204.9,7,Mustard Yellow,#E1AD01,110
PR-02000,PC-008,429118.24,96.9,3,Ivory White,#FFFFF0,204
PR-02001,PC-030,295495.29,95.5,3,Ivory White,#FFFFF0,148
PR-02002,PC-039,457654.78,183.9,6,Mustard Yellow,#E1AD01,217
PR-02003,PC-001,458228.61,194.5,6,Slate Gray,#708090,263
PR-02004,PC-028,270191.87,88.2,3,Terracotta,#E2725B,253
PR-02005,PC-007,165181.41,51.7,1,Charcoal Black,#36454F,230
PR-02006,PC-022,304753.92,60.1,3,Sand Beige,#F4E1C1,123
PR-02007,PC-024,384132.36,171.4,6,Charcoal Black,#36454F,221
PR-02008,PC-030,329847.06,119.5,3,Forest Green,#228B22,226
PR-02009,PC-040,305713.63,56.7,2,Sky Blue,#87CEEB,133
PR-02010,PC-040,510137.83,220.0,7,Charcoal Black,#36454F,6
PR-02011,PC-006,370851.64,132.8,4,Blush Pink,#F9C6C9,175
PR-02012,PC-029,278693.63,201.1,7,Charcoal Black,#36454F,257
PR-02013,PC-038,505022.93,180.6,7,Sky Blue,#87CEEB,109
PR-02014,PC-041,434756.04,213.6,7,Sky Blue,#87CEEB,99
PR-02015,PC-015,389070.55,161.9,5,Sage Green,#9CAF88,242
PR-02016,PC-014,311454.7,80.6,2,Charcoal Black,#36454F,173
PR-02017,PC-044,349726.27,76.1,3,Mustard Yellow,#E1AD01,180
PR-02018,PC-015,359752.12,133.3,4,Sage Green,#9CAF88,220
PR-02019,PC-019,347645.61,111.0,3,Sky Blue,#87CEEB,255
PR-02020,PC-037,313497.56,55.1,1,Charcoal Black,#36454F,255
PR-02021,PC-004,364205.06,81.8,3,Terracotta,#E2725B,40
PR-02022,PC-005,291799.19,43.9,2,Slate Gray,#708090,114
PR-02023,PC-030,295831.23,98.4,3,Terracotta,#E2725B,210
PR-02024,PC-017,321939.98,136.6,4,Ivory White,#FFFFF0,100
PR-02025,PC-024,374290.66,164.0,5,Slate Gray,#708090,220
PR-02026,PC-047,283389.52,43.4,2,Forest Green,#228B22,235
PR-02027,PC-002,324017.33,130.1,4,Sky Blue,#87CEEB,52
PR-02028,PC-047,412613.15,156.2,4,Terracotta,#E2725B,257
PR-02029,PC-036,334805.93,73.5,2,Slate Gray,#708090,89
PR-02030,PC-014,471007.81,201.7,6,Charcoal Black,#36454F,106
PR-02031,PC-019,487592.97,203.5,8,Sage Green,#9CAF88,236
PR-02032,PC-028,373195.73,165.4,6,Slate Gray,#708090,165
PR-02033,PC-041,400007.85,197.7,6,Slate Gray,#708090,233
PR-02034,PC-027,338304.83,76.3,3,Charcoal Black,#36454F,171
PR-02035,PC-040,388565.66,120.4,5,Charcoal Black,#36454F,125
PR-02036,PC-025,388340.23,167.3,6,Slate Gray,#708090,26
PR-02037,PC-038,475010.09,162.8,5,Sand Beige,#F4E1C1,230
PR-02038,PC-049,491574.4,138.1,5,Ivory White,#FFFFF0,198
PR-02039,PC-009,417920.45,119.4,3,Ivory White,#FFFFF0,139
PR-02040,PC-007,159261.0,49.8,1,Sand Beige,#F4E1C1,110
PR-02041,PC-039,451019.48,179.9,6,Forest Green,#228B22,167
PR-02042,PC-014,317800.86,80.9,3,Ivory White,#FFFFF0,142
PR-02043,PC-021,412369.7,151.1,5,Sand Beige,#F4E1C1,284
PR-02044,PC-036,494889.83,190.9,6,Sage Green,#9CAF88,298
PR-02045,PC-039,282688.98,49.3,2,Charcoal Black,#36454F,127
PR-02046,PC-017,258521.04,79.1,1,Forest Green,#228B22,185
PR-02047,PC-006,458734.06,196.1,6,Terracotta,#E2725B,71
PR-02048,PC-043,270870.2,136.2,5,Ivory White,#FFFFF0,184
PR-02049,PC-029,248631.46,178.5,6,Slate Gray,#708090,293
PR-02050,PC-041,328891.12,139.5,3,Charcoal Black,#36454F,97
PR-02051,PC-008,462192.37,122.3,4,Sage Green,#9CAF88,288
PR-02052,PC-011,415616.73,161.5,6,Mustard Yellow,#E1AD01,243
PR-02053,PC-037,437928.73,146.2,4,Sage Green,#9CAF88,27
PR-02054,PC-032,517308.68,151.3,5,Mustard Yellow,#E1AD01,143
PR-02055,PC-006,343866.35,103.2,4,Charcoal Black,#36454F,19
PR-02056,PC-044,416096.81,126.9,3,Sand Beige,#F4E1C1,234
PR-02057,PC-046,381196.85,165.4,6,Blush Pink,#F9C6C9,70
PR-02058,PC-030,267384.87,76.2,2,Terracotta,#E2725B,253
PR-02059,PC-017,337886.03,142.0,4,Blush Pink,#F9C6C9,119
PR-02060,PC-029,152904.01,106.7,4,Sand Beige,#F4E1C1,151
PR-02061,PC-042,343263.98,146.1,5,Slate Gray,#708090,189
PR-02062,PC-048,393121.52,54.6,2,Sky Blue,#87CEEB,108
PR-02063,PC-031,189309.72,39.9,1,Sage Green,#9CAF88,175
PR-02064,PC-045,322066.48,167.1,7,Sand Beige,#F4E1C1,178
PR-02065,PC-047,328871.18,84.8,2,Charcoal Black,#36454F,264
PR-02066,PC-002,242344.39,62.5,2,Slate Gray,#708090,71
PR-02067,PC-016,298878.76,65.8,2,Charcoal Black,#36454F,199
PR-02068,PC-014,402260.75,136.0,5,Forest Green,#228B22,238
PR-02069,PC-035,205986.19,54.4,2,Ivory White,#FFFFF0,160
PR-02070,PC-048,434082.27,89.4,3,Slate Gray,#708090,93
PR-02071,PC-047,270259.79,36.8,1,Sand Beige,#F4E1C1,156
PR-02072,PC-038,321838.3,41.4,2,Ivory White,#FFFFF0,275
PR-02073,PC-030,267756.32,75.2,2,Terracotta,#E2725B,131
PR-02074,PC-046,370229.33,160.9,5,Mustard Yellow,#E1AD01,220
PR-02075,PC-019,391199.21,138.5,5,Mustard Yellow,#E1AD01,115
PR-02076,PC-028,332693.69,140.8,4,Charcoal Black,#36454F,292
PR-02077,PC-007,233091.87,98.9,3,Blush Pink,#F9C6C9,269
PR-02078,PC-038,394485.58,100.0,3,Sand Beige,#F4E1C1,140
PR-02079,PC-001,408434.76,163.6,5,Forest Green,#228B22,55
PR-02080,PC-026,173520.19,52.4,1,Mustard Yellow,#E1AD01,95
PR-02081,PC-008,569481.34,206.7,7,Sage Green,#9CAF88,80
PR-02082,PC-006,280209.63,62.8,1,Sage Green,#9CAF88,16
PR-02083,PC-032,562555.68,186.1,6,Blush Pink,#F9C6C9,204
PR-02084,PC-031,357757.99,179.9,5,Sand Beige,#F4E1C1,175
PR-02085,PC-015,335203.05,116.1,4,Blush Pink,#F9C6C9,47
PR-02086,PC-029,290041.26,205.5,8,Sand Beige,#F4E1C1,64
PR-02087,PC-050,236357.05,55.3,2,Sand Beige,#F4E1C1,4
PR-02088,PC-004,523332.14,210.3,7,Forest Green,#228B22,35
PR-02089,PC-007,209148.89,81.3,3,Terracotta,#E2725B,184
PR-02090,PC-039,509536.98,219.6,8,Sand Beige,#F4E1C1,238
PR-02091,PC-006,323065.2,95.8,3,Mustard Yellow,#E1AD01,46
PR-02092,PC-021,323504.43,88.3,2,Forest Green,#228B22,284
PR-02093,PC-030,456436.45,214.8,8,Mustard Yellow,#E1AD01,85
PR-02094,PC-041,359649.33,159.9,5,Ivory White,#FFFFF0,181
PR-02095,PC-042,224258.4,54.2,2,Forest Green,#228B22,129
PR-02096,PC-016,465021.21,193.4,6,Ivory White,#FFFFF0,45
PR-02097,PC-038,345332.81,61.7,2,Forest Green,#228B22,171
PR-02098,PC-015,304185.17,93.2,3,Blush Pink,#F9C6C9,75
PR-02099,PC-015,336855.82,123.0,3,Blush Pink,#F9C6C9,240
PR-02100,PC-039,400578.0,149.6,3,Sky Blue,#87CEEB,232
PR-02101,PC-022,424145.45,157.0,5,Mustard Yellow,#E1AD01,178
PR-02102,PC-037,468340.48,176.3,5,Ivory White,#FFFFF0,245
PR-02103,PC-050,268386.78,86.6,3,Mustard Yellow,#E1AD01,146
PR-02104,PC-004,386989.85,101.7,3,Ivory White,#FFFFF0,153
PR-02105,PC-018,373471.55,183.0,6,Charcoal Black,#36454F,132
PR-02106,PC-043,176993.95,59.2,2,Slate Gray,#708090,136
PR-02107,PC-038,553627.67,215.8,8,Forest Green,#228B22,231
PR-02108,PC-038,324704.97,36.1,2,Blush Pink,#F9C6C9,215
PR-02109,PC-024,443164.63,214.9,7,Charcoal Black,#36454F,137
PR-02110,PC-046,277921.0,92.3,2,Sky Blue,#87CEEB,205
PR-02111,PC-006,448675.54,191.6,7,Mustard Yellow,#E1AD01,58
PR-02112,PC-037,378162.48,105.5,3,Charcoal Black,#36454F,110
PR-02113,PC-047,314513.83,74.5,2,Terracotta,#E2725B,275
PR-02114,PC-017,251698.24,75.3,2,Blush Pink,#F9C6C9,26
PR-02115,PC-007,327199.12,161.9,7,Forest Green,#228B22,299
PR-02116,PC-028,328180.06,131.9,5,Sand Beige,#F4E1C1,21
PR-02117,PC-006,408210.74,159.1,5,Ivory White,#FFFFF0,192
PR-02118,PC-040,412429.01,141.3,5,Slate Gray,#708090,7
PR-02119,PC-030,416476.2,188.2,6,Blush Pink,#F9C6C9,50
PR-02120,PC-029,150620.6,103.8,4,Sage Green,#9CAF88,222
PR-02121,PC-017,352679.08,145.8,5,Terracotta,#E2725B,68
PR-02122,PC-018,307522.15,131.2,4,Slate Gray,#708090,267
PR-02123,PC-009,503044.39,186.3,6,Slate Gray,#708090,257
PR-02124,PC-018,207100.75,61.8,2,Sage Green,#9CAF88,194
PR-02125,PC-009,364864.25,78.6,3,Sage Green,#9CAF88,254
PR-02126,PC-049,434600.58,92.3,3,Forest Green,#228B22,12
PR-02127,PC-042,238596.23,63.3,2,Sky Blue,#87CEEB,190
PR-02128,PC-019,269059.75,42.3,1,Sky Blue,#87CEEB,177
PR-02129,PC-034,453122.16,169.7,6,Sage Green,#9CAF88,182
PR-02130,PC-040,467480.08,183.4,6,Slate Gray,#708090,237
PR-02131,PC-004,471148.15,172.7,5,Ivory White,#FFFFF0,19
PR-02132,PC-017,275742.36,91.7,3,Charcoal Black,#36454F,35
PR-02133,PC-037,343191.09,61.7,3,Sky Blue,#87CEEB,150
PR-02134,PC-036,310777.24,47.4,2,Forest Green,#228B22,71
PR-02135,PC-025,455894.55,218.3,8,Charcoal Black,#36454F,2
PR-02136,PC-048,515654.76,141.6,6,Blush Pink,#F9C6C9,276
PR-02137,PC-012,370920.98,138.8,4,Terracotta,#E2725B,105
PR-02138,PC-034,416501.09,151.5,5,Forest Green,#228B22,99
PR-02139,PC-002,363381.19,150.3,5,Ivory White,#FFFFF0,96
PR-02140,PC-031,325342.78,144.6,5,Sand Beige,#F4E1C1,144
PR-02141,PC-049,459953.85,116.3,3,Terracotta,#E2725B,237
PR-02142,PC-044,525962.07,212.7,7,Blush Pink,#F9C6C9,195
PR-02143,PC-027,424753.67,140.8,5,Sky Blue,#87CEEB,247
PR-02144,PC-016,396786.57,139.1,4,Terracotta,#E2725B,167
PR-02145,PC-039,278872.82,50.5,1,Sage Green,#9CAF88,242
PR-02146,PC-046,232160.39,51.1,2,Sage Green,#9CAF88,237
PR-02147,PC-047,320384.22,78.4,2,Forest Green,#228B22,284
PR-02148,PC-016,267734.75,46.4,1,Blush Pink,#F9C6C9,13
PR-02149,PC-046,300173.88,102.0,4,Blush Pink,#F9C6C9,121
PR-02150,PC-029,112214.21,76.5,2,Terracotta,#E2725B,261
PR-02151,PC-033,347239.78,71.1,2,Sage Green,#9CAF88,218
PR-02152,PC-001,312102.25,72.8,4,Blush Pink,#F9C6C9,42
PR-02153,PC-027,504012.25,208.5,7,Ivory White,#FFFFF0,86
PR-02154,PC-004,488268.86,177.8,6,Forest Green,#228B22,125
PR-02155,PC-014,363614.91,125.6,3,Sage Green,#9CAF88,227
PR-02156,PC-015,410652.34,178.8,6,Slate Gray,#708090,121
PR-02157,PC-029,297832.99,214.7,7,Charcoal Black,#36454F,182
PR-02158,PC-033,428379.52,130.0,5,Slate Gray,#708090,59
PR-02159,PC-025,361734.0,149.1,5,Sage Green,#9CAF88,145
PR-02160,PC-018,399715.33,200.2,7,Charcoal Black,#36454F,50
PR-02161,PC-041,254116.87,74.4,3,Ivory White,#FFFFF0,227
PR-02162,PC-015,389836.9,157.4,5,Charcoal Black,#36454F,51
PR-02163,PC-015,446329.8,201.4,7,Terracotta,#E2725B,157
PR-02164,PC-024,409948.83,193.3,6,Sky Blue,#87CEEB,232
PR-02165,PC-015,257616.68,52.1,2,Sage Green,#9CAF88,9
PR-02166,PC-042,211845.27,48.7,2,Sand Beige,#F4E1C1,184
PR-02167,PC-041,223237.56,51.4,2,Slate Gray,#708090,107
PR-02168,PC-035,203976.87,50.4,2,Mustard Yellow,#E1AD01,75
PR-02169,PC-047,333977.3,82.5,4,Sand Beige,#F4E1C1,36
PR-02170,PC-027,510739.03,218.7,6,Ivory White,#FFFFF0,224
PR-02171,PC-033,332319.95,56.9,1,Mustard Yellow,#E1AD01,175
PR-02172,PC-019,437006.72,171.0,6,Blush Pink,#F9C6C9,135
PR-02173,PC-021,447273.89,178.2,6,Blush Pink,#F9C6C9,151
PR-02174,PC-014,388837.29,134.4,5,Sage Green,#9CAF88,126
PR-02175,PC-026,297870.26,148.1,4,Sage Green,#9CAF88,250
PR-02176,PC-006,456443.71,208.7,5,Terracotta,#E2725B,83
PR-02177,PC-012,278850.96,72.7,2,Forest Green,#228B22,83
PR-02178,PC-024,210311.1,44.4,1,Charcoal Black,#36454F,281
PR-02179,PC-042,344137.95,142.8,6,Terracotta,#E2725B,84
PR-02180,PC-024,333274.87,139.1,4,Forest Green,#228B22,121
PR-02181,PC-005,351016.33,88.9,3,Sand Beige,#F4E1C1,229
PR-02182,PC-043,346164.78,190.5,7,Sand Beige,#F4E1C1,180
PR-02183,PC-049,500422.91,134.6,5,Ivory White,#FFFFF0,103
PR-02184,PC-044,481439.18,171.9,6,Charcoal Black,#36454F,181
PR-02185,PC-010,475088.74,178.0,5,Charcoal Black,#36454F,106
PR-02186,PC-016,300061.21,75.2,3,Sky Blue,#87CEEB,12
PR-02187,PC-041,255119.34,72.5,3,Mustard Yellow,#E1AD01,173
PR-02188,PC-025,258399.46,66.5,2,Terracotta,#E2725B,218
PR-02189,PC-015,312090.48,90.7,3,Terracotta,#E2725B,135
PR-02190,PC-029,124089.17,85.9,3,Slate Gray,#708090,146
PR-02191,PC-007,154958.22,44.1,1,Slate Gray,#708090,173
PR-02192,PC-007,161949.53,49.6,1,Slate Gray,#708090,104
PR-02193,PC-045,245641.8,110.7,4,Mustard Yellow,#E1AD01,156
PR-02194,PC-024,325210.28,132.2,4,Blush Pink,#F9C6C9,88
PR-02195,PC-002,406998.58,186.1,7,Ivory White,#FFFFF0,89
PR-02196,PC-043,317162.85,169.2,6,Slate Gray,#708090,33
PR-02197,PC-032,484039.77,118.2,4,Sky Blue,#87CEEB,257
PR-02198,PC-033,536013.5,209.1,8,Sage Green,#9CAF88,76
PR-02199,PC-048,476335.38,123.4,4,Sky Blue,#87CEEB,178
PR-02200,PC-031,218533.78,64.0,2,Charcoal Black,#36454F,223
PR-02201,PC-002,392624.96,178.2,6,Mustard Yellow,#E1AD01,148
PR-02202,PC-004,442927.47,150.9,5,Mustard Yellow,#E1AD01,2
PR-02203,PC-014,292416.09,55.0,3,Charcoal Black,#36454F,166
PR-02204,PC-019,292974.39,58.7,3,Sky Blue,#87CEEB,290
PR-02205,PC-046,251606.75,70.4,2,Terracotta,#E2725B,294
PR-02206,PC-023,486654.43,216.2,7,Ivory White,#FFFFF0,273
PR-02207,PC-041,264905.71,93.1,2,Sage Green,#9CAF88,129
PR-02208,PC-030,333172.93,128.5,3,Terracotta,#E2725B,262
PR-02209,PC-007,212348.88,81.2,3,Charcoal Black,#36454F,234
PR-02210,PC-012,327006.36,95.7,3,Sky Blue,#87CEEB,113
PR-02211,PC-006,479611.73,211.5,7,Sand Beige,#F4E1C1,134
PR-02212,PC-048,572144.33,189.0,8,Terracotta,#E2725B,266
PR-02213,PC-021,426649.96,165.5,6,Slate Gray,#708090,291
PR-02214,PC-024,421514.33,202.7,7,Sage Green,#9CAF88,292
PR-02215,PC-012,268766.14,59.3,2,Sky Blue,#87CEEB,114
PR-02216,PC-010,525378.94,216.7,7,Sand Beige,#F4E1C1,5
PR-02217,PC-013,511089.78,177.3,6,Charcoal Black,#36454F,73
PR-02218,PC-039,278767.52,47.5,1,Mustard Yellow,#E1AD01,122
PR-02219,PC-013,318779.91,37.9,1,Sand Beige,#F4E1C1,112
PR-02220,PC-045,276742.63,133.6,5,Sky Blue,#87CEEB,120
PR-02221,PC-023,368550.1,120.1,4,Blush Pink,#F9C6C9,230
PR-02222,PC-032,438162.25,93.4,2,Slate Gray,#708090,74
PR-02223,PC-004,351192.05,84.7,2,Forest Green,#228B22,149
PR-02224,PC-020,457536.43,160.8,5,Sage Green,#9CAF88,50
PR-02225,PC-031,256988.01,94.8,3,Sage Green,#9CAF88,150
PR-02226,PC-009,392205.82,105.5,3,Charcoal Black,#36454F,246
PR-02227,PC-021,399454.65,147.8,4,Forest Green,#228B22,116
PR-02228,PC-019,268151.13,46.0,2,Sand Beige,#F4E1C1,21
PR-02229,PC-039,376148.22,130.9,3,Terracotta,#E2725B,157
PR-02230,PC-046,288827.78,93.8,4,Blush Pink,#F9C6C9,40
PR-02231,PC-010,446204.78,147.5,6,Mustard Yellow,#E1AD01,188
PR-02232,PC-050,318507.03,116.0,4,Sage Green,#9CAF88,89
PR-02233,PC-019,424545.31,160.5,5,Sky Blue,#87CEEB,192
PR-02234,PC-044,314932.25,48.5,1,Sage Green,#9CAF88,207
PR-02235,PC-033,514853.11,194.0,7,Sky Blue,#87CEEB,188
PR-02236,PC-034,512910.27,219.3,7,Sage Green,#9CAF88,224
PR-02237,PC-048,589984.66,211.7,7,Blush Pink,#F9C6C9,277
PR-02238,PC-029,117160.83,77.9,3,Terracotta,#E2725B,261
PR-02239,PC-010,427872.56,140.1,4,Blush Pink,#F9C6C9,241
PR-02240,PC-041,280893.28,98.1,3,Sand Beige,#F4E1C1,106
PR-02241,PC-001,436039.54,179.5,5,Terracotta,#E2725B,133
PR-02242,PC-029,80120.8,42.8,2,Sand Beige,#F4E1C1,141
PR-02243,PC-045,151151.14,41.5,2,Mustard Yellow,#E1AD01,6
PR-02244,PC-038,414063.85,120.2,3,Terracotta,#E2725B,32
PR-02245,PC-011,447791.46,201.4,6,Blush Pink,#F9C6C9,50
PR-02246,PC-026,351887.4,187.9,6,Sage Green,#9CAF88,270
PR-02247,PC-006,354262.1,117.9,4,Charcoal Black,#36454F,275
PR-02248,PC-003,345955.34,184.8,6,Sand Beige,#F4E1C1,286
PR-02249,PC-043,333033.04,179.4,7,Charcoal Black,#36454F,97
PR-02250,PC-009,401369.65,108.1,4,Sky Blue,#87CEEB,182
PR-02251,PC-004,497043.94,182.8,6,Mustard Yellow,#E1AD01,299
PR-02252,PC-002,255412.22,70.0,2,Blush Pink,#F9C6C9,139
PR-02253,PC-050,259649.37,78.4,2,Sky Blue,#87CEEB,82
PR-02254,PC-032,446443.08,97.2,3,Sky Blue,#87CEEB,121
PR-02255,PC-048,488460.78,138.2,4,Ivory White,#FFFFF0,25
PR-02256,PC-047,462272.35,179.2,7,Mustard Yellow,#E1AD01,119
PR-02257,PC-031,351185.35,168.1,6,Terracotta,#E2725B,103
PR-02258,PC-014,438017.61,171.8,7,Ivory White,#FFFFF0,269
PR-02259,PC-010,522985.41,215.3,7,Sand Beige,#F4E1C1,291
PR-02260,PC-042,338241.49,134.5,6,Charcoal Black,#36454F,233
PR-02261,PC-040,294912.67,45.1,3,Slate Gray,#708090,131
PR-02262,PC-046,434379.44,200.5,8,Mustard Yellow,#E1AD01,285
PR-02263,PC-006,396690.04,148.6,4,Sky Blue,#87CEEB,258
PR-02264,PC-038,318795.19,35.8,2,Sand Beige,#F4E1C1,130
PR-02265,PC-010,332244.06,69.8,2,Sand Beige,#F4E1C1,113
PR-02266,PC-040,314222.57,71.3,1,Sky Blue,#87CEEB,96
PR-02267,PC-025,297105.12,98.2,4,Charcoal Black,#36454F,36
PR-02268,PC-026,282102.46,132.1,5,Sage Green,#9CAF88,55
PR-02269,PC-001,273234.2,58.1,2,Mustard Yellow,#E1AD01,217
PR-02270,PC-036,405010.28,119.6,4,Sage Green,#9CAF88,33
PR-02271,PC-009,337006.05,61.4,2,Forest Green,#228B22,119
PR-02272,PC-007,262747.78,122.9,4,Sage Green,#9CAF88,198
PR-02273,PC-032,515361.45,153.0,5,Blush Pink,#F9C6C9,14
PR-02274,PC-016,451489.24,180.0,6,Terracotta,#E2725B,13
PR-02275,PC-047,441830.08,174.6,6,Sage Green,#9CAF88,114
PR-02276,PC-008,403140.91,70.8,5,Charcoal Black,#36454F,160
PR-02277,PC-008,437093.1,116.1,3,Ivory White,#FFFFF0,243
PR-02278,PC-046,316214.35,112.4,4,Charcoal Black,#36454F,235
PR-02279,PC-027,462536.57,170.1,6,Ivory White,#FFFFF0,214
PR-02280,PC-037,432255.99,141.1,5,Mustard Yellow,#E1AD01,45
PR-02281,PC-009,328303.67,51.4,2,Charcoal Black,#36454F,250
PR-02282,PC-045,196323.05,74.1,3,Ivory White,#FFFFF0,31
PR-02283,PC-031,404078.99,207.8,7,Slate Gray,#708090,166
PR-02284,PC-039,371179.47,117.9,4,Blush Pink,#F9C6C9,209
PR-02285,PC-035,360141.92,175.2,5,Sage Green,#9CAF88,171
PR-02286,PC-031,310646.13,132.8,5,Charcoal Black,#36454F,94
PR-02287,PC-025,273576.37,84.9,3,Slate Gray,#708090,290
PR-02288,PC-024,308639.56,113.0,4,Blush Pink,#F9C6C9,31
PR-02289,PC-019,390461.24,133.7,5,Forest Green,#228B22,47
PR-02290,PC-047,276629.26,49.0,1,Charcoal Black,#36454F,156
PR-02291,PC-028,446345.56,219.8,8,Blush Pink,#F9C6C9,82
PR-02292,PC-022,268425.67,38.9,1,Mustard Yellow,#E1AD01,159
PR-02293,PC-033,350281.72,68.0,3,Ivory White,#FFFFF0,286
PR-02294,PC-023,441354.78,175.5,6,Terracotta,#E2725B,74
PR-02295,PC-026,227807.6,96.9,2,Ivory White,#FFFFF0,89
PR-02296,PC-012,387696.49,149.2,5,Sand Beige,#F4E1C1,247
PR-02297,PC-030,259393.93,59.1,2,Sand Beige,#F4E1C1,149
PR-02298,PC-043,279455.54,140.2,4,Terracotta,#E2725B,195
PR-02299,PC-036,335935.4,63.1,3,Forest Green,#228B22,283
PR-02300,PC-032,433358.18,79.6,3,Sage Green,#9CAF88,259
PR-02301,PC-031,339043.69,159.0,5,Ivory White,#FFFFF0,41
PR-02302,PC-012,386499.92,148.7,5,Sage Green,#9CAF88,14
PR-02303,PC-031,299583.61,123.0,4,Blush Pink,#F9C6C9,48
PR-02304,PC-029,152539.48,102.1,4,Sand Beige,#F4E1C1,265
PR-02305,PC-025,241707.49,57.6,3,Terracotta,#E2725B,194
PR-02306,PC-028,348982.46,149.5,5,Forest Green,#228B22,257
PR-02307,PC-040,453065.23,176.8,5,Mustard Yellow,#E1AD01,229
PR-02308,PC-030,234858.27,45.0,1,Terracotta,#E2725B,261
PR-02309,PC-025,403945.32,173.5,7,Blush Pink,#F9C6C9,110
PR-02310,PC-028,443677.83,218.8,8,Charcoal Black,#36454F,258
PR-02311,PC-015,230253.43,42.9,1,Slate Gray,#708090,142
PR-02312,PC-049,377487.09,48.0,2,Forest Green,#228B22,52
PR-02313,PC-019,488483.65,207.3,8,Sand Beige,#F4E1C1,273
PR-02314,PC-041,410531.3,197.1,7,Sage Green,#9CAF88,184
PR-02315,PC-041,407799.79,188.7,7,Sage Green,#9CAF88,60
PR-02316,PC-034,507693.41,213.8,7,Ivory White,#FFFFF0,297
PR-02317,PC-029,115239.33,76.7,3,Slate Gray,#708090,195
PR-02318,PC-040,292503.37,51.3,1,Mustard Yellow,#E1AD01,16
PR-02319,PC-035,244579.38,77.8,4,Sky Blue,#87CEEB,255
PR-02320,PC-014,437784.11,174.0,6,Blush Pink,#F9C6C9,96
PR-02321,PC-040,367347.47,105.9,4,Sage Green,#9CAF88,42
PR-02322,PC-021,489395.54,203.5,7,Sand Beige,#F4E1C1,209
PR-02323,PC-020,308529.74,44.7,2,Blush Pink,#F9C6C9,87
PR-02324,PC-008,470597.13,132.9,4,Slate Gray,#708090,227
PR-02325,PC-036,481115.14,181.9,6,Ivory White,#FFFFF0,238
PR-02326,PC-038,331162.47,53.3,2,Charcoal Black,#36454F,44
PR-02327,PC-003,280872.45,132.9,4,Charcoal Black,#36454F,209
PR-02328,PC-043,283170.51,141.3,5,Ivory White,#FFFFF0,53
PR-02329,PC-028,362302.54,157.8,4,Sage Green,#9CAF88,258
PR-02330,PC-039,486469.29,210.3,7,Charcoal Black,#36454F,184
PR-02331,PC-043,336963.42,176.3,6,Sand Beige,#F4E1C1,206
PR-02332,PC-007,224493.25,94.8,3,Forest Green,#228B22,68
PR-02333,PC-036,370935.86,96.8,3,Forest Green,#228B22,207
PR-02334,PC-022,316885.86,77.8,2,Forest Green,#228B22,83
PR-02335,PC-004,382615.59,89.5,4,Sage Green,#9CAF88,140
PR-02336,PC-037,480497.93,186.6,5,Sage Green,#9CAF88,254
PR-02337,PC-028,404113.63,192.2,7,Sky Blue,#87CEEB,208
PR-02338,PC-047,276450.41,47.5,1,Forest Green,#228B22,251
PR-02339,PC-012,367028.67,138.5,4,Mustard Yellow,#E1AD01,72
PR-02340,PC-039,373965.98,123.8,4,Sage Green,#9CAF88,6
PR-02341,PC-023,350655.74,105.1,4,Sage Green,#9CAF88,261
PR-02342,PC-028,228325.34,60.7,2,Mustard Yellow,#E1AD01,192
PR-02343,PC-036,485636.91,179.1,7,Terracotta,#E2725B,154
PR-02344,PC-005,282682.42,42.1,1,Slate Gray,#708090,258
PR-02345,PC-013,453183.39,135.1,4,Sage Green,#9CAF88,251
PR-02346,PC-046,251588.69,68.7,2,Forest Green,#228B22,287
PR-02347,PC-036,424657.36,139.2,4,Forest Green,#228B22,268
PR-02348,PC-042,319915.1,132.2,4,Sky Blue,#87CEEB,231
PR-02349,PC-017,216277.26,43.5,1,Sky Blue,#87CEEB,211
PR-02350,PC-009,353680.33,74.8,2,Charcoal Black,#36454F,200
PR-02351,PC-005,427414.86,149.8,5,Terracotta,#E2725B,176
PR-02352,PC-030,400941.07,176.9,6,Terracotta,#E2725B,189
PR-02353,PC-036,493116.04,191.1,5,Mustard Yellow,#E1AD01,21
PR-02354,PC-006,365454.34,129.2,5,Sand Beige,#F4E1C1,70
PR-02355,PC-002,407257.96,182.9,7,Blush Pink,#F9C6C9,201
PR-02356,PC-019,501808.24,220.0,8,Ivory White,#FFFFF0,26
PR-02357,PC-030,431118.14,202.1,6,Terracotta,#E2725B,59
PR-02358,PC-030,457974.74,213.0,8,Mustard Yellow,#E1AD01,56
PR-02359,PC-032,597008.96,209.8,7,Blush Pink,#F9C6C9,182
PR-02360,PC-023,382693.44,126.7,5,Slate Gray,#708090,183
PR-02361,PC-010,442664.66,150.7,4,Forest Green,#228B22,128
PR-02362,PC-003,206054.89,79.2,3,Sage Green,#9CAF88,3
PR-02363,PC-011,347996.28,115.2,4,Blush Pink,#F9C6C9,22
PR-02364,PC-022,297472.68,68.2,1,Slate Gray,#708090,169
PR-02365,PC-041,289271.46,109.9,3,Sage Green,#9CAF88,121
PR-02366,PC-044,384190.84,101.8,3,Forest Green,#228B22,200
PR-02367,PC-003,296828.62,138.2,5,Slate Gray,#708090,150
PR-02368,PC-002,396176.95,174.4,6,Slate Gray,#708090,234
PR-02369,PC-003,329289.62,168.0,6,Mustard Yellow,#E1AD01,215
PR-02370,PC-031,261403.11,98.6,3,Forest Green,#228B22,213
PR-02371,PC-037,411466.98,127.0,4,Slate Gray,#708090,70
PR-02372,PC-025,294701.63,93.2,3,Sand Beige,#F4E1C1,272
PR-02373,PC-048,529753.5,154.3,6,Mustard Yellow,#E1AD01,11
PR-02374,PC-041,245907.61,76.4,2,Mustard Yellow,#E1AD01,90
PR-02375,PC-017,287977.5,106.7,2,Sage Green,#9CAF88,78
PR-02376,PC-003,365417.98,198.5,7,Sand Beige,#F4E1C1,222
PR-02377,PC-013,341002.44,56.3,1,Ivory White,#FFFFF0,10
PR-02378,PC-025,280735.73,88.5,3,Terracotta,#E2725B,55
PR-02379,PC-017,342482.6,145.4,4,Slate Gray,#708090,186
PR-02380,PC-024,415291.43,193.9,7,Sage Green,#9CAF88,102
PR-02381,PC-027,407785.4,133.5,5,Sand Beige,#F4E1C1,132
PR-02382,PC-046,374155.9,159.4,5,Slate Gray,#708090,180
PR-02383,PC-017,430463.53,217.4,6,Sky Blue,#87CEEB,87
PR-02384,PC-009,534420.27,214.7,7,Forest Green,#228B22,117
PR-02385,PC-009,333804.56,56.9,2,Mustard Yellow,#E1AD01,255
PR-02386,PC-044,451675.95,144.1,6,Ivory White,#FFFFF0,85
PR-02387,PC-013,490077.21,165.1,6,Sand Beige,#F4E1C1,114
PR-02388,PC-050,253789.62,77.1,2,Sage Green,#9CAF88,126
PR-02389,PC-007,357976.05,193.4,7,Blush Pink,#F9C6C9,128
PR-02390,PC-005,376868.18,113.2,3,Sky Blue,#87CEEB,134
PR-02391,PC-047,330649.37,80.2,3,Forest Green,#228B22,244
PR-02392,PC-011,447744.25,188.3,7,Ivory White,#FFFFF0,94
PR-02393,PC-022,472594.23,189.4,7,Sand Beige,#F4E1C1,284
PR-02394,PC-022,360650.5,108.5,4,Sand Beige,#F4E1C1,186
PR-02395,PC-031,358716.69,168.0,6,Sky Blue,#87CEEB,189
PR-02396,PC-005,455002.26,168.8,6,Sage Green,#9CAF88,201
PR-02397,PC-031,333014.81,153.1,5,Terracotta,#E2725B,140
PR-02398,PC-024,235556.17,54.2,2,Sky Blue,#87CEEB,27
PR-02399,PC-050,350981.85,146.3,5,Forest Green,#228B22,143
PR-02400,PC-020,416248.58,122.0,5,Sage Green,#9CAF88,257
PR-02401,PC-006,314696.14,89.1,2,Sand Beige,#F4E1C1,18
PR-02402,PC-025,222364.13,38.4,2,Charcoal Black,#36454F,67
PR-02403,PC-028,366018.98,163.4,6,Blush Pink,#F9C6C9,93
PR-02404,PC-040,284856.17,43.7,1,Terracotta,#E2725B,151
PR-02405,PC-002,225687.07,50.5,2,Forest Green,#228B22,268
PR-02406,PC-029,158282.4,109.6,4,Slate Gray,#708090,193
PR-02407,PC-048,429484.25,79.8,3,Mustard Yellow,#E1AD01,206
PR-02408,PC-025,418606.46,190.4,7,Forest Green,#228B22,87
PR-02409,PC-005,494570.54,207.4,7,Sage Green,#9CAF88,276
PR-02410,PC-019,405339.57,152.7,5,Sand Beige,#F4E1C1,288
PR-02411,PC-032,374874.37,43.7,1,Sky Blue,#87CEEB,211
PR-02412,PC-009,465068.61,160.9,5,Sky Blue,#87CEEB,126
PR-02413,PC-018,417658.16,213.7,8,Mustard Yellow,#E1AD01,205
PR-02414,PC-026,368085.94,194.6,6,Sky Blue,#87CEEB,242
PR-02415,PC-020,431181.61,137.6,4,Terracotta,#E2725B,283
PR-02416,PC-046,434208.52,207.0,7,Charcoal Black,#36454F,288
PR-02417,PC-027,371238.96,110.1,3,Sage Green,#9CAF88,120
PR-02418,PC-018,299218.08,118.4,5,Sand Beige,#F4E1C1,39
PR-02419,PC-043,261628.79,132.0,4,Blush Pink,#F9C6C9,57
PR-02420,PC-007,189631.2,63.9,3,Sand Beige,#F4E1C1,73
PR-02421,PC-010,375095.27,100.9,3,Charcoal Black,#36454F,108
PR-02422,PC-043,324408.15,176.1,5,Sand Beige,#F4E1C1,4
PR-02423,PC-017,231577.91,60.4,1,Charcoal Black,#36454F,34
PR-02424,PC-040,404983.23,132.6,5,Blush Pink,#F9C6C9,238
PR-02425,PC-009,480825.74,162.9,6,Sage Green,#9CAF88,38
PR-02426,PC-006,392239.4,142.7,5,Ivory White,#FFFFF0,288
PR-02427,PC-047,384960.23,126.5,5,Sky Blue,#87CEEB,170
PR-02428,PC-050,228683.96,53.2,2,Forest Green,#228B22,180
PR-02429,PC-023,371653.91,120.3,4,Ivory White,#FFFFF0,82
PR-02430,PC-034,424917.78,157.3,5,Slate Gray,#708090,90
PR-02431,PC-049,477558.58,126.4,4,Forest Green,#228B22,7
PR-02432,PC-050,231413.15,51.1,2,Sand Beige,#F4E1C1,150
PR-02433,PC-039,298874.99,72.9,1,Forest Green,#228B22,282
PR-02434,PC-014,463705.1,197.5,7,Charcoal Black,#36454F,45
PR-02435,PC-038,518173.58,195.4,6,Sand Beige,#F4E1C1,247
PR-02436,PC-030,341216.18,123.9,5,Terracotta,#E2725B,155
PR-02437,PC-048,536286.84,169.3,6,Sage Green,#9CAF88,72
PR-02438,PC-042,272880.58,93.8,3,Charcoal Black,#36454F,134
PR-02439,PC-021,498364.22,217.1,8,Ivory White,#FFFFF0,66
PR-02440,PC-027,471967.94,183.0,5,Charcoal Black,#36454F,90
PR-02441,PC-024,388317.17,183.8,6,Charcoal Black,#36454F,285
PR-02442,PC-040,347745.95,90.5,4,Blush Pink,#F9C6C9,90
PR-02443,PC-019,381763.33,132.7,4,Terracotta,#E2725B,219
PR-02444,PC-014,455393.2,189.5,6,Forest Green,#228B22,113
PR-02445,PC-028,242789.02,68.5,2,Forest Green,#228B22,120
PR-02446,PC-039,347810.44,103.2,4,Blush Pink,#F9C6C9,142
PR-02447,PC-017,350232.45,149.8,5,Ivory White,#FFFFF0,112
PR-02448,PC-043,211117.79,82.6,3,Charcoal Black,#36454F,167
PR-02449,PC-022,387227.56,126.6,4,Sand Beige,#F4E1C1,128
PR-02450,PC-005,346659.09,83.8,3,Mustard Yellow,#E1AD01,194
PR-02451,PC-027,487650.17,191.3,7,Sage Green,#9CAF88,234
PR-02452,PC-013,402334.94,98.5,2,Ivory White,#FFFFF0,262
PR-02453,PC-033,301305.1,35.2,1,Mustard Yellow,#E1AD01,80
PR-02454,PC-046,278428.18,87.3,3,Charcoal Black,#36454F,278
PR-02455,PC-034,464615.24,179.0,7,Terracotta,#E2725B,207
PR-02456,PC-007,242784.59,104.6,4,Charcoal Black,#36454F,277
PR-02457,PC-002,372651.31,159.7,6,Mustard Yellow,#E1AD01,293
PR-02458,PC-037,415468.26,124.9,5,Charcoal Black,#36454F,249
PR-02459,PC-035,376263.32,189.8,5,Sky Blue,#87CEEB,122
PR-02460,PC-040,288530.33,48.9,1,Terracotta,#E2725B,149
PR-02461,PC-024,406108.81,183.7,7,Mustard Yellow,#E1AD01,10
PR-02462,PC-026,386088.4,207.4,8,Mustard Yellow,#E1AD01,293
PR-02463,PC-013,369361.73,63.9,3,Ivory White,#FFFFF0,184
PR-02464,PC-003,196492.38,70.6,3,Charcoal Black,#36454F,275
PR-02465,PC-002,373389.11,165.9,5,Slate Gray,#708090,262
PR-02466,PC-029,137677.33,94.0,2,Blush Pink,#F9C6C9,263
PR-02467,PC-034,474015.2,190.7,6,Sage Green,#9CAF88,255
PR-02468,PC-019,344812.39,97.9,4,Forest Green,#228B22,265
PR-02469,PC-033,509939.31,194.9,7,Charcoal Black,#36454F,36
PR-02470,PC-042,404346.42,196.2,7,Ivory White,#FFFFF0,222
PR-02471,PC-008,387268.98,75.6,2,Sage Green,#9CAF88,139
PR-02472,PC-037,389811.39,111.5,4,Terracotta,#E2725B,273
PR-02473,PC-029,209641.07,154.4,5,Sky Blue,#87CEEB,6
PR-02474,PC-045,291306.39,158.8,4,Mustard Yellow,#E1AD01,216
PR-02475,PC-004,299348.72,39.1,1,Sky Blue,#87CEEB,264
PR-02476,PC-026,362537.67,198.6,7,Sand Beige,#F4E1C1,142
PR-02477,PC-043,356251.6,193.0,6,Charcoal Black,#36454F,103
PR-02478,PC-046,291638.61,98.4,3,Sand Beige,#F4E1C1,19
PR-02479,PC-016,400671.23,139.2,5,Sage Green,#9CAF88,173
PR-02480,PC-025,287310.53,97.4,4,Sky Blue,#87CEEB,166
PR-02481,PC-039,453892.78,180.9,7,Mustard Yellow,#E1AD01,246
PR-02482,PC-031,213140.2,56.7,2,Sage Green,#9CAF88,144
PR-02483,PC-045,325214.23,172.7,6,Sage Green,#9CAF88,170
PR-02484,PC-022,284182.8,49.3,1,Sand Beige,#F4E1C1,107
PR-02485,PC-035,206895.72,50.2,3,Terracotta,#E2725B,150
PR-02486,PC-027,350194.18,91.4,3,Sky Blue,#87CEEB,263
PR-02487,PC-014,472867.82,201.6,6,Charcoal Black,#36454F,177
PR-02488,PC-034,322484.68,74.2,2,Ivory White,#FFFFF0,256
PR-02489,PC-046,356185.4,144.5,5,Charcoal Black,#36454F,62
PR-02490,PC-029,283291.28,202.0,7,Slate Gray,#708090,185
PR-02491,PC-001,335037.16,103.8,3,Slate Gray,#708090,273
PR-02492,PC-003,168032.39,48.2,2,Sky Blue,#87CEEB,252
PR-02493,PC-034,275963.42,37.2,2,Sky Blue,#87CEEB,284
PR-02494,PC-013,486130.8,155.4,6,Ivory White,#FFFFF0,71
PR-02495,PC-036,296659.63,39.7,1,Blush Pink,#F9C6C9,62
PR-02496,PC-025,403239.78,187.7,5,Ivory White,#FFFFF0,53
PR-02497,PC-004,342161.17,70.7,1,Sand Beige,#F4E1C1,222
PR-02498,PC-008,578990.39,211.1,8,Mustard Yellow,#E1AD01,105
PR-02499,PC-042,360801.21,165.0,6,Sage Green,#9CAF88,1
PR-02500,PC-025,322912.96,120.3,4,Forest Green,#228B22,80
PR-02501,PC-036,431177.6,136.1,5,Slate Gray,#708090,208
PR-02502,PC-031,216911.25,66.6,1,Charcoal Black,#36454F,134
PR-02503,PC-042,363738.4,153.0,6,Ivory White,#FFFFF0,46
PR-02504,PC-010,343198.93,70.7,2,Mustard Yellow,#E1AD01,117
PR-02505,PC-040,394380.9,128.4,5,Terracotta,#E2725B,64
PR-02506,PC-009,312926.84,42.5,1,Mustard Yellow,#E1AD01,101
PR-02507,PC-046,407438.63,184.9,6,Forest Green,#228B22,104
PR-02508,PC-022,334905.69,85.8,3,Ivory White,#FFFFF0,274
PR-02509,PC-037,449603.64,153.6,5,Blush Pink,#F9C6C9,138
PR-02510,PC-006,433349.61,180.0,6,Sand Beige,#F4E1C1,141
PR-02511,PC-017,357349.12,159.1,5,Charcoal Black,#36454F,285
PR-02512,PC-024,408677.91,195.9,6,Sage Green,#9CAF88,229
PR-02513,PC-031,305037.25,125.2,4,Slate Gray,#708090,117
PR-02514,PC-008,457414.06,120.9,4,Sage Green,#9CAF88,290
PR-02515,PC-010,321836.67,53.0,2,Blush Pink,#F9C6C9,199
PR-02516,PC-016,444098.43,170.9,7,Slate Gray,#708090,229
PR-02517,PC-029,151919.12,112.4,3,Sand Beige,#F4E1C1,191
PR-02518,PC-002,315486.68,116.5,5,Blush Pink,#F9C6C9,291
PR-02519,PC-049,531723.76,166.3,6,Sand Beige,#F4E1C1,247
PR-02520,PC-028,294179.86,109.1,3,Sage Green,#9CAF88,223
PR-02521,PC-020,310099.79,41.0,2,Blush Pink,#F9C6C9,16
PR-02522,PC-020,468035.72,173.8,5,Charcoal Black,#36454F,284
PR-02523,PC-010,474143.8,169.1,6,Sage Green,#9CAF88,290
PR-02524,PC-033,377184.13,93.5,3,Sage Green,#9CAF88,279
PR-02525,PC-001,430298.95,174.5,6,Charcoal Black,#36454F,238
PR-02526,PC-032,424049.53,78.3,3,Forest Green,#228B22,222
PR-02527,PC-002,246661.62,63.7,3,Sage Green,#9CAF88,273
PR-02528,PC-026,317006.39,156.5,6,Sage Green,#9CAF88,297
PR-02529,PC-028,262547.87,80.4,3,Sand Beige,#F4E1C1,142
PR-02530,PC-024,254207.57,76.2,3,Sky Blue,#87CEEB,144
PR-02531,PC-042,213844.87,47.7,2,Forest Green,#228B22,157
PR-02532,PC-016,297053.62,75.6,1,Sage Green,#9CAF88,28
PR-02533,PC-041,254924.41,84.7,2,Terracotta,#E2725B,244
PR-02534,PC-030,352866.09,141.6,4,Sage Green,#9CAF88,93
PR-02535,PC-038,334788.32,47.3,2,Sand Beige,#F4E1C1,130
PR-02536,PC-041,301529.51,113.5,4,Charcoal Black,#36454F,86
PR-02537,PC-001,343478.39,108.3,3,Forest Green,#228B22,94
PR-02538,PC-008,506899.36,151.7,6,Slate Gray,#708090,121
PR-02539,PC-014,487528.18,213.9,7,Sage Green,#9CAF88,274
PR-02540,PC-019,264881.79,44.3,1,Slate Gray,#708090,274
PR-02541,PC-011,422277.4,164.9,6,Sky Blue,#87CEEB,170
PR-02542,PC-001,475026.28,209.4,7,Blush Pink,#F9C6C9,32
PR-02543,PC-039,292956.21,61.9,1,Sand Beige,#F4E1C1,52
PR-02544,PC-042,216658.09,48.6,1,Ivory White,#FFFFF0,129
PR-02545,PC-032,523057.88,153.8,5,Sand Beige,#F4E1C1,17
PR-02546,PC-020,457531.86,165.0,5,Sand Beige,#F4E1C1,78
PR-02547,PC-003,346202.83,186.0,7,Terracotta,#E2725B,168
PR-02548,PC-028,231094.5,52.1,3,Blush Pink,#F9C6C9,173
PR-02549,PC-039,399512.43,145.2,4,Blush Pink,#F9C6C9,183
PR-02550,PC-010,386241.98,110.6,3,Sand Beige,#F4E1C1,83
PR-02551,PC-011,443385.71,186.9,6,Sand Beige,#F4E1C1,161
PR-02552,PC-038,357001.26,68.0,3,Forest Green,#228B22,14
PR-02553,PC-019,263007.53,40.4,1,Blush Pink,#F9C6C9,72
PR-02554,PC-040,312086.53,69.7,1,Sage Green,#9CAF88,218
PR-02555,PC-046,340536.45,133.9,5,Forest Green,#228B22,262
PR-02556,PC-002,313859.22,116.7,4,Slate Gray,#708090,159
PR-02557,PC-003,365338.74,200.5,6,Mustard Yellow,#E1AD01,43
PR-02558,PC-031,375952.11,184.1,7,Charcoal Black,#36454F,144
PR-02559,PC-037,498996.58,185.4,7,Terracotta,#E2725B,100
PR-02560,PC-026,239597.9,104.4,3,Ivory White,#FFFFF0,46
PR-02561,PC-020,419410.02,126.6,4,Charcoal Black,#36454F,67
PR-02562,PC-017,312722.7,116.7,4,Slate Gray,#708090,40
PR-02563,PC-010,398545.34,112.3,4,Charcoal Black,#36454F,2
PR-02564,PC-033,327705.1,58.2,1,Sand Beige,#F4E1C1,122
PR-02565,PC-008,576874.33,210.9,7,Mustard Yellow,#E1AD01,265
PR-02566,PC-037,505683.49,199.9,6,Forest Green,#228B22,46
PR-02567,PC-014,342460.03,101.3,3,Sand Beige,#F4E1C1,8
PR-02568,PC-033,467635.23,161.9,5,Blush Pink,#F9C6C9,227
PR-02569,PC-015,274804.81,71.3,2,Mustard Yellow,#E1AD01,240
PR-02570,PC-039,369903.6,115.7,4,Mustard Yellow,#E1AD01,112
PR-02571,PC-045,230962.2,105.6,3,Blush Pink,#F9C6C9,133
PR-02572,PC-003,374566.89,206.6,7,Charcoal Black,#36454F,22
PR-02573,PC-022,424769.21,154.9,5,Mustard Yellow,#E1AD01,170
PR-02574,PC-002,347836.49,144.5,4,Slate Gray,#708090,64
PR-02575,PC-007,264124.98,122.0,4,Blush Pink,#F9C6C9,244
PR-02576,PC-012,360085.13,121.0,5,Sand Beige,#F4E1C1,142
PR-02577,PC-023,385962.9,130.0,6,Charcoal Black,#36454F,167
PR-02578,PC-042,214695.57,47.9,1,Sage Green,#9CAF88,22
PR-02579,PC-009,471679.95,163.4,5,Blush Pink,#F9C6C9,163
PR-02580,PC-002,254681.71,68.0,3,Terracotta,#E2725B,70
PR-02581,PC-038,370327.8,74.3,4,Sky Blue,#87CEEB,245
PR-02582,PC-025,332160.5,122.3,5,Charcoal Black,#36454F,178
PR-02583,PC-012,271211.14,58.6,2,Sand Beige,#F4E1C1,240
PR-02584,PC-027,398839.23,120.3,5,Mustard Yellow,#E1AD01,25
PR-02585,PC-043,148377.46,42.6,1,Ivory White,#FFFFF0,113
PR-02586,PC-016,278305.89,47.0,2,Sky Blue,#87CEEB,84
PR-02587,PC-039,368705.35,115.2,4,Sage Green,#9CAF88,109
PR-02588,PC-032,423028.38,72.2,2,Sky Blue,#87CEEB,222
PR-02589,PC-002,376226.07,161.7,7,Sand Beige,#F4E1C1,151
PR-02590,PC-005,518284.3,219.8,7,Terracotta,#E2725B,110
PR-02591,PC-017,406504.19,195.2,7,Terracotta,#E2725B,145
PR-02592,PC-038,379432.82,83.4,3,Sand Beige,#F4E1C1,161
PR-02593,PC-014,354625.13,110.7,3,Mustard Yellow,#E1AD01,218
PR-02594,PC-018,283984.71,112.2,3,Sage Green,#9CAF88,44
PR-02595,PC-046,259581.78,82.2,2,Forest Green,#228B22,10
PR-02596,PC-038,514154.76,196.8,6,Slate Gray,#708090,278
PR-02597,PC-002,235517.28,55.3,2,Sand Beige,#F4E1C1,106
PR-02598,PC-035,241662.7,75.3,3,Forest Green,#228B22,49
PR-02599,PC-014,357587.33,108.9,4,Blush Pink,#F9C6C9,235
PR-02600,PC-001,334008.55,104.4,3,Sand Beige,#F4E1C1,3
PR-02601,PC-050,424759.04,207.6,6,Blush Pink,#F9C6C9,68
PR-02602,PC-013,531491.52,189.8,7,Sage Green,#9CAF88,161
PR-02603,PC-037,433838.51,145.7,4,Terracotta,#E2725B,61
PR-02604,PC-009,535171.56,216.9,7,Slate Gray,#708090,118
PR-02605,PC-045,363727.88,200.8,7,Mustard Yellow,#E1AD01,137
PR-02606,PC-023,339086.33,98.4,3,Sage Green,#9CAF88,156
PR-02607,PC-048,484451.56,119.9,5,Sky Blue,#87CEEB,17
PR-02608,PC-029,244965.02,181.6,5,Forest Green,#228B22,183
PR-02609,PC-018,375522.62,183.4,6,Slate Gray,#708090,119
PR-02610,PC-033,471635.75,162.3,5,Ivory White,#FFFFF0,225
PR-02611,PC-039,274988.83,50.1,1,Charcoal Black,#36454F,183
PR-02612,PC-046,264233.6,79.5,3,Mustard Yellow,#E1AD01,214
PR-02613,PC-011,414987.58,160.9,5,Slate Gray,#708090,53
PR-02614,PC-040,346908.54,90.3,3,Forest Green,#228B22,18
PR-02615,PC-049,506393.88,147.8,4,Blush Pink,#F9C6C9,213
PR-02616,PC-033,534146.2,214.0,7,Charcoal Black,#36454F,280
PR-02617,PC-048,561723.79,180.1,6,Blush Pink,#F9C6C9,240
PR-02618,PC-041,265663.73,92.1,2,Slate Gray,#708090,275
PR-02619,PC-025,357459.95,143.5,5,Blush Pink,#F9C6C9,271
PR-02620,PC-045,208371.64,88.5,1,Charcoal Black,#36454F,175
PR-02621,PC-050,417406.93,192.1,7,Sky Blue,#87CEEB,62
PR-02622,PC-035,424892.03,215.6,8,Sage Green,#9CAF88,229
PR-02623,PC-050,390293.33,175.0,6,Terracotta,#E2725B,218
PR-02624,PC-023,481214.32,207.4,7,Slate Gray,#708090,271
PR-02625,PC-002,311766.13,120.7,3,Terracotta,#E2725B,277
PR-02626,PC-036,500283.17,194.9,6,Terracotta,#E2725B,131
PR-02627,PC-013,388736.02,90.4,3,Forest Green,#228B22,226
PR-02628,PC-036,366560.02,91.0,4,Mustard Yellow,#E1AD01,269
PR-02629,PC-036,382763.37,109.8,2,Charcoal Black,#36454F,63
PR-02630,PC-030,441082.9,203.8,6,Sage Green,#9CAF88,100
PR-02631,PC-049,405532.18,76.0,1,Slate Gray,#708090,82
PR-02632,PC-034,452045.26,175.9,5,Terracotta,#E2725B,265
PR-02633,PC-049,565191.7,180.4,7,Mustard Yellow,#E1AD01,184
PR-02634,PC-039,271750.29,44.0,2,Slate Gray,#708090,45
PR-02635,PC-011,376301.16,135.9,5,Charcoal Black,#36454F,261
PR-02636,PC-035,307165.44,123.7,5,Charcoal Black,#36454F,200
PR-02637,PC-020,475044.42,166.2,7,Charcoal Black,#36454F,193
PR-02638,PC-024,255475.49,77.5,2,Sage Green,#9CAF88,238
PR-02639,PC-014,388129.47,128.0,5,Sky Blue,#87CEEB,275
PR-02640,PC-039,465993.49,195.6,7,Mustard Yellow,#E1AD01,73
PR-02641,PC-041,412483.71,197.7,7,Sky Blue,#87CEEB,3
PR-02642,PC-045,326179.39,178.0,6,Sage Green,#9CAF88,184
PR-02643,PC-013,444919.42,128.3,4,Terracotta,#E2725B,270
PR-02644,PC-030,400468.94,167.8,6,Charcoal Black,#36454F,250
PR-02645,PC-016,420715.78,162.3,5,Ivory White,#FFFFF0,236
PR-02646,PC-003,291524.08,139.7,5,Slate Gray,#708090,150
PR-02647,PC-003,211818.12,83.9,3,Forest Green,#228B22,208
PR-02648,PC-048,438953.78,91.7,3,Sky Blue,#87CEEB,215
PR-02649,PC-012,342068.41,109.1,4,Sky Blue,#87CEEB,268
PR-02650,PC-010,521119.67,216.5,6,Sky Blue,#87CEEB,57
PR-02651,PC-024,374991.5,162.0,6,Sky Blue,#87CEEB,68
PR-02652,PC-008,511264.8,165.7,4,Forest Green,#228B22,250
PR-02653,PC-049,417947.45,76.1,2,Slate Gray,#708090,150
PR-02654,PC-004,525052.63,207.0,7,Sky Blue,#87CEEB,209
PR-02655,PC-042,219650.19,50.8,2,Blush Pink,#F9C6C9,196
PR-02656,PC-003,382265.21,207.7,7,Sage Green,#9CAF88,232
PR-02657,PC-043,360000.12,200.8,7,Sky Blue,#87CEEB,177
PR-02658,PC-025,354217.01,141.8,5,Ivory White,#FFFFF0,158
PR-02659,PC-049,502187.42,141.0,5,Sky Blue,#87CEEB,267
PR-02660,PC-047,382705.22,127.4,4,Sky Blue,#87CEEB,262
PR-02661,PC-037,415026.5,132.6,4,Forest Green,#228B22,197
PR-02662,PC-022,450009.72,183.7,6,Slate Gray,#708090,283
PR-02663,PC-034,388111.93,129.4,4,Sand Beige,#F4E1C1,51
PR-02664,PC-043,282309.12,139.4,5,Slate Gray,#708090,31
PR-02665,PC-048,578075.18,205.0,6,Forest Green,#228B22,219
PR-02666,PC-013,524780.74,195.7,6,Slate Gray,#708090,256
PR-02667,PC-031,263588.97,99.9,3,Mustard Yellow,#E1AD01,30
PR-02668,PC-008,540355.73,182.4,6,Sage Green,#9CAF88,53
PR-02669,PC-008,506511.38,154.1,6,Forest Green,#228B22,110
PR-02670,PC-025,308142.28,116.1,3,Slate Gray,#708090,276
PR-02671,PC-005,301075.74,47.4,2,Forest Green,#228B22,56
PR-02672,PC-007,250748.67,112.0,4,Mustard Yellow,#E1AD01,263
PR-02673,PC-016,457409.96,186.2,6,Sky Blue,#87CEEB,111
PR-02674,PC-025,295465.1,100.5,3,Sky Blue,#87CEEB,290
PR-02675,PC-007,177277.03,51.0,2,Ivory White,#FFFFF0,63
PR-02676,PC-026,239923.46,102.7,4,Sand Beige,#F4E1C1,178
PR-02677,PC-034,383782.68,122.3,4,Charcoal Black,#36454F,105
PR-02678,PC-039,352714.12,107.3,4,Forest Green,#228B22,57
PR-02679,PC-035,190343.32,45.1,2,Terracotta,#E2725B,196
PR-02680,PC-044,489576.46,176.8,6,Blush Pink,#F9C6C9,48
PR-02681,PC-022,313864.73,74.6,3,Blush Pink,#F9C6C9,37
PR-02682,PC-016,467053.99,195.8,7,Charcoal Black,#36454F,158
PR-02683,PC-002,355129.62,150.9,4,Charcoal Black,#36454F,258
PR-02684,PC-020,417187.19,122.8,5,Terracotta,#E2725B,279
PR-02685,PC-013,399322.69,97.5,2,Forest Green,#228B22,127
PR-02686,PC-017,415876.09,198.6,7,Sky Blue,#87CEEB,148
PR-02687,PC-024,245922.26,63.1,2,Mustard Yellow,#E1AD01,155
PR-02688,PC-047,267472.0,37.9,2,Charcoal Black,#36454F,263
PR-02689,PC-045,352936.7,202.6,6,Terracotta,#E2725B,283
PR-02690,PC-011,247412.4,40.1,1,Sage Green,#9CAF88,109
PR-02691,PC-028,421638.16,203.7,7,Forest Green,#228B22,134
PR-02692,PC-029,266531.36,191.1,7,Sage Green,#9CAF88,59
PR-02693,PC-030,268359.96,76.0,2,Mustard Yellow,#E1AD01,231
PR-02694,PC-042,382818.1,174.4,7,Sage Green,#9CAF88,201
PR-02695,PC-045,144684.0,44.0,1,Sky Blue,#87CEEB,74
PR-02696,PC-024,437756.27,214.0,7,Ivory White,#FFFFF0,201
PR-02697,PC-010,304485.82,43.2,1,Sage Green,#9CAF88,172
PR-02698,PC-039,463863.48,189.5,6,Mustard Yellow,#E1AD01,213
PR-02699,PC-010,452339.34,160.8,5,Sage Green,#9CAF88,145
PR-02700,PC-005,416555.96,142.6,4,Terracotta,#E2725B,84
PR-02701,PC-046,403867.01,181.3,6,Charcoal Black,#36454F,49
PR-02702,PC-018,302139.88,125.8,5,Sky Blue,#87CEEB,238
PR-02703,PC-017,232242.21,64.0,1,Charcoal Black,#36454F,295
PR-02704,PC-012,344339.33,112.9,4,Slate Gray,#708090,87
PR-02705,PC-002,284032.95,93.5,4,Ivory White,#FFFFF0,167
PR-02706,PC-002,211518.02,42.0,1,Sage Green,#9CAF88,259
PR-02707,PC-042,334314.01,145.5,5,Slate Gray,#708090,257
PR-02708,PC-032,588393.57,195.7,8,Ivory White,#FFFFF0,90
PR-02709,PC-050,223168.14,48.4,1,Sand Beige,#F4E1C1,123
PR-02710,PC-024,421085.03,201.8,7,Mustard Yellow,#E1AD01,112
PR-02711,PC-035,252912.57,88.1,3,Slate Gray,#708090,128
PR-02712,PC-033,332756.87,53.6,3,Forest Green,#228B22,281
PR-02713,PC-006,471728.51,210.3,6,Forest Green,#228B22,162
PR-02714,PC-006,379996.44,141.0,4,Sage Green,#9CAF88,89
PR-02715,PC-003,220760.14,92.1,2,Sand Beige,#F4E1C1,110
PR-02716,PC-006,291945.9,68.3,3,Forest Green,#228B22,261
PR-02717,PC-037,307460.32,50.6,1,Slate Gray,#708090,172
PR-02718,PC-030,343336.35,127.8,5,Sage Green,#9CAF88,207
PR-02719,PC-001,293267.97,64.2,3,Forest Green,#228B22,134
PR-02720,PC-019,288736.1,57.7,2,Charcoal Black,#36454F,249
PR-02721,PC-032,485649.42,132.8,4,Mustard Yellow,#E1AD01,276
PR-02722,PC-040,482170.14,192.7,7,Blush Pink,#F9C6C9,5
PR-02723,PC-001,245204.47,37.8,1,Terracotta,#E2725B,286
PR-02724,PC-040,319906.1,73.0,2,Sage Green,#9CAF88,252
PR-02725,PC-024,283814.13,91.5,4,Sand Beige,#F4E1C1,176
PR-02726,PC-041,270509.5,78.2,4,Slate Gray,#708090,83
PR-02727,PC-002,310101.54,106.4,5,Blush Pink,#F9C6C9,157
PR-02728,PC-040,473391.76,186.1,6,Terracotta,#E2725B,124
PR-02729,PC-043,206856.78,81.2,3,Sage Green,#9CAF88,238
PR-02730,PC-029,66399.16,42.5,1,Blush Pink,#F9C6C9,234
PR-02731,PC-001,423089.28,168.4,5,Ivory White,#FFFFF0,136
PR-02732,PC-024,256993.11,75.6,2,Forest Green,#228B22,134
PR-02733,PC-042,279014.13,98.7,4,Forest Green,#228B22,45
PR-02734,PC-010,447065.08,148.1,6,Sage Green,#9CAF88,232
PR-02735,PC-007,323994.11,168.5,6,Slate Gray,#708090,270
PR-02736,PC-006,372884.25,133.4,4,Sky Blue,#87CEEB,191
PR-02737,PC-004,425812.97,136.5,4,Sky Blue,#87CEEB,93
PR-02738,PC-034,412194.73,145.5,5,Charcoal Black,#36454F,269
PR-02739,PC-036,352142.18,77.5,3,Terracotta,#E2725B,1
PR-02740,PC-030,381840.02,158.5,5,Sky Blue,#87CEEB,188
PR-02741,PC-021,322894.63,88.8,3,Slate Gray,#708090,24
PR-02742,PC-032,561279.09,192.3,6,Forest Green,#228B22,229
PR-02743,PC-036,508021.99,201.1,6,Slate Gray,#708090,43
PR-02744,PC-004,382612.46,99.3,3,Sand Beige,#F4E1C1,290
PR-02745,PC-043,204897.05,89.1,2,Ivory White,#FFFFF0,165
PR-02746,PC-017,227637.21,57.9,2,Mustard Yellow,#E1AD01,72
PR-02747,PC-028,327315.48,139.2,4,Blush Pink,#F9C6C9,183
PR-02748,PC-049,521598.55,157.6,6,Mustard Yellow,#E1AD01,22
PR-02749,PC-010,394829.32,110.1,4,Mustard Yellow,#E1AD01,203
PR-02750,PC-003,229978.13,88.8,4,Mustard Yellow,#E1AD01,69
PR-02751,PC-040,287190.15,45.2,1,Mustard Yellow,#E1AD01,258
PR-02752,PC-042,399139.39,185.6,6,Charcoal Black,#36454F,272
PR-02753,PC-037,441903.63,143.1,6,Slate Gray,#708090,269
PR-02754,PC-018,226451.42,64.9,2,Sage Green,#9CAF88,253
PR-02755,PC-029,163864.08,120.1,4,Forest Green,#228B22,215
PR-02756,PC-019,286898.28,58.9,2,Slate Gray,#708090,171
PR-02757,PC-031,398605.63,205.5,6,Ivory White,#FFFFF0,26
PR-02758,PC-039,264846.04,39.3,2,Sage Green,#9CAF88,106
PR-02759,PC-017,424899.31,213.8,6,Sage Green,#9CAF88,45
PR-02760,PC-008,478705.76,137.4,5,Sky Blue,#87CEEB,182
PR-02761,PC-021,478021.14,205.9,6,Sky Blue,#87CEEB,148
PR-02762,PC-006,435821.7,173.5,6,Ivory White,#FFFFF0,5
PR-02763,PC-008,369674.8,50.5,2,Sand Beige,#F4E1C1,4
PR-02764,PC-033,412347.07,124.3,4,Ivory White,#FFFFF0,45
PR-02765,PC-012,449178.7,203.2,6,Slate Gray,#708090,230
PR-02766,PC-005,467148.9,184.6,6,Slate Gray,#708090,281
PR-02767,PC-004,503010.42,186.1,7,Mustard Yellow,#E1AD01,224
PR-02768,PC-048,599612.66,215.8,7,Forest Green,#228B22,164
PR-02769,PC-015,352537.71,132.2,4,Mustard Yellow,#E1AD01,297
PR-02770,PC-039,477308.5,202.5,6,Sage Green,#9CAF88,212
PR-02771,PC-042,259164.11,81.9,3,Ivory White,#FFFFF0,165
PR-02772,PC-048,450827.51,101.2,4,Charcoal Black,#36454F,16
PR-02773,PC-003,360755.87,198.7,6,Sage Green,#9CAF88,239
PR-02774,PC-025,344950.54,136.1,4,Terracotta,#E2725B,36
PR-02775,PC-034,313569.6,66.9,3,Sand Beige,#F4E1C1,192
PR-02776,PC-017,337512.71,137.5,5,Terracotta,#E2725B,104
PR-02777,PC-020,339046.1,66.8,2,Sand Beige,#F4E1C1,135
PR-02778,PC-038,399726.86,101.0,3,Charcoal Black,#36454F,129
PR-02779,PC-038,527481.03,197.2,7,Charcoal Black,#36454F,189
PR-02780,PC-004,387180.67,93.8,4,Terracotta,#E2725B,42
PR-02781,PC-008,371194.47,58.0,1,Charcoal Black,#36454F,289
PR-02782,PC-020,494522.28,187.5,6,Sand Beige,#F4E1C1,215
PR-02783,PC-040,329859.72,77.1,3,Ivory White,#FFFFF0,175
PR-02784,PC-024,249281.67,65.8,2,Terracotta,#E2725B,223
PR-02785,PC-015,304169.08,91.9,3,Sky Blue,#87CEEB,36
PR-02786,PC-028,326975.04,128.6,5,Ivory White,#FFFFF0,103
PR-02787,PC-016,330136.14,98.0,3,Mustard Yellow,#E1AD01,116
PR-02788,PC-035,300855.51,120.1,5,Charcoal Black,#36454F,295
PR-02789,PC-006,256174.06,37.6,2,Forest Green,#228B22,87
PR-02790,PC-049,592634.67,212.7,7,Charcoal Black,#36454F,254
PR-02791,PC-031,230710.25,69.7,3,Forest Green,#228B22,51
PR-02792,PC-026,393796.71,218.2,8,Charcoal Black,#36454F,248
PR-02793,PC-003,223622.8,85.1,4,Blush Pink,#F9C6C9,160
PR-02794,PC-043,312171.37,160.2,5,Terracotta,#E2725B,211
PR-02795,PC-039,327883.28,91.0,2,Sand Beige,#F4E1C1,264
PR-02796,PC-005,421396.74,144.7,5,Slate Gray,#708090,106
PR-02797,PC-010,512250.33,202.1,7,Terracotta,#E2725B,104
PR-02798,PC-042,223386.56,51.2,2,Slate Gray,#708090,155
PR-02799,PC-022,414614.7,144.9,5,Terracotta,#E2725B,266
PR-02800,PC-021,434056.99,169.1,6,Sky Blue,#87CEEB,265
PR-02801,PC-034,282812.56,43.1,2,Blush Pink,#F9C6C9,298
PR-02802,PC-039,417399.5,154.5,6,Blush Pink,#F9C6C9,21
PR-02803,PC-005,315093.43,63.9,2,Terracotta,#E2725B,4
PR-02804,PC-027,332324.56,69.5,3,Charcoal Black,#36454F,277
PR-02805,PC-030,389673.89,165.5,6,Slate Gray,#708090,279
PR-02806,PC-033,506665.59,190.1,7,Terracotta,#E2725B,284
PR-02807,PC-042,262537.58,89.4,2,Mustard Yellow,#E1AD01,69
PR-02808,PC-016,459315.46,188.8,6,Sky Blue,#87CEEB,75
PR-02809,PC-009,397773.52,102.2,4,Mustard Yellow,#E1AD01,101
PR-02810,PC-002,212493.11,36.5,2,Forest Green,#228B22,294
PR-02811,PC-039,321274.28,83.7,3,Mustard Yellow,#E1AD01,187
PR-02812,PC-026,269377.29,118.8,4,Sky Blue,#87CEEB,43
PR-02813,PC-007,270756.08,129.0,4,Mustard Yellow,#E1AD01,67
PR-02814,PC-045,220065.78,92.1,3,Ivory White,#FFFFF0,265
PR-02815,PC-045,258083.0,130.5,4,Slate Gray,#708090,92
PR-02816,PC-017,226760.26,45.9,2,Sky Blue,#87CEEB,158
PR-02817,PC-027,301082.73,53.2,1,Terracotta,#E2725B,214
PR-02818,PC-014,321889.46,81.2,3,Sage Green,#9CAF88,60
PR-02819,PC-040,358029.38,96.9,3,Sky Blue,#87CEEB,279
PR-02820,PC-015,344766.98,125.2,4,Forest Green,#228B22,214
PR-02821,PC-035,342248.46,160.4,5,Charcoal Black,#36454F,175
PR-02822,PC-033,306282.82,45.4,1,Terracotta,#E2725B,21
PR-02823,PC-005,479604.6,190.0,6,Ivory White,#FFFFF0,276
PR-02824,PC-007,184771.9,61.2,2,Terracotta,#E2725B,287
PR-02825,PC-020,424737.09,134.3,5,Forest Green,#228B22,160
PR-02826,PC-050,299684.61,103.2,3,Sage Green,#9CAF88,220
PR-02827,PC-022,465467.2,186.8,6,Sage Green,#9CAF88,57
PR-02828,PC-011,439747.4,188.1,6,Forest Green,#228B22,177
PR-02829,PC-012,465277.5,213.0,7,Terracotta,#E2725B,98
PR-02830,PC-004,454376.61,152.9,5,Blush Pink,#F9C6C9,12
PR-02831,PC-048,435226.05,88.3,4,Terracotta,#E2725B,282
PR-02832,PC-026,362499.34,190.3,7,Ivory White,#FFFFF0,183
PR-02833,PC-016,477921.65,206.6,6,Sand Beige,#F4E1C1,158
PR-02834,PC-036,357498.42,89.2,3,Forest Green,#228B22,112
PR-02835,PC-006,501792.68,218.5,8,Slate Gray,#708090,172
PR-02836,PC-042,209628.82,44.8,2,Charcoal Black,#36454F,144
PR-02837,PC-017,338346.52,144.0,4,Charcoal Black,#36454F,266
PR-02838,PC-031,234342.34,77.0,3,Sage Green,#9CAF88,45
PR-02839,PC-043,207984.85,85.8,3,Sage Green,#9CAF88,261
PR-02840,PC-001,301200.53,69.5,3,Sand Beige,#F4E1C1,41
PR-02841,PC-041,340604.32,140.2,5,Slate Gray,#708090,184
PR-02842,PC-008,373864.71,49.5,3,Sand Beige,#F4E1C1,84
PR-02843,PC-043,358830.42,199.7,6,Terracotta,#E2725B,39
PR-02844,PC-022,490632.62,212.4,6,Charcoal Black,#36454F,237
PR-02845,PC-047,426024.65,156.8,5,Terracotta,#E2725B,64
PR-02846,PC-046,290004.14,94.3,3,Sand Beige,#F4E1C1,168
PR-02847,PC-047,308928.43,72.4,2,Sky Blue,#87CEEB,110
PR-02848,PC-033,369043.48,86.3,3,Forest Green,#228B22,185
PR-02849,PC-050,310922.53,122.5,3,Mustard Yellow,#E1AD01,268
PR-02850,PC-038,497833.27,184.9,5,Sage Green,#9CAF88,187
PR-02851,PC-022,384659.17,126.9,4,Blush Pink,#F9C6C9,190
PR-02852,PC-017,263742.88,81.0,3,Ivory White,#FFFFF0,110
PR-02853,PC-033,301175.49,37.7,1,Ivory White,#FFFFF0,262
PR-02854,PC-038,350448.18,68.4,2,Blush Pink,#F9C6C9,77
PR-02855,PC-041,386015.71,173.9,7,Ivory White,#FFFFF0,56
PR-02856,PC-043,297666.14,153.2,5,Sand Beige,#F4E1C1,243
PR-02857,PC-050,311255.39,118.5,2,Sage Green,#9CAF88,221
PR-02858,PC-011,464461.14,203.3,7,Sand Beige,#F4E1C1,255
PR-02859,PC-013,445242.03,126.2,4,Slate Gray,#708090,271
PR-02860,PC-005,426976.4,148.4,5,Slate Gray,#708090,140
PR-02861,PC-029,206165.57,141.8,5,Sage Green,#9CAF88,105
PR-02862,PC-024,314282.57,114.6,4,Terracotta,#E2725B,97
PR-02863,PC-011,247673.62,35.1,1,Slate Gray,#708090,194
PR-02864,PC-029,57078.21,36.2,1,Blush Pink,#F9C6C9,141
PR-02865,PC-014,278831.3,57.8,1,Terracotta,#E2725B,94
PR-02866,PC-031,386189.36,190.0,7,Charcoal Black,#36454F,268
PR-02867,PC-007,296690.17,154.4,5,Charcoal Black,#36454F,2
PR-02868,PC-020,465987.93,167.1,5,Slate Gray,#708090,219
PR-02869,PC-045,274812.8,134.6,4,Slate Gray,#708090,242
PR-02870,PC-016,397995.23,145.5,4,Slate Gray,#708090,48
PR-02871,PC-047,274894.11,48.4,1,Charcoal Black,#36454F,117
PR-02872,PC-050,252209.75,73.4,2,Ivory White,#FFFFF0,255
PR-02873,PC-023,489044.82,215.7,6,Terracotta,#E2725B,135
PR-02874,PC-003,282857.2,133.7,4,Terracotta,#E2725B,108
PR-02875,PC-014,490465.22,217.6,7,Slate Gray,#708090,296
PR-02876,PC-026,191258.1,67.3,2,Terracotta,#E2725B,127
PR-02877,PC-001,415505.34,167.6,5,Blush Pink,#F9C6C9,259
PR-02878,PC-018,216316.22,63.5,2,Charcoal Black,#36454F,271
PR-02879,PC-029,109548.36,76.9,3,Charcoal Black,#36454F,223
PR-02880,PC-027,335916.33,83.0,2,Sage Green,#9CAF88,277
PR-02881,PC-050,220312.74,36.3,2,Sky Blue,#87CEEB,285
PR-02882,PC-011,320545.15,88.4,3,Slate Gray,#708090,153
PR-02883,PC-006,369783.69,126.9,5,Sage Green,#9CAF88,218
PR-02884,PC-016,311283.7,73.6,2,Slate Gray,#708090,287
PR-02885,PC-018,239495.01,78.1,2,Charcoal Black,#36454F,174
PR-02886,PC-022,465397.23,190.7,6,Ivory White,#FFFFF0,254
PR-02887,PC-018,179971.32,35.5,1,Sage Green,#9CAF88,11
PR-02888,PC-024,400939.74,187.8,6,Sky Blue,#87CEEB,142
PR-02889,PC-050,301259.17,110.1,3,Charcoal Black,#36454F,284
PR-02890,PC-047,346843.54,97.3,3,Slate Gray,#708090,281
PR-02891,PC-002,222585.62,49.5,1,Mustard Yellow,#E1AD01,151
PR-02892,PC-028,270494.43,85.4,3,Sage Green,#9CAF88,51
PR-02893,PC-040,286284.84,42.7,1,Sky Blue,#87CEEB,64
PR-02894,PC-041,279857.57,90.5,3,Forest Green,#228B22,97
PR-02895,PC-029,100213.55,76.2,1,Forest Green,#228B22,66
PR-02896,PC-033,396341.46,102.0,4,Forest Green,#228B22,150
PR-02897,PC-049,486606.0,127.8,5,Mustard Yellow,#E1AD01,88
PR-02898,PC-033,493715.43,177.3,7,Blush Pink,#F9C6C9,165
PR-02899,PC-050,353829.76,147.1,5,Forest Green,#228B22,102
PR-02900,PC-038,554665.24,215.9,8,Sky Blue,#87CEEB,9
PR-02901,PC-018,217213.19,65.9,2,Sage Green,#9CAF88,236
PR-02902,PC-044,525299.21,210.8,7,Sage Green,#9CAF88,36
PR-02903,PC-046,379222.02,160.4,6,Terracotta,#E2725B,209
PR-02904,PC-010,381937.22,96.3,4,Ivory White,#FFFFF0,117
PR-02905,PC-012,237440.22,38.8,1,Sage Green,#9CAF88,127
PR-02906,PC-025,367289.78,155.3,5,Sky Blue,#87CEEB,293
PR-02907,PC-022,323598.84,92.5,1,Forest Green,#228B22,233
PR-02908,PC-036,313712.32,51.9,2,Slate Gray,#708090,52
PR-02909,PC-019,306305.38,79.6,2,Slate Gray,#708090,220
PR-02910,PC-015,316353.42,101.8,3,Charcoal Black,#36454F,109
PR-02911,PC-045,163172.34,53.5,1,Mustard Yellow,#E1AD01,273
PR-02912,PC-017,322481.95,128.5,4,Sage Green,#9CAF88,79
PR-02913,PC-043,371458.04,213.9,7,Sky Blue,#87CEEB,88
PR-02914,PC-045,219273.6,99.3,3,Blush Pink,#F9C6C9,25
PR-02915,PC-018,282642.99,107.2,3,Mustard Yellow,#E1AD01,66
PR-02916,PC-034,414531.7,149.0,4,Blush Pink,#F9C6C9,58
PR-02917,PC-005,504833.71,206.6,7,Charcoal Black,#36454F,273
PR-02918,PC-021,463876.04,187.7,6,Mustard Yellow,#E1AD01,111
PR-02919,PC-004,320403.81,48.1,2,Blush Pink,#F9C6C9,113
PR-02920,PC-035,389243.97,193.3,7,Blush Pink,#F9C6C9,113
PR-02921,PC-006,400110.1,149.2,6,Ivory White,#FFFFF0,25
PR-02922,PC-015,374118.44,146.7,4,Terracotta,#E2725B,92
PR-02923,PC-030,373516.12,155.2,4,Slate Gray,#708090,93
PR-02924,PC-007,160277.88,46.1,1,Blush Pink,#F9C6C9,196
PR-02925,PC-044,372783.38,90.8,3,Ivory White,#FFFFF0,245
PR-02926,PC-042,368544.41,166.4,6,Blush Pink,#F9C6C9,11
PR-02927,PC-040,374314.67,108.0,4,Mustard Yellow,#E1AD01,33
PR-02928,PC-022,409965.64,148.6,5,Sand Beige,#F4E1C1,10
PR-02929,PC-039,393725.8,138.7,5,Forest Green,#228B22,78
PR-02930,PC-033,539663.68,212.7,7,Ivory White,#FFFFF0,234
PR-02931,PC-049,430154.63,84.6,3,Sky Blue,#87CEEB,109
PR-02932,PC-013,371966.52,78.1,2,Slate Gray,#708090,192
PR-02933,PC-012,246555.27,46.6,1,Ivory White,#FFFFF0,154
PR-02934,PC-025,242891.39,54.2,3,Slate Gray,#708090,91
PR-02935,PC-018,188877.22,40.6,1,Sand Beige,#F4E1C1,241
PR-02936,PC-035,278611.2,112.0,4,Terracotta,#E2725B,159
PR-02937,PC-032,392465.36,56.1,1,Ivory White,#FFFFF0,215
PR-02938,PC-019,306759.35,80.0,1,Ivory White,#FFFFF0,155
PR-02939,PC-038,462007.17,150.7,5,Terracotta,#E2725B,292
PR-02940,PC-011,475539.14,205.9,7,Sand Beige,#F4E1C1,173
PR-02941,PC-017,435414.09,213.9,7,Blush Pink,#F9C6C9,221
PR-02942,PC-031,335684.55,153.9,5,Mustard Yellow,#E1AD01,217
PR-02943,PC-034,472169.62,187.2,6,Sage Green,#9CAF88,196
PR-02944,PC-047,415497.94,142.4,5,Blush Pink,#F9C6C9,279
PR-02945,PC-014,494808.4,215.1,7,Ivory White,#FFFFF0,299
PR-02946,PC-011,401092.08,154.6,5,Slate Gray,#708090,13
PR-02947,PC-011,305469.58,77.6,3,Charcoal Black,#36454F,264
PR-02948,PC-033,380165.94,103.5,3,Ivory White,#FFFFF0,276
PR-02949,PC-039,355847.12,102.6,4,Slate Gray,#708090,124
PR-02950,PC-012,263648.95,51.7,2,Sky Blue,#87CEEB,216
PR-02951,PC-005,438472.7,156.5,5,Ivory White,#FFFFF0,214
PR-02952,PC-014,333758.74,91.5,4,Charcoal Black,#36454F,241
PR-02953,PC-039,388464.16,134.9,5,Sky Blue,#87CEEB,185
PR-02954,PC-018,216203.22,55.7,3,Mustard Yellow,#E1AD01,179
PR-02955,PC-024,354326.18,145.9,5,Forest Green,#228B22,136
PR-02956,PC-049,370958.98,48.3,1,Charcoal Black,#36454F,5
PR-02957,PC-025,396617.26,174.7,7,Blush Pink,#F9C6C9,137
PR-02958,PC-033,465961.98,154.1,6,Sky Blue,#87CEEB,175
PR-02959,PC-040,442978.45,159.7,6,Mustard Yellow,#E1AD01,103
PR-02960,PC-036,356311.0,87.7,2,Charcoal Black,#36454F,23
PR-02961,PC-030,229736.12,41.0,2,Slate Gray,#708090,156
PR-02962,PC-033,325616.89,45.9,2,Charcoal Black,#36454F,56
PR-02963,PC-022,446102.14,174.4,5,Slate Gray,#708090,21
PR-02964,PC-044,379409.38,105.4,2,Mustard Yellow,#E1AD01,184
PR-02965,PC-010,382642.07,105.1,3,Mustard Yellow,#E1AD01,186
PR-02966,PC-050,266542.77,81.5,3,Mustard Yellow,#E1AD01,234
PR-02967,PC-046,412943.25,192.7,6,Sand Beige,#F4E1C1,58
PR-02968,PC-032,469933.83,121.2,2,Sand Beige,#F4E1C1,40
PR-02969,PC-038,527651.57,198.8,6,Forest Green,#228B22,162
PR-02970,PC-028,313441.98,130.1,3,Mustard Yellow,#E1AD01,138
PR-02971,PC-024,417445.3,199.6,6,Blush Pink,#F9C6C9,178
PR-02972,PC-047,424746.03,158.4,5,Sky Blue,#87CEEB,228
PR-02973,PC-030,244270.33,48.0,2,Charcoal Black,#36454F,216
PR-02974,PC-006,311114.79,86.3,2,Blush Pink,#F9C6C9,267
PR-02975,PC-009,324291.58,49.6,2,Terracotta,#E2725B,76
PR-02976,PC-047,455077.48,177.3,6,Mustard Yellow,#E1AD01,167
PR-02977,PC-020,349739.78,71.4,2,Slate Gray,#708090,154
PR-02978,PC-041,249966.5,65.0,3,Blush Pink,#F9C6C9,148
PR-02979,PC-016,350729.5,114.9,3,Forest Green,#228B22,246
PR-02980,PC-010,397950.23,113.0,4,Forest Green,#228B22,298
PR-02981,PC-043,212190.26,89.3,2,Sky Blue,#87CEEB,92
PR-02982,PC-031,221112.35,70.4,2,Slate Gray,#708090,48
PR-02983,PC-047,415105.89,147.8,5,Charcoal Black,#36454F,258
PR-02984,PC-017,301918.42,113.4,3,Terracotta,#E2725B,172
PR-02985,PC-025,349720.9,144.7,4,Forest Green,#228B22,236
PR-02986,PC-024,237013.45,62.1,2,Mustard Yellow,#E1AD01,286
PR-02987,PC-011,298556.42,77.9,2,Sand Beige,#F4E1C1,82
PR-02988,PC-025,388495.21,169.7,6,Slate Gray,#708090,229
PR-02989,PC-012,314083.09,94.2,3,Charcoal Black,#36454F,43
PR-02990,PC-045,368579.03,208.3,8,Sky Blue,#87CEEB,260
PR-02991,PC-046,379350.27,165.1,5,Sage Green,#9CAF88,157
PR-02992,PC-036,349609.86,77.8,3,Ivory White,#FFFFF0,37
PR-02993,PC-025,348439.74,139.1,6,Charcoal Black,#36454F,158
PR-02994,PC-010,411695.38,131.8,4,Blush Pink,#F9C6C9,220
PR-02995,PC-040,348892.39,90.8,3,Forest Green,#228B22,212
PR-02996,PC-023,430362.09,164.6,7,Sage Green,#9CAF88,107
PR-02997,PC-030,455823.79,217.7,7,Blush Pink,#F9C6C9,134
PR-02998,PC-003,349645.52,184.5,6,Forest Green,#228B22,216
PR-02999,PC-036,373728.74,98.3,4,Sand Beige,#F4E1C1,239
PR-03000,PC-028,354105.94,146.4,6,Ivory White,#FFFFF0,271
