review_id,property_id,review_rating,sentiment_score,review_date,flagged_for_moderation
RV-000001,PR-00001,3,29.0,2024-10-01,False
RV-000002,PR-00001,2,31.9,2024-09-16,True
RV-000003,PR-00001,3,34.7,2024-10-26,True
RV-000004,PR-00002,3,39.2,2025-06-22,False
RV-000005,PR-00002,2,32.9,2025-08-04,True
RV-000006,PR-00002,2,43.2,2025-02-06,False
RV-000007,PR-00003,4,68.0,2025-04-24,False
RV-000008,PR-00003,3,76.5,2026-01-24,False
RV-000009,PR-00003,3,77.8,2024-09-13,False
RV-000010,PR-00004,3,42.3,2026-08-02,True
RV-000011,PR-00004,2,43.3,2026-03-31,False
RV-000012,PR-00004,2,49.1,2026-01-20,True
RV-000013,PR-00005,4,47.9,2024-11-11,True
RV-000014,PR-00005,3,50.2,2024-09-30,True
RV-000015,PR-00005,3,60.2,2025-04-01,False
RV-000016,PR-00006,4,76.9,2025-10-23,False
RV-000017,PR-00006,4,75.3,2025-12-06,True
RV-000018,PR-00006,4,74.5,2026-08-15,False
RV-000019,PR-00007,2,40.1,2024-10-09,True
RV-000020,PR-00007,3,43.5,2025-10-08,False
RV-000021,PR-00007,2,42.7,2026-07-18,True
RV-000022,PR-00008,3,43.1,2025-11-18,False
RV-000023,PR-00008,3,48.5,2025-05-24,True
RV-000024,PR-00008,3,52.9,2025-10-05,True
RV-000025,PR-00009,3,42.5,2025-11-29,True
RV-000026,PR-00009,3,46.6,2025-03-25,False
RV-000027,PR-00009,3,48.1,2026-07-06,True
RV-000028,PR-00010,2,54.3,2026-06-05,True
RV-000029,PR-00010,3,57.3,2025-05-15,True
RV-000030,PR-00010,3,55.9,2025-11-20,True
RV-000031,PR-00011,4,82.4,2025-01-25,False
RV-000032,PR-00011,4,84.9,2026-01-07,False
RV-000033,PR-00011,5,69.1,2025-10-11,False
RV-000034,PR-00012,4,62.4,2026-07-02,False
RV-000035,PR-00012,4,78.0,2026-07-20,False
RV-000036,PR-00012,4,81.7,2025-11-13,False
RV-000037,PR-00013,4,73.7,2026-02-03,False
RV-000038,PR-00013,4,72.3,2026-01-13,False
RV-000039,PR-00013,4,89.8,2026-06-23,True
RV-000040,PR-00014,2,31.8,2025-06-29,False
RV-000041,PR-00014,2,30.3,2025-05-12,False
RV-000042,PR-00014,2,26.4,2024-12-06,False
RV-000043,PR-00015,4,85.4,2025-01-19,False
RV-000044,PR-00015,4,82.4,2026-08-30,True
RV-000045,PR-00015,4,87.0,2026-03-02,True
RV-000046,PR-00016,2,23.3,2026-07-15,True
RV-000047,PR-00016,2,25.4,2026-03-07,False
RV-000048,PR-00016,1,33.0,2025-01-21,False
RV-000049,PR-00017,3,46.7,2025-12-11,True
RV-000050,PR-00017,3,54.4,2024-09-19,True
RV-000051,PR-00017,3,53.5,2025-06-01,True
RV-000052,PR-00018,4,88.8,2025-06-26,True
RV-000053,PR-00018,4,87.4,2025-05-13,True
RV-000054,PR-00018,5,89.9,2025-12-27,True
RV-000055,PR-00019,4,53.1,2025-02-25,True
RV-000056,PR-00019,4,40.1,2026-09-09,False
RV-000057,PR-00019,2,38.6,2025-05-24,False
RV-000058,PR-00020,4,73.7,2026-05-04,False
RV-000059,PR-00020,4,70.4,2025-04-19,True
RV-000060,PR-00020,4,81.3,2025-07-26,True
RV-000061,PR-00021,3,38.5,2024-10-14,False
RV-000062,PR-00021,3,33.4,2026-07-26,True
RV-000063,PR-00021,3,35.2,2024-09-14,True
RV-000064,PR-00022,3,67.2,2026-01-03,True
RV-000065,PR-00022,3,48.2,2025-02-04,False
RV-000066,PR-00022,3,68.8,2025-07-26,True
RV-000067,PR-00023,3,39.7,2025-08-15,True
RV-000068,PR-00023,3,50.5,2025-08-07,False
RV-000069,PR-00023,3,45.4,2024-12-17,True
RV-000070,PR-00024,4,68.9,2026-02-11,True
RV-000071,PR-00024,4,82.0,2025-05-01,False
RV-000072,PR-00024,4,68.3,2024-11-27,True
RV-000073,PR-00025,3,64.6,2025-10-03,False
RV-000074,PR-00025,4,52.8,2026-08-20,True
RV-000075,PR-00025,3,60.6,2025-04-08,False
RV-000076,PR-00026,4,87.0,2025-07-30,True
RV-000077,PR-00026,4,82.9,2025-12-22,True
RV-000078,PR-00026,4,94.3,2026-06-09,False
RV-000079,PR-00027,2,14.1,2025-06-09,True
RV-000080,PR-00027,2,28.8,2025-09-02,False
RV-000081,PR-00027,2,35.8,2026-02-14,False
RV-000082,PR-00028,3,57.2,2025-06-23,False
RV-000083,PR-00028,3,61.4,2026-02-07,True
RV-000084,PR-00028,3,39.6,2025-07-17,False
RV-000085,PR-00029,3,47.9,2024-12-14,True
RV-000086,PR-00029,3,41.9,2025-06-02,False
RV-000087,PR-00029,4,47.2,2024-12-10,False
RV-000088,PR-00030,3,52.1,2024-11-05,False
RV-000089,PR-00030,2,54.1,2024-10-17,False
RV-000090,PR-00030,3,55.9,2024-10-24,True
RV-000091,PR-00031,3,56.0,2026-01-22,False
RV-000092,PR-00031,3,47.7,2026-01-20,False
RV-000093,PR-00031,3,52.5,2025-06-23,True
RV-000094,PR-00032,4,70.4,2024-11-11,False
RV-000095,PR-00032,3,64.5,2026-01-23,True
RV-000096,PR-00032,4,65.3,2025-03-08,False
RV-000097,PR-00033,4,91.8,2025-02-12,False
RV-000098,PR-00033,5,89.4,2026-08-25,False
RV-000099,PR-00033,5,84.0,2025-09-24,False
RV-000100,PR-00034,4,79.7,2025-12-20,True
RV-000101,PR-00034,4,84.9,2024-12-22,False
RV-000102,PR-00034,5,77.7,2026-01-28,False
RV-000103,PR-00035,3,47.2,2025-11-09,True
RV-000104,PR-00035,3,36.4,2025-06-24,True
RV-000105,PR-00035,3,37.1,2025-04-19,True
RV-000106,PR-00036,2,28.9,2026-02-03,False
RV-000107,PR-00036,2,30.1,2026-07-05,False
RV-000108,PR-00036,2,19.3,2025-09-03,False
RV-000109,PR-00037,2,54.8,2025-12-28,False
RV-000110,PR-00037,3,57.8,2024-09-19,False
RV-000111,PR-00037,3,39.5,2025-03-03,True
RV-000112,PR-00038,3,45.4,2026-08-17,True
RV-000113,PR-00038,3,53.8,2025-01-21,False
RV-000114,PR-00038,3,49.0,2025-04-08,True
RV-000115,PR-00039,3,56.9,2025-12-04,False
RV-000116,PR-00039,3,52.8,2025-03-20,False
RV-000117,PR-00039,3,66.5,2025-10-12,True
RV-000118,PR-00040,3,68.5,2024-12-10,False
RV-000119,PR-00040,4,71.6,2024-11-01,False
RV-000120,PR-00040,4,74.6,2025-11-19,False
RV-000121,PR-00041,5,100.0,2024-10-19,True
RV-000122,PR-00041,5,91.8,2026-06-03,True
RV-000123,PR-00041,4,100.0,2025-05-28,False
RV-000124,PR-00042,3,58.2,2025-03-18,False
RV-000125,PR-00042,4,57.7,2025-02-05,True
RV-000126,PR-00042,3,54.4,2025-11-18,False
RV-000127,PR-00043,4,67.3,2025-06-26,True
RV-000128,PR-00043,3,56.0,2026-06-26,True
RV-000129,PR-00043,4,69.3,2025-11-08,True
RV-000130,PR-00044,2,40.5,2024-10-05,False
RV-000131,PR-00044,2,27.4,2026-02-02,False
RV-000132,PR-00044,2,35.2,2024-09-19,False
RV-000133,PR-00045,2,46.2,2026-04-15,False
RV-000134,PR-00045,3,54.6,2025-01-27,True
RV-000135,PR-00045,3,43.2,2025-03-08,False
RV-000136,PR-00046,4,44.0,2025-07-31,False
RV-000137,PR-00046,3,42.0,2026-04-12,False
RV-000138,PR-00046,3,41.9,2024-12-09,True
RV-000139,PR-00047,4,92.6,2026-02-12,True
RV-000140,PR-00047,4,72.9,2026-08-16,True
RV-000141,PR-00047,4,79.7,2026-06-16,True
RV-000142,PR-00048,2,14.5,2026-02-28,False
RV-000143,PR-00048,2,19.1,2026-08-21,False
RV-000144,PR-00048,1,16.9,2026-07-15,True
RV-000145,PR-00049,3,56.6,2024-10-30,False
RV-000146,PR-00049,3,41.8,2025-10-08,True
RV-000147,PR-00049,3,41.7,2024-12-11,False
RV-000148,PR-00050,3,43.0,2024-09-25,False
RV-000149,PR-00050,3,38.5,2025-10-01,True
RV-000150,PR-00050,3,57.6,2025-05-14,False
RV-000151,PR-00051,4,59.0,2026-08-14,False
RV-000152,PR-00051,3,50.3,2025-02-05,False
RV-000153,PR-00051,3,64.4,2024-12-27,False
RV-000154,PR-00052,3,53.1,2026-01-26,True
RV-000155,PR-00052,3,50.3,2025-01-03,False
RV-000156,PR-00052,3,51.0,2026-04-11,False
RV-000157,PR-00053,4,71.5,2025-06-18,False
RV-000158,PR-00053,4,86.9,2026-03-16,True
RV-000159,PR-00053,4,77.3,2025-01-13,True
RV-000160,PR-00054,4,68.0,2025-05-15,False
RV-000161,PR-00054,4,72.2,2024-12-31,False
RV-000162,PR-00054,4,67.9,2026-02-02,False
RV-000163,PR-00055,3,38.6,2026-01-23,False
RV-000164,PR-00055,2,42.1,2025-09-03,True
RV-000165,PR-00055,3,34.2,2026-01-20,False
RV-000166,PR-00056,4,66.1,2024-10-27,True
RV-000167,PR-00056,3,56.4,2024-09-29,True
RV-000168,PR-00056,4,68.0,2024-10-15,True
RV-000169,PR-00057,2,43.6,2026-06-06,False
RV-000170,PR-00057,3,43.4,2026-07-28,False
RV-000171,PR-00057,2,37.6,2025-04-26,False
RV-000172,PR-00058,4,53.1,2026-07-09,True
RV-000173,PR-00058,4,66.1,2025-07-11,True
RV-000174,PR-00058,4,61.6,2024-09-28,True
RV-000175,PR-00059,3,43.5,2025-02-21,False
RV-000176,PR-00059,3,49.4,2026-07-29,True
RV-000177,PR-00059,3,46.4,2024-09-29,False
RV-000178,PR-00060,4,63.0,2026-07-18,False
RV-000179,PR-00060,4,59.2,2025-11-20,True
RV-000180,PR-00060,3,70.7,2025-02-14,True
RV-000181,PR-00061,4,77.1,2025-09-12,True
RV-000182,PR-00061,4,76.7,2025-09-08,True
RV-000183,PR-00061,4,66.6,2025-12-31,False
RV-000184,PR-00062,3,61.6,2025-11-09,False
RV-000185,PR-00062,3,71.8,2026-08-27,True
RV-000186,PR-00062,4,75.4,2025-09-04,False
RV-000187,PR-00063,3,19.8,2025-07-12,True
RV-000188,PR-00063,2,34.8,2025-12-10,True
RV-000189,PR-00063,3,40.4,2026-05-19,True
RV-000190,PR-00064,4,73.7,2026-06-05,False
RV-000191,PR-00064,4,59.2,2024-10-18,True
RV-000192,PR-00064,3,69.8,2025-10-27,False
RV-000193,PR-00065,3,25.5,2024-10-03,True
RV-000194,PR-00065,2,30.1,2025-07-15,False
RV-000195,PR-00065,3,27.0,2025-09-06,False
RV-000196,PR-00066,3,64.8,2025-05-20,False
RV-000197,PR-00066,4,55.0,2025-03-19,True
RV-000198,PR-00066,4,82.0,2025-11-24,True
RV-000199,PR-00067,5,68.0,2025-11-12,False
RV-000200,PR-00067,4,63.4,2025-08-06,True
RV-000201,PR-00067,4,66.9,2024-11-17,True
RV-000202,PR-00068,4,77.3,2024-12-15,False
RV-000203,PR-00068,4,67.7,2025-11-23,True
RV-000204,PR-00068,4,79.7,2025-08-31,False
RV-000205,PR-00069,5,89.7,2024-10-03,False
RV-000206,PR-00069,4,92.8,2025-06-03,True
RV-000207,PR-00069,4,81.5,2025-08-01,True
RV-000208,PR-00070,4,83.9,2025-01-25,True
RV-000209,PR-00070,4,83.6,2026-06-27,True
RV-000210,PR-00070,4,75.9,2026-01-02,False
RV-000211,PR-00071,3,66.5,2025-03-04,False
RV-000212,PR-00071,4,82.7,2025-04-02,False
RV-000213,PR-00071,4,70.0,2026-08-03,False
RV-000214,PR-00072,4,83.1,2025-03-31,False
RV-000215,PR-00072,4,77.9,2026-06-26,True
RV-000216,PR-00072,5,92.8,2026-08-29,True
RV-000217,PR-00073,4,77.2,2025-08-09,True
RV-000218,PR-00073,5,79.6,2025-06-10,False
RV-000219,PR-00073,3,87.6,2025-01-14,True
RV-000220,PR-00074,3,53.0,2025-01-23,True
RV-000221,PR-00074,3,59.4,2026-07-03,False
RV-000222,PR-00074,3,55.5,2026-01-06,False
RV-000223,PR-00075,4,85.4,2026-02-02,False
RV-000224,PR-00075,5,77.8,2024-11-13,False
RV-000225,PR-00075,4,81.0,2025-01-28,True
RV-000226,PR-00076,3,44.0,2026-08-30,True
RV-000227,PR-00076,2,54.4,2024-11-08,True
RV-000228,PR-00076,3,45.2,2025-01-01,True
RV-000229,PR-00077,3,56.2,2026-01-06,False
RV-000230,PR-00077,4,49.3,2025-10-05,True
RV-000231,PR-00077,2,52.2,2025-02-16,True
RV-000232,PR-00078,2,47.5,2024-11-28,True
RV-000233,PR-00078,2,36.8,2025-12-17,True
RV-000234,PR-00078,2,37.9,2026-01-25,True
RV-000235,PR-00079,2,40.0,2026-07-15,False
RV-000236,PR-00079,2,43.9,2026-08-07,True
RV-000237,PR-00079,3,41.5,2026-02-17,True
RV-000238,PR-00080,3,72.3,2026-03-28,False
RV-000239,PR-00080,4,65.7,2024-11-20,False
RV-000240,PR-00080,4,61.7,2025-12-20,True
RV-000241,PR-00081,2,40.5,2025-10-19,True
RV-000242,PR-00081,2,40.7,2024-12-21,True
RV-000243,PR-00081,2,29.4,2024-10-11,True
RV-000244,PR-00082,4,64.0,2025-02-12,False
RV-000245,PR-00082,4,66.9,2025-08-15,False
RV-000246,PR-00082,4,60.4,2025-08-11,True
RV-000247,PR-00083,4,83.9,2025-07-13,False
RV-000248,PR-00083,4,85.3,2024-11-10,True
RV-000249,PR-00083,4,67.7,2026-01-09,False
RV-000250,PR-00084,2,46.7,2025-12-09,True
RV-000251,PR-00084,3,44.5,2024-10-21,True
RV-000252,PR-00084,3,35.4,2026-07-06,False
RV-000253,PR-00085,2,29.8,2026-03-05,True
RV-000254,PR-00085,2,30.7,2025-08-17,False
RV-000255,PR-00085,2,37.9,2024-10-30,True
RV-000256,PR-00086,4,78.8,2024-12-02,False
RV-000257,PR-00086,5,78.0,2025-10-19,False
RV-000258,PR-00086,5,76.8,2026-09-04,True
RV-000259,PR-00087,4,85.5,2025-07-18,False
RV-000260,PR-00087,4,76.8,2025-01-17,False
RV-000261,PR-00087,4,89.3,2026-05-10,False
RV-000262,PR-00088,3,62.2,2026-07-24,True
RV-000263,PR-00088,4,60.7,2026-08-14,False
RV-000264,PR-00088,3,57.3,2024-12-27,False
RV-000265,PR-00089,3,44.3,2025-02-18,False
RV-000266,PR-00089,3,47.8,2025-08-09,True
RV-000267,PR-00089,3,51.4,2025-01-13,True
RV-000268,PR-00090,3,47.9,2026-02-15,True
RV-000269,PR-00090,3,53.8,2025-04-18,True
RV-000270,PR-00090,4,60.2,2025-06-09,True
RV-000271,PR-00091,3,65.4,2025-05-03,True
RV-000272,PR-00091,3,59.5,2026-06-24,True
RV-000273,PR-00091,4,64.1,2026-05-01,True
RV-000274,PR-00092,4,76.5,2025-08-15,False
RV-000275,PR-00092,4,65.5,2026-01-24,False
RV-000276,PR-00092,4,73.6,2024-12-16,False
RV-000277,PR-00093,3,45.1,2026-03-28,False
RV-000278,PR-00093,4,55.3,2026-07-21,False
RV-000279,PR-00093,4,55.9,2026-07-05,True
RV-000280,PR-00094,4,74.2,2025-12-02,True
RV-000281,PR-00094,4,80.9,2024-12-21,True
RV-000282,PR-00094,4,78.3,2026-08-13,True
RV-000283,PR-00095,4,48.2,2024-11-18,False
RV-000284,PR-00095,3,37.7,2026-04-16,True
RV-000285,PR-00095,3,49.4,2024-09-11,True
RV-000286,PR-00096,3,36.8,2026-04-22,False
RV-000287,PR-00096,3,39.6,2025-01-03,True
RV-000288,PR-00096,3,34.9,2025-01-13,True
RV-000289,PR-00097,3,81.1,2026-01-19,False
RV-000290,PR-00097,4,76.5,2026-03-11,True
RV-000291,PR-00097,4,76.5,2025-06-07,True
RV-000292,PR-00098,3,44.9,2025-06-21,True
RV-000293,PR-00098,3,52.5,2026-06-28,True
RV-000294,PR-00098,3,51.9,2026-07-01,True
RV-000295,PR-00099,3,67.3,2025-03-12,False
RV-000296,PR-00099,4,70.1,2025-07-19,True
RV-000297,PR-00099,4,70.8,2025-08-20,True
RV-000298,PR-00100,2,42.9,2025-08-10,True
RV-000299,PR-00100,3,42.9,2025-05-14,False
RV-000300,PR-00100,3,45.5,2026-08-02,True
RV-000301,PR-00101,4,64.5,2026-02-25,False
RV-000302,PR-00101,3,65.5,2026-09-02,False
RV-000303,PR-00101,3,71.3,2025-01-18,False
RV-000304,PR-00102,5,83.9,2025-11-19,False
RV-000305,PR-00102,5,87.9,2024-10-31,True
RV-000306,PR-00102,5,80.9,2026-03-31,False
RV-000307,PR-00103,3,50.1,2024-09-16,False
RV-000308,PR-00103,3,50.9,2024-09-18,True
RV-000309,PR-00103,3,46.6,2024-11-12,True
RV-000310,PR-00104,3,56.0,2025-12-15,False
RV-000311,PR-00104,4,54.6,2025-11-11,False
RV-000312,PR-00104,3,56.4,2026-01-04,True
RV-000313,PR-00105,3,58.7,2024-09-25,True
RV-000314,PR-00105,2,56.4,2024-12-07,False
RV-000315,PR-00105,3,47.5,2025-09-27,False
RV-000316,PR-00106,3,61.1,2026-05-19,True
RV-000317,PR-00106,3,64.8,2025-07-13,False
RV-000318,PR-00106,3,70.5,2025-01-15,False
RV-000319,PR-00107,1,21.8,2026-01-15,False
RV-000320,PR-00107,1,14.7,2024-11-09,False
RV-000321,PR-00107,2,8.8,2025-02-03,True
RV-000322,PR-00108,3,41.3,2025-12-20,False
RV-000323,PR-00108,3,47.3,2025-04-21,True
RV-000324,PR-00108,2,49.6,2026-04-30,True
RV-000325,PR-00109,4,92.9,2025-06-24,False
RV-000326,PR-00109,5,84.7,2026-02-10,False
RV-000327,PR-00109,5,92.8,2024-12-29,False
RV-000328,PR-00110,3,58.1,2026-02-27,False
RV-000329,PR-00110,3,47.5,2025-06-10,True
RV-000330,PR-00110,3,39.1,2025-12-17,True
RV-000331,PR-00111,2,14.9,2025-09-02,True
RV-000332,PR-00111,1,20.5,2025-03-05,False
RV-000333,PR-00111,1,19.6,2026-02-20,False
RV-000334,PR-00112,3,56.6,2025-02-18,False
RV-000335,PR-00112,3,58.8,2026-09-10,True
RV-000336,PR-00112,3,54.5,2026-09-10,True
RV-000337,PR-00113,3,39.6,2024-12-08,False
RV-000338,PR-00113,3,45.7,2024-11-24,False
RV-000339,PR-00113,3,41.8,2025-05-19,True
RV-000340,PR-00114,2,34.1,2026-07-07,False
RV-000341,PR-00114,2,34.7,2026-01-16,False
RV-000342,PR-00114,2,40.9,2026-03-13,False
RV-000343,PR-00115,2,47.9,2025-05-14,False
RV-000344,PR-00115,3,36.7,2025-12-11,False
RV-000345,PR-00115,2,39.9,2025-02-13,False
RV-000346,PR-00116,2,26.6,2026-01-07,False
RV-000347,PR-00116,2,35.3,2025-05-25,True
RV-000348,PR-00116,3,38.3,2024-11-09,True
RV-000349,PR-00117,3,38.4,2026-05-06,True
RV-000350,PR-00117,3,28.4,2024-10-10,True
RV-000351,PR-00117,1,37.2,2025-07-07,False
RV-000352,PR-00118,1,0.0,2026-03-08,True
RV-000353,PR-00118,2,3.3,2025-02-02,False
RV-000354,PR-00118,1,10.5,2024-11-19,True
RV-000355,PR-00119,4,81.3,2025-08-29,True
RV-000356,PR-00119,4,83.4,2026-08-06,True
RV-000357,PR-00119,4,79.6,2025-05-29,False
RV-000358,PR-00120,3,54.1,2024-10-11,False
RV-000359,PR-00120,3,43.2,2025-02-28,False
RV-000360,PR-00120,3,43.5,2025-08-26,True
RV-000361,PR-00121,3,54.5,2026-07-15,True
RV-000362,PR-00121,3,59.3,2025-05-12,True
RV-000363,PR-00121,3,60.4,2026-05-31,True
RV-000364,PR-00122,4,29.7,2025-01-19,True
RV-000365,PR-00122,3,37.7,2026-07-08,True
RV-000366,PR-00122,2,36.5,2025-03-16,False
RV-000367,PR-00123,2,26.2,2026-05-03,True
RV-000368,PR-00123,2,19.5,2025-01-02,False
RV-000369,PR-00123,3,42.8,2026-05-11,False
RV-000370,PR-00124,4,53.7,2024-10-24,False
RV-000371,PR-00124,4,57.8,2025-07-02,True
RV-000372,PR-00124,4,49.9,2026-07-18,False
RV-000373,PR-00125,4,80.2,2025-11-22,False
RV-000374,PR-00125,4,68.1,2025-11-23,False
RV-000375,PR-00125,3,67.3,2025-05-20,True
RV-000376,PR-00126,3,57.8,2026-08-31,False
RV-000377,PR-00126,4,54.9,2025-05-12,False
RV-000378,PR-00126,3,51.8,2025-05-06,True
RV-000379,PR-00127,4,78.8,2025-04-07,False
RV-000380,PR-00127,4,69.5,2026-07-13,True
RV-000381,PR-00127,3,74.6,2025-09-08,False
RV-000382,PR-00128,4,50.6,2024-10-13,True
RV-000383,PR-00128,3,52.6,2025-11-18,True
RV-000384,PR-00128,4,54.7,2025-06-02,False
RV-000385,PR-00129,2,6.8,2025-11-29,False
RV-000386,PR-00129,2,18.0,2024-10-10,False
RV-000387,PR-00129,2,27.6,2025-07-31,False
RV-000388,PR-00130,4,67.9,2025-09-11,True
RV-000389,PR-00130,4,66.6,2026-05-14,True
RV-000390,PR-00130,5,74.3,2024-09-23,False
RV-000391,PR-00131,2,15.8,2025-03-14,True
RV-000392,PR-00131,1,31.0,2024-10-17,True
RV-000393,PR-00131,1,24.6,2025-06-14,True
RV-000394,PR-00132,4,68.9,2025-02-06,False
RV-000395,PR-00132,4,67.9,2026-06-03,True
RV-000396,PR-00132,3,73.0,2026-04-13,False
RV-000397,PR-00133,3,50.5,2024-11-15,False
RV-000398,PR-00133,2,46.1,2025-10-28,False
RV-000399,PR-00133,2,41.6,2025-08-14,True
RV-000400,PR-00134,3,45.5,2026-08-31,True
RV-000401,PR-00134,3,54.7,2026-03-23,False
RV-000402,PR-00134,3,45.2,2026-04-19,True
RV-000403,PR-00135,3,37.2,2026-03-29,True
RV-000404,PR-00135,2,29.3,2026-05-18,True
RV-000405,PR-00135,3,36.4,2025-02-08,True
RV-000406,PR-00136,4,47.8,2026-02-05,False
RV-000407,PR-00136,4,62.4,2025-06-12,True
RV-000408,PR-00136,3,63.5,2024-12-31,True
RV-000409,PR-00137,3,54.1,2025-11-27,True
RV-000410,PR-00137,4,61.2,2025-10-03,True
RV-000411,PR-00137,4,57.5,2025-07-04,True
RV-000412,PR-00138,3,71.9,2026-05-23,True
RV-000413,PR-00138,3,72.1,2024-11-13,False
RV-000414,PR-00138,4,51.1,2025-05-18,False
RV-000415,PR-00139,3,66.6,2026-02-12,True
RV-000416,PR-00139,4,63.1,2025-01-02,True
RV-000417,PR-00139,4,81.0,2025-05-18,False
RV-000418,PR-00140,3,41.0,2025-11-07,False
RV-000419,PR-00140,3,38.9,2025-07-11,True
RV-000420,PR-00140,3,53.2,2024-11-22,True
RV-000421,PR-00141,4,83.2,2025-07-09,True
RV-000422,PR-00141,4,79.2,2025-05-31,True
RV-000423,PR-00141,4,98.1,2025-10-18,True
RV-000424,PR-00142,3,21.8,2025-07-12,True
RV-000425,PR-00142,2,29.7,2025-04-13,True
RV-000426,PR-00142,2,32.2,2026-04-21,False
RV-000427,PR-00143,4,64.7,2025-12-31,True
RV-000428,PR-00143,4,63.9,2025-02-23,False
RV-000429,PR-00143,4,63.9,2026-03-23,False
RV-000430,PR-00144,3,58.3,2026-01-06,False
RV-000431,PR-00144,4,55.9,2024-10-21,False
RV-000432,PR-00144,3,66.3,2024-09-28,True
RV-000433,PR-00145,4,67.2,2025-05-25,True
RV-000434,PR-00145,4,85.1,2026-05-13,True
RV-000435,PR-00145,5,73.8,2026-01-18,True
RV-000436,PR-00146,2,31.3,2026-01-05,False
RV-000437,PR-00146,3,25.6,2025-04-21,False
RV-000438,PR-00146,2,38.5,2025-09-03,True
RV-000439,PR-00147,3,62.6,2025-08-30,True
RV-000440,PR-00147,4,63.2,2026-03-15,True
RV-000441,PR-00147,3,62.8,2024-12-29,True
RV-000442,PR-00148,1,0.0,2026-05-03,True
RV-000443,PR-00148,2,12.9,2024-09-22,False
RV-000444,PR-00148,1,10.5,2025-07-22,True
RV-000445,PR-00149,4,71.8,2024-11-17,False
RV-000446,PR-00149,4,57.6,2025-07-18,False
RV-000447,PR-00149,4,71.4,2026-05-08,False
RV-000448,PR-00150,4,73.0,2025-09-16,False
RV-000449,PR-00150,4,68.8,2025-09-16,False
RV-000450,PR-00150,4,56.4,2024-10-07,True
RV-000451,PR-00151,3,48.3,2025-11-21,False
RV-000452,PR-00151,3,47.5,2024-10-14,True
RV-000453,PR-00151,3,43.6,2025-12-28,False
RV-000454,PR-00152,4,48.8,2025-10-24,True
RV-000455,PR-00152,3,56.0,2026-03-18,False
RV-000456,PR-00152,4,62.6,2025-01-14,False
RV-000457,PR-00153,2,35.1,2024-11-29,True
RV-000458,PR-00153,3,28.0,2024-09-25,True
RV-000459,PR-00153,3,21.5,2024-11-27,True
RV-000460,PR-00154,3,75.2,2025-03-14,False
RV-000461,PR-00154,4,56.6,2025-04-28,True
RV-000462,PR-00154,4,66.0,2026-06-07,True
RV-000463,PR-00155,3,48.7,2025-09-15,False
RV-000464,PR-00155,3,59.7,2026-02-17,False
RV-000465,PR-00155,3,61.4,2025-07-04,False
RV-000466,PR-00156,4,57.7,2025-11-03,False
RV-000467,PR-00156,4,65.3,2026-08-12,True
RV-000468,PR-00156,4,66.8,2024-11-26,False
RV-000469,PR-00157,5,80.4,2025-04-21,True
RV-000470,PR-00157,5,87.9,2026-08-30,True
RV-000471,PR-00157,4,79.6,2025-07-09,True
RV-000472,PR-00158,3,38.2,2026-06-19,True
RV-000473,PR-00158,3,52.2,2026-01-07,False
RV-000474,PR-00158,3,46.8,2025-05-21,False
RV-000475,PR-00159,2,49.2,2025-10-19,False
RV-000476,PR-00159,4,38.7,2026-08-07,False
RV-000477,PR-00159,2,36.5,2025-06-20,False
RV-000478,PR-00160,3,49.4,2025-12-21,True
RV-000479,PR-00160,3,53.1,2025-09-08,True
RV-000480,PR-00160,3,47.1,2026-05-06,False
RV-000481,PR-00161,4,57.5,2024-12-06,True
RV-000482,PR-00161,3,60.4,2026-03-15,True
RV-000483,PR-00161,3,55.8,2025-04-14,True
RV-000484,PR-00162,4,64.8,2026-03-12,False
RV-000485,PR-00162,3,64.9,2024-12-19,True
RV-000486,PR-00162,3,70.6,2025-11-09,False
RV-000487,PR-00163,5,74.8,2025-01-28,False
RV-000488,PR-00163,4,80.9,2025-11-14,True
RV-000489,PR-00163,4,80.4,2025-06-04,True
RV-000490,PR-00164,2,34.1,2025-05-15,True
RV-000491,PR-00164,3,27.0,2025-10-26,True
RV-000492,PR-00164,2,34.7,2026-04-03,False
RV-000493,PR-00165,5,76.1,2025-04-02,False
RV-000494,PR-00165,4,69.6,2026-06-09,True
RV-000495,PR-00165,4,77.6,2026-07-25,True
RV-000496,PR-00166,4,61.9,2025-10-30,True
RV-000497,PR-00166,4,57.8,2025-06-19,True
RV-000498,PR-00166,3,71.2,2025-05-23,True
RV-000499,PR-00167,2,31.1,2025-02-11,False
RV-000500,PR-00167,3,19.6,2024-12-07,False
RV-000501,PR-00167,3,28.3,2026-05-28,False
RV-000502,PR-00168,4,62.6,2025-07-10,True
RV-000503,PR-00168,4,66.3,2025-04-25,False
RV-000504,PR-00168,4,67.2,2026-06-08,True
RV-000505,PR-00169,4,58.1,2026-07-02,False
RV-000506,PR-00169,3,60.5,2025-12-12,True
RV-000507,PR-00169,4,55.0,2025-07-16,False
RV-000508,PR-00170,3,38.7,2025-03-27,True
RV-000509,PR-00170,3,58.5,2025-06-30,False
RV-000510,PR-00170,3,41.3,2026-07-31,False
RV-000511,PR-00171,2,49.2,2026-07-13,False
RV-000512,PR-00171,3,43.1,2026-05-25,True
RV-000513,PR-00171,3,29.9,2025-01-09,True
RV-000514,PR-00172,4,88.7,2025-02-08,False
RV-000515,PR-00172,5,85.8,2026-09-08,True
RV-000516,PR-00172,4,82.8,2024-11-14,False
RV-000517,PR-00173,3,55.6,2024-12-09,True
RV-000518,PR-00173,3,58.1,2025-05-12,False
RV-000519,PR-00173,4,71.3,2026-03-13,False
RV-000520,PR-00174,2,44.3,2025-01-20,True
RV-000521,PR-00174,3,48.6,2024-11-19,True
RV-000522,PR-00174,3,48.9,2025-09-02,True
RV-000523,PR-00175,3,64.8,2025-07-01,True
RV-000524,PR-00175,3,68.2,2026-06-10,True
RV-000525,PR-00175,3,78.6,2025-05-14,True
RV-000526,PR-00176,2,38.9,2025-09-15,True
RV-000527,PR-00176,2,42.3,2026-01-08,False
RV-000528,PR-00176,3,54.3,2024-11-17,False
RV-000529,PR-00177,2,55.2,2025-06-21,False
RV-000530,PR-00177,3,44.9,2026-08-15,False
RV-000531,PR-00177,3,58.4,2025-08-28,False
RV-000532,PR-00178,5,70.9,2025-04-12,False
RV-000533,PR-00178,3,76.8,2025-02-08,True
RV-000534,PR-00178,4,69.1,2026-04-07,True
RV-000535,PR-00179,3,67.6,2025-03-22,False
RV-000536,PR-00179,4,70.8,2025-02-12,False
RV-000537,PR-00179,4,65.3,2026-08-09,True
RV-000538,PR-00180,3,65.9,2025-07-03,True
RV-000539,PR-00180,3,63.3,2025-09-17,True
RV-000540,PR-00180,4,63.3,2026-06-20,False
RV-000541,PR-00181,4,79.8,2026-01-25,False
RV-000542,PR-00181,4,78.9,2026-05-18,False
RV-000543,PR-00181,4,88.0,2026-04-24,True
RV-000544,PR-00182,3,71.6,2025-01-15,False
RV-000545,PR-00182,4,68.3,2025-10-02,True
RV-000546,PR-00182,4,75.5,2026-03-07,True
RV-000547,PR-00183,4,56.5,2025-09-27,True
RV-000548,PR-00183,3,55.7,2025-06-14,True
RV-000549,PR-00183,3,73.6,2026-03-05,True
RV-000550,PR-00184,4,73.4,2026-02-19,True
RV-000551,PR-00184,4,73.5,2025-08-20,False
RV-000552,PR-00184,4,64.6,2025-05-18,True
RV-000553,PR-00185,4,60.2,2025-11-05,True
RV-000554,PR-00185,4,67.0,2025-06-06,False
RV-000555,PR-00185,3,72.4,2025-09-13,True
RV-000556,PR-00186,2,14.4,2025-05-16,True
RV-000557,PR-00186,2,28.4,2025-12-17,True
RV-000558,PR-00186,2,21.2,2025-11-10,False
RV-000559,PR-00187,3,43.0,2025-03-17,True
RV-000560,PR-00187,3,32.2,2026-03-20,False
RV-000561,PR-00187,2,31.2,2026-02-18,True
RV-000562,PR-00188,3,17.0,2026-05-10,False
RV-000563,PR-00188,2,29.7,2025-11-06,False
RV-000564,PR-00188,3,21.4,2026-06-26,False
RV-000565,PR-00189,4,91.2,2026-02-15,True
RV-000566,PR-00189,4,75.5,2025-07-13,True
RV-000567,PR-00189,5,65.8,2026-07-22,False
RV-000568,PR-00190,4,71.1,2025-11-23,False
RV-000569,PR-00190,4,67.6,2025-07-10,False
RV-000570,PR-00190,4,72.6,2026-06-25,False
RV-000571,PR-00191,3,50.5,2026-06-30,False
RV-000572,PR-00191,3,55.6,2026-01-03,False
RV-000573,PR-00191,3,48.0,2025-01-07,False
RV-000574,PR-00192,4,91.4,2025-06-20,True
RV-000575,PR-00192,4,76.4,2025-04-18,True
RV-000576,PR-00192,4,81.4,2026-07-21,False
RV-000577,PR-00193,2,42.5,2025-07-16,False
RV-000578,PR-00193,2,33.4,2025-03-01,False
RV-000579,PR-00193,2,34.4,2025-07-29,False
RV-000580,PR-00194,4,57.6,2025-08-30,True
RV-000581,PR-00194,3,56.5,2025-06-01,True
RV-000582,PR-00194,3,59.5,2025-10-03,False
RV-000583,PR-00195,2,36.0,2025-08-21,True
RV-000584,PR-00195,2,46.5,2025-12-09,True
RV-000585,PR-00195,3,36.8,2026-09-04,False
RV-000586,PR-00196,3,44.2,2025-11-10,True
RV-000587,PR-00196,4,57.2,2026-05-17,True
RV-000588,PR-00196,3,47.3,2026-08-12,False
RV-000589,PR-00197,2,33.4,2025-01-10,True
RV-000590,PR-00197,2,33.8,2026-08-13,False
RV-000591,PR-00197,3,48.5,2026-09-04,False
RV-000592,PR-00198,4,88.8,2025-03-12,True
RV-000593,PR-00198,4,83.8,2026-08-18,False
RV-000594,PR-00198,5,79.0,2026-05-31,False
RV-000595,PR-00199,3,53.7,2025-02-19,False
RV-000596,PR-00199,3,67.1,2026-06-04,False
RV-000597,PR-00199,3,49.9,2025-08-12,False
RV-000598,PR-00200,1,4.6,2025-04-14,False
RV-000599,PR-00200,2,4.4,2024-09-27,True
RV-000600,PR-00200,2,6.2,2024-10-21,False
RV-000601,PR-00201,4,65.6,2025-05-27,True
RV-000602,PR-00201,4,82.8,2024-12-19,True
RV-000603,PR-00201,4,69.6,2025-01-06,False
RV-000604,PR-00202,2,58.1,2026-04-29,False
RV-000605,PR-00202,3,50.7,2026-09-04,True
RV-000606,PR-00202,3,50.9,2025-02-12,False
RV-000607,PR-00203,5,100.0,2026-04-17,False
RV-000608,PR-00203,5,100.0,2026-05-19,False
RV-000609,PR-00203,5,97.6,2025-06-27,True
RV-000610,PR-00204,4,64.0,2025-10-10,True
RV-000611,PR-00204,4,75.7,2025-08-20,False
RV-000612,PR-00204,3,68.9,2026-06-21,False
RV-000613,PR-00205,3,78.7,2024-09-15,False
RV-000614,PR-00205,4,77.9,2026-07-11,True
RV-000615,PR-00205,4,75.4,2026-08-08,False
RV-000616,PR-00206,4,44.0,2025-05-08,True
RV-000617,PR-00206,3,57.9,2025-09-30,True
RV-000618,PR-00206,3,57.5,2026-05-28,False
RV-000619,PR-00207,3,56.4,2025-05-26,True
RV-000620,PR-00207,4,58.5,2025-06-12,True
RV-000621,PR-00207,4,53.3,2025-12-06,True
RV-000622,PR-00208,3,57.8,2026-03-09,False
RV-000623,PR-00208,4,50.7,2025-08-14,False
RV-000624,PR-00208,3,40.2,2025-04-02,False
RV-000625,PR-00209,3,36.3,2025-03-23,False
RV-000626,PR-00209,2,51.0,2026-04-28,False
RV-000627,PR-00209,4,30.8,2026-08-23,True
RV-000628,PR-00210,5,100.0,2024-09-17,True
RV-000629,PR-00210,5,97.4,2026-02-21,False
RV-000630,PR-00210,5,97.6,2024-11-22,False
RV-000631,PR-00211,5,89.1,2024-12-30,False
RV-000632,PR-00211,4,84.3,2024-11-08,False
RV-000633,PR-00211,5,88.3,2025-10-27,True
RV-000634,PR-00212,3,51.5,2026-05-02,True
RV-000635,PR-00212,3,45.1,2026-02-09,True
RV-000636,PR-00212,2,38.5,2024-11-06,True
RV-000637,PR-00213,4,60.9,2026-06-01,True
RV-000638,PR-00213,4,56.7,2026-05-13,True
RV-000639,PR-00213,4,61.9,2025-12-16,True
RV-000640,PR-00214,4,54.2,2025-06-13,False
RV-000641,PR-00214,4,62.6,2025-01-25,False
RV-000642,PR-00214,4,60.6,2026-05-03,False
RV-000643,PR-00215,5,71.0,2025-04-08,False
RV-000644,PR-00215,4,71.3,2025-03-23,False
RV-000645,PR-00215,3,69.9,2024-11-26,True
RV-000646,PR-00216,2,37.8,2026-04-14,False
RV-000647,PR-00216,1,31.9,2026-02-07,True
RV-000648,PR-00216,2,27.3,2026-01-23,True
RV-000649,PR-00217,3,54.1,2026-08-04,False
RV-000650,PR-00217,3,54.5,2024-11-09,False
RV-000651,PR-00217,3,53.7,2025-02-08,True
RV-000652,PR-00218,3,55.7,2026-07-13,True
RV-000653,PR-00218,3,50.2,2025-08-05,True
RV-000654,PR-00218,2,55.9,2025-04-05,False
RV-000655,PR-00219,3,45.2,2026-07-25,False
RV-000656,PR-00219,3,47.6,2024-10-20,True
RV-000657,PR-00219,3,46.8,2024-10-30,False
RV-000658,PR-00220,4,51.7,2024-10-01,False
RV-000659,PR-00220,3,51.1,2025-08-31,True
RV-000660,PR-00220,3,48.9,2024-11-26,True
RV-000661,PR-00221,3,57.5,2025-08-20,False
RV-000662,PR-00221,4,53.3,2025-05-26,True
RV-000663,PR-00221,2,45.8,2026-04-11,False
RV-000664,PR-00222,4,84.1,2025-06-16,True
RV-000665,PR-00222,4,82.6,2026-04-04,True
RV-000666,PR-00222,4,84.0,2025-07-31,True
RV-000667,PR-00223,3,42.8,2026-01-22,True
RV-000668,PR-00223,3,44.0,2026-01-28,False
RV-000669,PR-00223,3,48.6,2024-09-30,True
RV-000670,PR-00224,4,77.7,2024-10-19,True
RV-000671,PR-00224,4,74.6,2024-10-25,True
RV-000672,PR-00224,4,76.5,2025-11-01,True
RV-000673,PR-00225,3,55.1,2025-09-14,True
RV-000674,PR-00225,3,57.4,2025-09-29,True
RV-000675,PR-00225,3,59.0,2025-09-19,True
RV-000676,PR-00226,5,79.1,2024-10-14,True
RV-000677,PR-00226,4,86.1,2024-10-28,False
RV-000678,PR-00226,5,90.0,2024-12-30,False
RV-000679,PR-00227,3,64.8,2026-06-28,False
RV-000680,PR-00227,3,47.0,2025-05-29,True
RV-000681,PR-00227,3,48.1,2025-01-04,True
RV-000682,PR-00228,2,44.8,2024-12-24,False
RV-000683,PR-00228,3,36.9,2025-09-04,True
RV-000684,PR-00228,2,54.6,2026-09-07,False
RV-000685,PR-00229,4,76.5,2024-12-11,False
RV-000686,PR-00229,4,77.2,2025-05-03,True
RV-000687,PR-00229,3,80.4,2026-08-07,True
RV-000688,PR-00230,4,51.8,2025-05-26,False
RV-000689,PR-00230,3,55.3,2024-09-16,True
RV-000690,PR-00230,3,57.8,2025-02-21,False
RV-000691,PR-00231,5,79.0,2025-09-17,True
RV-000692,PR-00231,5,82.1,2025-02-05,False
RV-000693,PR-00231,4,82.2,2025-10-23,False
RV-000694,PR-00232,5,83.9,2026-07-07,True
RV-000695,PR-00232,4,85.7,2025-01-30,False
RV-000696,PR-00232,5,94.2,2025-08-03,True
RV-000697,PR-00233,3,45.9,2026-06-10,False
RV-000698,PR-00233,3,46.8,2025-09-11,True
RV-000699,PR-00233,3,43.5,2025-09-29,True
RV-000700,PR-00234,4,67.0,2025-01-29,False
RV-000701,PR-00234,3,61.2,2026-01-23,False
RV-000702,PR-00234,3,63.6,2026-08-28,False
RV-000703,PR-00235,3,53.5,2025-07-12,False
RV-000704,PR-00235,2,39.9,2025-09-29,False
RV-000705,PR-00235,3,36.0,2025-03-24,False
RV-000706,PR-00236,4,69.6,2024-09-27,False
RV-000707,PR-00236,4,60.2,2026-07-07,False
RV-000708,PR-00236,4,77.3,2025-09-19,False
RV-000709,PR-00237,2,8.1,2024-09-24,True
RV-000710,PR-00237,1,18.6,2025-10-28,False
RV-000711,PR-00237,1,14.3,2026-07-17,False
RV-000712,PR-00238,4,79.2,2026-05-01,True
RV-000713,PR-00238,4,76.9,2026-06-05,True
RV-000714,PR-00238,4,72.3,2025-02-08,True
RV-000715,PR-00239,2,37.9,2024-12-11,False
RV-000716,PR-00239,2,27.7,2024-12-31,False
RV-000717,PR-00239,2,43.9,2026-04-27,False
RV-000718,PR-00240,3,61.2,2025-10-26,False
RV-000719,PR-00240,4,75.3,2026-07-13,False
RV-000720,PR-00240,3,54.5,2025-08-13,True
RV-000721,PR-00241,3,59.6,2024-10-26,True
RV-000722,PR-00241,3,60.6,2025-12-20,True
RV-000723,PR-00241,4,71.5,2026-01-31,True
RV-000724,PR-00242,3,61.7,2025-11-06,False
RV-000725,PR-00242,3,67.6,2024-12-29,False
RV-000726,PR-00242,4,63.8,2025-10-19,True
RV-000727,PR-00243,2,46.9,2025-12-26,False
RV-000728,PR-00243,3,43.6,2026-06-12,True
RV-000729,PR-00243,3,47.6,2025-05-06,True
RV-000730,PR-00244,3,58.6,2025-04-05,True
RV-000731,PR-00244,3,50.3,2026-01-25,True
RV-000732,PR-00244,3,59.8,2026-04-30,True
RV-000733,PR-00245,5,96.2,2025-04-21,False
RV-000734,PR-00245,5,100.0,2025-04-22,True
RV-000735,PR-00245,4,93.6,2025-06-09,False
RV-000736,PR-00246,3,55.7,2026-08-02,True
RV-000737,PR-00246,3,50.0,2025-05-21,True
RV-000738,PR-00246,3,46.0,2025-10-10,True
RV-000739,PR-00247,3,63.8,2024-09-23,False
RV-000740,PR-00247,3,59.2,2025-10-09,True
RV-000741,PR-00247,4,73.8,2025-07-15,False
RV-000742,PR-00248,3,40.7,2025-11-21,False
RV-000743,PR-00248,3,52.2,2025-09-19,True
RV-000744,PR-00248,3,49.9,2025-08-02,False
RV-000745,PR-00249,4,68.0,2026-02-14,True
RV-000746,PR-00249,4,60.8,2026-09-10,True
RV-000747,PR-00249,4,64.7,2026-06-10,False
RV-000748,PR-00250,4,40.9,2026-07-10,False
RV-000749,PR-00250,3,44.8,2026-03-28,True
RV-000750,PR-00250,3,48.5,2024-09-19,False
RV-000751,PR-00251,5,77.6,2024-12-14,False
RV-000752,PR-00251,4,70.4,2025-11-12,False
RV-000753,PR-00251,4,78.1,2026-01-16,True
RV-000754,PR-00252,3,37.7,2026-01-28,True
RV-000755,PR-00252,2,38.1,2026-04-14,True
RV-000756,PR-00252,2,23.5,2026-04-01,False
RV-000757,PR-00253,3,61.9,2025-01-25,False
RV-000758,PR-00253,3,65.2,2025-07-15,False
RV-000759,PR-00253,3,56.5,2025-02-27,False
RV-000760,PR-00254,2,44.0,2025-11-02,True
RV-000761,PR-00254,3,37.0,2025-03-15,False
RV-000762,PR-00254,3,45.8,2026-05-29,False
RV-000763,PR-00255,5,83.0,2026-08-12,False
RV-000764,PR-00255,4,82.6,2024-12-27,True
RV-000765,PR-00255,5,87.5,2026-01-05,True
RV-000766,PR-00256,2,39.6,2026-01-16,False
RV-000767,PR-00256,2,28.7,2024-10-08,True
RV-000768,PR-00256,3,37.9,2026-01-04,False
RV-000769,PR-00257,2,32.6,2026-04-05,False
RV-000770,PR-00257,3,40.6,2026-05-25,True
RV-000771,PR-00257,3,34.9,2025-03-06,False
RV-000772,PR-00258,3,20.4,2026-07-21,False
RV-000773,PR-00258,2,30.2,2026-02-02,True
RV-000774,PR-00258,3,29.3,2026-03-21,False
RV-000775,PR-00259,3,66.3,2024-10-13,True
RV-000776,PR-00259,4,60.1,2026-09-09,False
RV-000777,PR-00259,4,62.1,2026-06-19,False
RV-000778,PR-00260,4,77.0,2026-07-26,True
RV-000779,PR-00260,4,78.2,2025-06-25,True
RV-000780,PR-00260,4,70.1,2024-12-20,True
RV-000781,PR-00261,4,61.0,2026-06-05,False
RV-000782,PR-00261,4,62.9,2025-03-13,False
RV-000783,PR-00261,3,54.4,2026-07-16,True
RV-000784,PR-00262,4,52.1,2025-06-16,True
RV-000785,PR-00262,4,57.6,2025-12-17,False
RV-000786,PR-00262,3,60.5,2026-05-07,True
RV-000787,PR-00263,5,56.6,2025-01-29,False
RV-000788,PR-00263,3,63.2,2025-12-14,True
RV-000789,PR-00263,3,65.4,2025-03-03,False
RV-000790,PR-00264,4,67.9,2025-03-11,True
RV-000791,PR-00264,4,78.7,2025-06-09,True
RV-000792,PR-00264,3,80.3,2024-09-30,False
RV-000793,PR-00265,3,49.1,2026-01-26,True
RV-000794,PR-00265,3,60.0,2026-05-07,False
RV-000795,PR-00265,3,59.7,2025-11-27,True
RV-000796,PR-00266,2,41.6,2025-02-22,True
RV-000797,PR-00266,2,34.0,2025-04-08,False
RV-000798,PR-00266,2,36.9,2025-07-12,True
RV-000799,PR-00267,3,48.0,2025-03-19,True
RV-000800,PR-00267,3,29.9,2026-07-21,False
RV-000801,PR-00267,3,42.4,2025-08-08,True
RV-000802,PR-00268,4,78.1,2026-03-21,True
RV-000803,PR-00268,4,80.1,2025-06-07,True
RV-000804,PR-00268,4,80.3,2026-09-07,True
RV-000805,PR-00269,4,77.0,2026-05-05,False
RV-000806,PR-00269,4,74.7,2026-06-18,False
RV-000807,PR-00269,4,78.5,2024-12-30,False
RV-000808,PR-00270,3,70.1,2025-07-12,True
RV-000809,PR-00270,4,47.5,2024-11-23,True
RV-000810,PR-00270,3,57.9,2026-04-24,False
RV-000811,PR-00271,3,33.0,2026-04-28,True
RV-000812,PR-00271,2,44.2,2025-01-11,False
RV-000813,PR-00271,3,41.2,2024-11-22,True
RV-000814,PR-00272,4,50.8,2025-01-20,False
RV-000815,PR-00272,3,53.9,2025-06-06,True
RV-000816,PR-00272,4,42.4,2025-07-29,False
RV-000817,PR-00273,4,65.7,2025-03-26,True
RV-000818,PR-00273,4,74.3,2024-12-03,True
RV-000819,PR-00273,4,81.4,2024-10-13,False
RV-000820,PR-00274,3,48.8,2026-03-04,False
RV-000821,PR-00274,3,52.0,2026-02-02,False
RV-000822,PR-00274,3,38.1,2025-09-23,True
RV-000823,PR-00275,3,33.3,2026-07-16,False
RV-000824,PR-00275,3,23.2,2025-05-30,False
RV-000825,PR-00275,3,49.4,2025-06-19,True
RV-000826,PR-00276,3,33.5,2025-11-19,False
RV-000827,PR-00276,3,42.1,2025-06-27,False
RV-000828,PR-00276,2,44.9,2026-02-26,False
RV-000829,PR-00277,3,76.5,2025-11-06,True
RV-000830,PR-00277,4,64.4,2024-10-19,True
RV-000831,PR-00277,3,68.4,2025-02-20,True
RV-000832,PR-00278,5,73.6,2025-09-01,False
RV-000833,PR-00278,4,71.6,2026-06-21,False
RV-000834,PR-00278,4,74.8,2025-05-08,True
RV-000835,PR-00279,3,67.9,2026-06-16,False
RV-000836,PR-00279,4,82.5,2025-05-31,False
RV-000837,PR-00279,3,64.3,2026-07-17,True
RV-000838,PR-00280,2,15.9,2025-02-05,False
RV-000839,PR-00280,1,14.9,2026-04-16,False
RV-000840,PR-00280,1,17.1,2026-07-09,True
RV-000841,PR-00281,2,53.9,2026-05-12,True
RV-000842,PR-00281,3,42.3,2024-11-11,False
RV-000843,PR-00281,3,37.5,2026-05-23,True
RV-000844,PR-00282,4,76.2,2026-05-26,True
RV-000845,PR-00282,3,79.0,2024-12-26,True
RV-000846,PR-00282,4,65.9,2025-06-13,True
RV-000847,PR-00283,5,100.0,2025-12-03,True
RV-000848,PR-00283,5,97.5,2026-08-19,True
RV-000849,PR-00283,5,85.4,2025-09-21,False
RV-000850,PR-00284,4,57.4,2026-06-05,True
RV-000851,PR-00284,4,68.6,2025-01-14,True
RV-000852,PR-00284,4,63.8,2025-12-20,True
RV-000853,PR-00285,3,59.9,2026-07-26,True
RV-000854,PR-00285,4,63.4,2025-02-16,False
RV-000855,PR-00285,3,61.7,2025-07-20,True
RV-000856,PR-00286,3,54.0,2025-05-19,True
RV-000857,PR-00286,4,65.5,2026-02-06,True
RV-000858,PR-00286,3,59.5,2025-07-17,True
RV-000859,PR-00287,3,61.8,2026-06-09,False
RV-000860,PR-00287,3,60.7,2026-04-07,True
RV-000861,PR-00287,3,67.2,2025-09-17,False
RV-000862,PR-00288,4,70.4,2026-01-02,True
RV-000863,PR-00288,4,64.1,2024-12-21,True
RV-000864,PR-00288,3,72.3,2025-03-19,False
RV-000865,PR-00289,3,38.8,2024-12-29,False
RV-000866,PR-00289,3,43.6,2025-12-16,True
RV-000867,PR-00289,3,59.0,2025-12-21,True
RV-000868,PR-00290,4,78.2,2025-02-25,False
RV-000869,PR-00290,4,78.3,2026-03-23,True
RV-000870,PR-00290,4,72.2,2025-12-22,True
RV-000871,PR-00291,3,59.7,2025-10-29,True
RV-000872,PR-00291,3,67.8,2026-08-02,True
RV-000873,PR-00291,3,52.3,2026-01-07,True
RV-000874,PR-00292,4,81.3,2026-06-01,True
RV-000875,PR-00292,4,90.4,2024-10-23,True
RV-000876,PR-00292,4,69.3,2025-05-21,False
RV-000877,PR-00293,3,38.4,2026-03-02,False
RV-000878,PR-00293,3,29.2,2026-09-10,True
RV-000879,PR-00293,2,40.6,2025-01-01,True
RV-000880,PR-00294,4,65.3,2024-12-13,True
RV-000881,PR-00294,4,67.6,2025-01-23,False
RV-000882,PR-00294,4,64.5,2026-06-01,False
RV-000883,PR-00295,3,33.2,2025-01-01,False
RV-000884,PR-00295,2,40.9,2026-01-01,False
RV-000885,PR-00295,3,42.9,2026-03-25,True
RV-000886,PR-00296,2,50.1,2024-10-31,True
RV-000887,PR-00296,3,46.4,2026-01-06,False
RV-000888,PR-00296,3,47.9,2026-05-14,False
RV-000889,PR-00297,2,46.3,2026-04-25,False
RV-000890,PR-00297,3,42.4,2025-03-30,True
RV-000891,PR-00297,3,32.9,2024-10-17,True
RV-000892,PR-00298,4,62.4,2025-02-17,True
RV-000893,PR-00298,2,59.9,2025-11-16,True
RV-000894,PR-00298,4,48.5,2025-01-30,False
RV-000895,PR-00299,3,62.4,2025-10-27,True
RV-000896,PR-00299,3,57.0,2025-11-15,True
RV-000897,PR-00299,2,44.8,2025-01-31,False
RV-000898,PR-00300,3,54.7,2025-03-30,False
RV-000899,PR-00300,2,65.6,2025-05-17,True
RV-000900,PR-00300,4,65.8,2024-12-24,True
RV-000901,PR-00301,3,71.3,2024-10-01,True
RV-000902,PR-00301,3,55.1,2024-10-13,False
RV-000903,PR-00301,4,47.0,2026-02-16,True
RV-000904,PR-00302,3,59.2,2026-02-25,True
RV-000905,PR-00302,3,51.5,2026-03-12,True
RV-000906,PR-00302,4,62.0,2025-01-20,False
RV-000907,PR-00303,5,75.5,2025-05-17,True
RV-000908,PR-00303,4,71.4,2025-11-13,False
RV-000909,PR-00303,5,74.3,2025-03-23,True
RV-000910,PR-00304,4,57.2,2025-12-03,True
RV-000911,PR-00304,3,66.6,2025-01-20,False
RV-000912,PR-00304,4,70.1,2024-12-19,False
RV-000913,PR-00305,4,64.2,2025-02-26,True
RV-000914,PR-00305,3,66.9,2025-11-20,False
RV-000915,PR-00305,4,62.4,2025-08-26,False
RV-000916,PR-00306,3,48.3,2025-04-25,True
RV-000917,PR-00306,3,61.0,2025-09-12,True
RV-000918,PR-00306,4,61.8,2025-04-13,False
RV-000919,PR-00307,4,57.5,2025-03-29,False
RV-000920,PR-00307,3,60.2,2024-12-14,True
RV-000921,PR-00307,3,66.3,2025-08-14,False
RV-000922,PR-00308,4,67.8,2026-06-14,True
RV-000923,PR-00308,3,73.1,2026-08-25,False
RV-000924,PR-00308,4,69.3,2025-01-14,True
RV-000925,PR-00309,2,19.3,2025-06-22,False
RV-000926,PR-00309,2,19.4,2025-01-01,False
RV-000927,PR-00309,1,15.3,2024-10-28,False
RV-000928,PR-00310,3,42.5,2026-06-11,True
RV-000929,PR-00310,2,40.9,2025-06-30,False
RV-000930,PR-00310,3,40.6,2025-05-07,True
RV-000931,PR-00311,3,39.7,2025-08-06,False
RV-000932,PR-00311,4,35.1,2025-11-10,True
RV-000933,PR-00311,3,43.7,2026-08-15,True
RV-000934,PR-00312,4,52.5,2026-03-14,True
RV-000935,PR-00312,4,70.0,2026-03-21,True
RV-000936,PR-00312,4,70.0,2025-11-16,True
RV-000937,PR-00313,4,76.5,2024-11-14,False
RV-000938,PR-00313,4,68.8,2026-09-05,True
RV-000939,PR-00313,4,76.2,2025-06-09,True
RV-000940,PR-00314,3,49.4,2024-11-28,False
RV-000941,PR-00314,3,56.2,2026-03-28,False
RV-000942,PR-00314,3,46.0,2025-08-29,False
RV-000943,PR-00315,4,73.4,2025-11-23,True
RV-000944,PR-00315,4,71.2,2024-12-22,False
RV-000945,PR-00315,4,75.7,2025-02-22,True
RV-000946,PR-00316,4,78.9,2025-02-10,False
RV-000947,PR-00316,4,73.5,2025-10-15,True
RV-000948,PR-00316,5,72.4,2025-01-06,False
RV-000949,PR-00317,3,47.0,2025-09-27,True
RV-000950,PR-00317,3,33.5,2024-11-17,True
RV-000951,PR-00317,3,33.8,2025-04-30,False
RV-000952,PR-00318,4,75.2,2025-11-21,False
RV-000953,PR-00318,4,84.4,2026-04-01,False
RV-000954,PR-00318,4,81.5,2026-01-17,True
RV-000955,PR-00319,3,53.9,2025-06-20,True
RV-000956,PR-00319,3,60.6,2025-07-06,False
RV-000957,PR-00319,3,56.7,2025-01-04,False
RV-000958,PR-00320,3,59.1,2025-05-22,False
RV-000959,PR-00320,4,64.5,2024-11-30,True
RV-000960,PR-00320,3,48.9,2026-01-12,False
RV-000961,PR-00321,4,60.8,2025-09-07,False
RV-000962,PR-00321,4,56.6,2025-06-24,False
RV-000963,PR-00321,3,67.5,2025-04-21,False
RV-000964,PR-00322,3,58.1,2024-12-28,False
RV-000965,PR-00322,2,46.3,2025-08-16,False
RV-000966,PR-00322,3,38.2,2025-08-04,False
RV-000967,PR-00323,4,75.3,2025-07-06,True
RV-000968,PR-00323,4,70.2,2025-03-25,False
RV-000969,PR-00323,4,62.3,2025-02-14,True
RV-000970,PR-00324,2,29.2,2026-04-09,True
RV-000971,PR-00324,1,25.3,2026-06-09,False
RV-000972,PR-00324,2,28.1,2026-05-08,True
RV-000973,PR-00325,3,61.2,2025-03-21,True
RV-000974,PR-00325,3,70.0,2025-12-03,True
RV-000975,PR-00325,3,60.3,2026-03-15,False
RV-000976,PR-00326,5,100.0,2026-05-27,False
RV-000977,PR-00326,5,96.1,2026-08-22,True
RV-000978,PR-00326,4,99.6,2025-10-12,True
RV-000979,PR-00327,2,26.3,2024-10-11,True
RV-000980,PR-00327,2,31.3,2025-08-07,False
RV-000981,PR-00327,2,22.7,2025-05-14,False
RV-000982,PR-00328,2,25.1,2024-12-19,True
RV-000983,PR-00328,2,31.6,2025-01-15,True
RV-000984,PR-00328,2,40.0,2026-08-08,True
RV-000985,PR-00329,3,41.0,2025-05-13,False
RV-000986,PR-00329,3,54.7,2025-09-06,False
RV-000987,PR-00329,3,41.2,2026-05-22,False
RV-000988,PR-00330,3,61.7,2025-07-01,False
RV-000989,PR-00330,4,71.0,2026-01-25,True
RV-000990,PR-00330,3,58.1,2026-04-02,False
RV-000991,PR-00331,3,56.8,2025-05-02,False
RV-000992,PR-00331,2,54.9,2026-01-17,True
RV-000993,PR-00331,4,62.7,2026-06-10,True
RV-000994,PR-00332,3,56.0,2026-07-17,True
RV-000995,PR-00332,4,48.2,2025-10-08,False
RV-000996,PR-00332,3,51.2,2024-10-07,True
RV-000997,PR-00333,3,60.3,2026-01-22,True
RV-000998,PR-00333,3,60.7,2024-10-06,False
RV-000999,PR-00333,4,58.3,2026-08-10,False
RV-001000,PR-00334,5,71.0,2026-01-07,False
RV-001001,PR-00334,4,67.3,2025-06-02,True
RV-001002,PR-00334,4,68.4,2025-04-08,True
RV-001003,PR-00335,3,54.9,2025-12-28,True
RV-001004,PR-00335,3,47.0,2024-11-20,True
RV-001005,PR-00335,4,51.1,2026-08-07,True
RV-001006,PR-00336,3,63.0,2026-06-17,True
RV-001007,PR-00336,3,49.6,2025-03-05,True
RV-001008,PR-00336,3,53.4,2026-02-23,False
RV-001009,PR-00337,3,47.6,2025-01-16,False
RV-001010,PR-00337,3,44.0,2025-10-11,True
RV-001011,PR-00337,3,48.3,2025-05-26,True
RV-001012,PR-00338,2,33.5,2025-06-13,True
RV-001013,PR-00338,2,30.6,2024-09-22,False
RV-001014,PR-00338,2,25.2,2025-03-19,True
RV-001015,PR-00339,4,72.7,2026-08-23,True
RV-001016,PR-00339,5,81.4,2026-05-03,True
RV-001017,PR-00339,4,84.9,2025-04-10,True
RV-001018,PR-00340,3,35.5,2026-03-06,False
RV-001019,PR-00340,2,28.5,2025-11-25,True
RV-001020,PR-00340,2,30.1,2025-08-28,False
RV-001021,PR-00341,3,55.0,2024-10-17,False
RV-001022,PR-00341,3,54.0,2025-12-21,True
RV-001023,PR-00341,3,42.6,2025-04-25,False
RV-001024,PR-00342,3,41.2,2025-12-15,True
RV-001025,PR-00342,4,38.5,2025-07-24,False
RV-001026,PR-00342,2,47.8,2024-10-07,False
RV-001027,PR-00343,3,37.4,2025-10-22,True
RV-001028,PR-00343,2,41.6,2025-03-23,False
RV-001029,PR-00343,3,42.6,2025-08-07,True
RV-001030,PR-00344,3,59.5,2025-09-14,True
RV-001031,PR-00344,3,59.0,2025-05-06,False
RV-001032,PR-00344,3,53.5,2025-04-05,True
RV-001033,PR-00345,2,35.8,2025-05-30,False
RV-001034,PR-00345,3,38.4,2025-07-25,True
RV-001035,PR-00345,2,53.0,2026-01-01,False
RV-001036,PR-00346,4,78.2,2025-01-08,False
RV-001037,PR-00346,4,85.4,2024-10-11,False
RV-001038,PR-00346,5,88.5,2025-03-28,False
RV-001039,PR-00347,2,26.0,2025-02-24,True
RV-001040,PR-00347,1,28.3,2025-04-26,False
RV-001041,PR-00347,2,20.0,2024-12-31,False
RV-001042,PR-00348,5,83.4,2025-11-10,False
RV-001043,PR-00348,5,91.7,2025-01-10,False
RV-001044,PR-00348,5,87.6,2026-06-23,False
RV-001045,PR-00349,3,55.8,2026-04-05,True
RV-001046,PR-00349,3,60.9,2025-08-03,True
RV-001047,PR-00349,4,56.3,2026-05-04,True
RV-001048,PR-00350,4,77.8,2026-04-25,False
RV-001049,PR-00350,4,74.2,2025-08-31,True
RV-001050,PR-00350,4,79.5,2025-04-22,True
RV-001051,PR-00351,3,48.4,2026-07-27,False
RV-001052,PR-00351,3,42.3,2026-07-04,False
RV-001053,PR-00351,3,45.4,2026-01-16,True
RV-001054,PR-00352,3,49.7,2025-04-13,True
RV-001055,PR-00352,3,66.3,2025-05-22,True
RV-001056,PR-00352,3,53.5,2025-02-05,True
RV-001057,PR-00353,4,79.9,2025-03-23,True
RV-001058,PR-00353,4,78.0,2026-01-25,True
RV-001059,PR-00353,3,70.9,2026-03-03,False
RV-001060,PR-00354,3,57.6,2025-03-23,False
RV-001061,PR-00354,3,55.3,2025-05-28,False
RV-001062,PR-00354,3,61.0,2024-11-29,False
RV-001063,PR-00355,3,53.3,2025-07-18,False
RV-001064,PR-00355,4,49.1,2025-03-16,False
RV-001065,PR-00355,3,47.6,2026-02-19,True
RV-001066,PR-00356,2,39.0,2024-10-05,True
RV-001067,PR-00356,3,38.9,2025-01-20,True
RV-001068,PR-00356,3,30.8,2026-07-02,False
RV-001069,PR-00357,4,63.8,2025-12-31,True
RV-001070,PR-00357,4,64.2,2025-02-26,False
RV-001071,PR-00357,3,78.3,2024-12-29,False
RV-001072,PR-00358,4,64.7,2025-06-29,True
RV-001073,PR-00358,3,69.6,2026-03-19,False
RV-001074,PR-00358,5,64.4,2024-09-28,True
RV-001075,PR-00359,3,70.0,2026-04-23,False
RV-001076,PR-00359,4,57.6,2025-05-21,False
RV-001077,PR-00359,4,81.9,2025-04-11,False
RV-001078,PR-00360,3,64.1,2026-07-05,False
RV-001079,PR-00360,4,73.2,2025-01-31,True
RV-001080,PR-00360,4,82.4,2025-02-22,False
RV-001081,PR-00361,2,20.4,2025-06-09,False
RV-001082,PR-00361,2,21.2,2025-04-01,False
RV-001083,PR-00361,2,33.4,2025-10-25,True
RV-001084,PR-00362,3,68.0,2025-12-11,False
RV-001085,PR-00362,4,60.8,2026-01-16,False
RV-001086,PR-00362,4,60.9,2025-09-04,False
RV-001087,PR-00363,4,67.4,2026-09-01,False
RV-001088,PR-00363,4,86.6,2024-11-12,False
RV-001089,PR-00363,5,73.8,2025-03-09,True
RV-001090,PR-00364,3,57.7,2026-06-27,True
RV-001091,PR-00364,3,53.9,2024-10-14,False
RV-001092,PR-00364,3,55.0,2026-08-23,True
RV-001093,PR-00365,3,36.8,2026-07-03,False
RV-001094,PR-00365,3,40.1,2025-09-21,True
RV-001095,PR-00365,2,56.1,2025-04-13,True
RV-001096,PR-00366,3,30.8,2025-08-20,True
RV-001097,PR-00366,3,34.7,2025-04-22,False
RV-001098,PR-00366,2,33.0,2025-11-19,True
RV-001099,PR-00367,3,46.3,2025-06-06,False
RV-001100,PR-00367,2,34.0,2026-07-13,False
RV-001101,PR-00367,2,30.0,2025-05-08,False
RV-001102,PR-00368,4,79.0,2026-07-03,True
RV-001103,PR-00368,4,79.7,2025-03-26,False
RV-001104,PR-00368,4,70.1,2025-02-24,True
RV-001105,PR-00369,3,64.0,2025-01-06,False
RV-001106,PR-00369,3,54.0,2024-10-16,False
RV-001107,PR-00369,3,57.9,2026-07-26,False
RV-001108,PR-00370,3,46.9,2025-05-21,True
RV-001109,PR-00370,3,43.7,2026-02-13,True
RV-001110,PR-00370,3,51.0,2025-01-07,False
RV-001111,PR-00371,3,35.3,2025-12-24,False
RV-001112,PR-00371,3,42.8,2026-01-07,False
RV-001113,PR-00371,3,46.4,2026-07-29,False
RV-001114,PR-00372,3,58.4,2025-02-24,False
RV-001115,PR-00372,3,48.8,2026-04-12,False
RV-001116,PR-00372,3,57.8,2026-02-28,True
RV-001117,PR-00373,2,43.3,2025-08-09,True
RV-001118,PR-00373,3,30.0,2024-11-25,False
RV-001119,PR-00373,2,31.6,2024-09-22,False
RV-001120,PR-00374,4,75.9,2026-04-21,False
RV-001121,PR-00374,4,67.8,2024-11-06,False
RV-001122,PR-00374,4,79.9,2025-11-22,False
RV-001123,PR-00375,4,78.1,2024-09-16,True
RV-001124,PR-00375,4,73.2,2026-02-23,False
RV-001125,PR-00375,5,79.8,2024-10-12,False
RV-001126,PR-00376,4,56.5,2026-03-13,True
RV-001127,PR-00376,4,60.8,2026-05-22,True
RV-001128,PR-00376,4,66.4,2025-11-07,False
RV-001129,PR-00377,5,94.5,2025-08-30,False
RV-001130,PR-00377,5,83.6,2026-01-03,False
RV-001131,PR-00377,4,92.0,2025-11-05,False
RV-001132,PR-00378,4,69.6,2026-01-06,True
RV-001133,PR-00378,3,66.0,2026-04-03,False
RV-001134,PR-00378,4,72.5,2024-11-04,True
RV-001135,PR-00379,3,56.0,2025-11-18,False
RV-001136,PR-00379,3,50.1,2025-12-15,True
RV-001137,PR-00379,3,55.7,2025-06-30,True
RV-001138,PR-00380,5,78.5,2026-05-28,False
RV-001139,PR-00380,4,81.3,2025-12-09,False
RV-001140,PR-00380,3,76.6,2025-06-05,False
RV-001141,PR-00381,5,89.8,2026-03-23,False
RV-001142,PR-00381,4,99.9,2026-07-03,True
RV-001143,PR-00381,5,92.5,2025-09-03,False
RV-001144,PR-00382,4,53.8,2025-07-29,False
RV-001145,PR-00382,3,53.9,2026-09-04,False
RV-001146,PR-00382,3,58.8,2026-06-27,False
RV-001147,PR-00383,4,70.4,2026-09-01,False
RV-001148,PR-00383,4,66.8,2026-07-20,True
RV-001149,PR-00383,4,72.4,2026-04-13,False
RV-001150,PR-00384,2,26.8,2026-01-14,True
RV-001151,PR-00384,2,27.6,2025-07-15,False
RV-001152,PR-00384,2,30.6,2026-01-06,False
RV-001153,PR-00385,3,49.8,2025-03-20,False
RV-001154,PR-00385,2,44.8,2025-10-06,False
RV-001155,PR-00385,3,44.5,2025-10-15,True
RV-001156,PR-00386,3,65.2,2026-07-11,True
RV-001157,PR-00386,4,62.3,2025-10-09,False
RV-001158,PR-00386,3,73.5,2024-10-04,True
RV-001159,PR-00387,3,43.5,2024-12-13,True
RV-001160,PR-00387,3,62.3,2024-12-08,True
RV-001161,PR-00387,3,46.4,2025-08-22,False
RV-001162,PR-00388,3,48.6,2026-01-16,True
RV-001163,PR-00388,3,43.1,2025-07-09,False
RV-001164,PR-00388,3,53.3,2024-09-29,True
RV-001165,PR-00389,3,59.4,2025-08-26,True
RV-001166,PR-00389,3,64.8,2024-10-17,True
RV-001167,PR-00389,4,57.1,2024-10-22,True
RV-001168,PR-00390,3,64.0,2025-05-03,True
RV-001169,PR-00390,3,65.2,2025-03-15,True
RV-001170,PR-00390,3,52.7,2024-10-19,False
RV-001171,PR-00391,3,44.6,2026-04-01,False
RV-001172,PR-00391,3,47.7,2025-06-22,False
RV-001173,PR-00391,3,44.0,2025-08-24,False
RV-001174,PR-00392,3,59.5,2026-08-14,True
RV-001175,PR-00392,3,52.4,2025-08-09,True
RV-001176,PR-00392,3,51.9,2026-05-26,False
RV-001177,PR-00393,2,37.3,2025-03-20,True
RV-001178,PR-00393,3,44.9,2024-09-13,True
RV-001179,PR-00393,2,48.6,2025-06-02,False
RV-001180,PR-00394,4,46.0,2025-06-22,True
RV-001181,PR-00394,3,57.4,2025-12-12,True
RV-001182,PR-00394,3,47.0,2025-05-11,True
RV-001183,PR-00395,4,77.7,2026-03-20,False
RV-001184,PR-00395,4,77.0,2025-06-15,True
RV-001185,PR-00395,4,70.9,2026-09-04,False
RV-001186,PR-00396,3,56.5,2025-02-05,True
RV-001187,PR-00396,4,49.2,2025-08-08,False
RV-001188,PR-00396,4,61.5,2025-10-16,False
RV-001189,PR-00397,4,62.8,2026-01-09,False
RV-001190,PR-00397,4,61.6,2025-03-27,False
RV-001191,PR-00397,4,67.7,2025-09-30,False
RV-001192,PR-00398,3,30.4,2025-05-21,True
RV-001193,PR-00398,3,18.7,2025-09-02,True
RV-001194,PR-00398,1,34.1,2024-09-23,True
RV-001195,PR-00399,3,56.4,2025-08-12,False
RV-001196,PR-00399,3,61.1,2025-03-03,True
RV-001197,PR-00399,3,56.5,2025-03-08,True
RV-001198,PR-00400,4,78.8,2025-01-28,False
RV-001199,PR-00400,5,91.3,2024-12-25,False
RV-001200,PR-00400,4,88.8,2026-06-04,False
RV-001201,PR-00401,4,69.7,2025-06-08,True
RV-001202,PR-00401,3,65.4,2025-04-28,False
RV-001203,PR-00401,3,68.1,2025-06-30,True
RV-001204,PR-00402,3,50.6,2025-03-22,True
RV-001205,PR-00402,3,47.0,2024-09-20,True
RV-001206,PR-00402,3,49.3,2024-12-12,True
RV-001207,PR-00403,3,52.0,2025-05-12,False
RV-001208,PR-00403,3,35.2,2025-04-03,False
RV-001209,PR-00403,3,46.9,2025-08-18,False
RV-001210,PR-00404,5,98.5,2025-06-08,True
RV-001211,PR-00404,5,92.7,2024-10-05,False
RV-001212,PR-00404,5,97.4,2026-03-22,False
RV-001213,PR-00405,3,38.9,2025-02-18,True
RV-001214,PR-00405,2,37.3,2026-06-19,False
RV-001215,PR-00405,2,39.0,2026-06-22,True
RV-001216,PR-00406,3,65.3,2024-12-20,False
RV-001217,PR-00406,3,63.2,2025-11-21,True
RV-001218,PR-00406,3,59.9,2025-07-17,True
RV-001219,PR-00407,3,57.5,2025-10-23,True
RV-001220,PR-00407,3,51.3,2025-04-18,True
RV-001221,PR-00407,2,47.3,2024-12-21,False
RV-001222,PR-00408,2,34.0,2024-11-14,True
RV-001223,PR-00408,3,41.2,2025-05-15,True
RV-001224,PR-00408,3,39.7,2026-03-09,True
RV-001225,PR-00409,4,80.2,2025-05-28,True
RV-001226,PR-00409,4,86.4,2026-03-26,False
RV-001227,PR-00409,4,75.9,2025-12-12,False
RV-001228,PR-00410,4,78.9,2026-03-05,True
RV-001229,PR-00410,4,56.1,2025-10-22,True
RV-001230,PR-00410,4,70.3,2024-11-19,True
RV-001231,PR-00411,1,22.7,2024-10-29,True
RV-001232,PR-00411,2,21.8,2025-12-28,False
RV-001233,PR-00411,2,7.6,2025-06-01,True
RV-001234,PR-00412,3,78.4,2026-05-12,False
RV-001235,PR-00412,4,80.1,2024-09-25,False
RV-001236,PR-00412,4,67.2,2026-07-02,False
RV-001237,PR-00413,4,64.3,2026-06-16,True
RV-001238,PR-00413,4,81.4,2026-05-15,True
RV-001239,PR-00413,4,72.5,2025-11-11,True
RV-001240,PR-00414,3,58.0,2026-08-07,True
RV-001241,PR-00414,3,51.3,2024-11-29,True
RV-001242,PR-00414,3,56.8,2025-09-03,True
RV-001243,PR-00415,3,47.2,2024-12-06,True
RV-001244,PR-00415,3,48.4,2025-08-17,False
RV-001245,PR-00415,3,61.0,2026-05-09,True
RV-001246,PR-00416,3,72.2,2025-12-21,True
RV-001247,PR-00416,3,53.4,2025-08-13,True
RV-001248,PR-00416,4,62.0,2025-08-08,False
RV-001249,PR-00417,4,69.3,2026-09-01,True
RV-001250,PR-00417,4,69.6,2025-10-19,True
RV-001251,PR-00417,4,63.2,2026-03-31,False
RV-001252,PR-00418,3,53.3,2026-01-26,False
RV-001253,PR-00418,3,58.6,2025-12-11,True
RV-001254,PR-00418,4,55.2,2026-06-25,False
RV-001255,PR-00419,4,69.6,2026-06-22,False
RV-001256,PR-00419,5,71.4,2026-05-07,True
RV-001257,PR-00419,4,77.5,2025-01-31,False
RV-001258,PR-00420,3,70.2,2025-04-15,False
RV-001259,PR-00420,4,68.4,2026-09-05,False
RV-001260,PR-00420,4,72.0,2025-07-17,False
RV-001261,PR-00421,3,52.3,2026-03-12,False
RV-001262,PR-00421,2,48.4,2025-01-18,False
RV-001263,PR-00421,3,34.1,2026-04-22,False
RV-001264,PR-00422,3,42.0,2025-06-19,False
RV-001265,PR-00422,3,52.5,2025-09-22,True
RV-001266,PR-00422,3,49.8,2025-11-11,False
RV-001267,PR-00423,2,39.4,2024-12-16,True
RV-001268,PR-00423,2,40.0,2026-03-23,False
RV-001269,PR-00423,2,29.6,2026-02-02,False
RV-001270,PR-00424,2,43.9,2025-09-05,False
RV-001271,PR-00424,3,43.8,2025-02-23,True
RV-001272,PR-00424,3,40.8,2025-10-18,True
RV-001273,PR-00425,3,42.9,2024-10-28,True
RV-001274,PR-00425,3,38.1,2026-07-09,False
RV-001275,PR-00425,3,39.4,2025-05-26,True
RV-001276,PR-00426,3,64.5,2025-11-11,False
RV-001277,PR-00426,3,72.3,2026-02-14,True
RV-001278,PR-00426,4,70.4,2025-09-09,False
RV-001279,PR-00427,4,87.2,2025-06-22,True
RV-001280,PR-00427,4,73.4,2026-02-04,True
RV-001281,PR-00427,4,74.6,2024-11-18,True
RV-001282,PR-00428,3,58.4,2025-04-28,False
RV-001283,PR-00428,3,41.6,2025-03-25,True
RV-001284,PR-00428,3,50.8,2025-11-04,True
RV-001285,PR-00429,3,58.9,2026-01-26,True
RV-001286,PR-00429,3,56.3,2025-02-04,False
RV-001287,PR-00429,3,57.3,2025-12-16,False
RV-001288,PR-00430,3,61.8,2025-05-08,False
RV-001289,PR-00430,3,64.2,2026-02-26,False
RV-001290,PR-00430,4,59.1,2025-12-21,False
RV-001291,PR-00431,4,66.5,2026-02-15,False
RV-001292,PR-00431,3,74.4,2024-12-05,False
RV-001293,PR-00431,3,62.4,2025-10-20,False
RV-001294,PR-00432,4,49.4,2026-09-07,False
RV-001295,PR-00432,3,56.5,2025-09-16,True
RV-001296,PR-00432,3,50.5,2026-05-03,True
RV-001297,PR-00433,3,65.6,2026-06-07,False
RV-001298,PR-00433,3,70.0,2025-03-17,False
RV-001299,PR-00433,4,56.5,2025-09-28,False
RV-001300,PR-00434,3,40.9,2025-10-18,True
RV-001301,PR-00434,3,45.7,2026-01-06,True
RV-001302,PR-00434,4,41.7,2025-08-18,False
RV-001303,PR-00435,3,42.7,2025-11-10,True
RV-001304,PR-00435,3,53.1,2025-06-27,False
RV-001305,PR-00435,3,54.9,2025-08-18,True
RV-001306,PR-00436,4,45.1,2025-06-05,True
RV-001307,PR-00436,2,55.4,2025-11-10,False
RV-001308,PR-00436,3,49.7,2026-07-15,False
RV-001309,PR-00437,2,49.7,2026-08-17,False
RV-001310,PR-00437,3,45.6,2026-06-06,True
RV-001311,PR-00437,2,54.1,2024-12-06,True
RV-001312,PR-00438,4,81.9,2026-06-15,False
RV-001313,PR-00438,4,74.8,2026-03-22,False
RV-001314,PR-00438,5,84.0,2026-06-10,False
RV-001315,PR-00439,3,56.9,2026-05-09,True
RV-001316,PR-00439,4,55.7,2026-02-03,False
RV-001317,PR-00439,4,48.5,2025-02-09,True
RV-001318,PR-00440,3,62.1,2025-01-08,True
RV-001319,PR-00440,3,63.4,2025-01-20,True
RV-001320,PR-00440,3,57.1,2025-08-06,False
RV-001321,PR-00441,3,60.2,2025-07-29,False
RV-001322,PR-00441,3,68.7,2024-12-20,True
RV-001323,PR-00441,3,62.6,2025-07-29,True
RV-001324,PR-00442,3,48.3,2026-05-12,True
RV-001325,PR-00442,3,45.8,2026-05-29,False
RV-001326,PR-00442,2,40.4,2025-07-07,True
RV-001327,PR-00443,3,48.7,2026-01-12,True
RV-001328,PR-00443,3,38.9,2025-07-30,True
RV-001329,PR-00443,3,41.6,2025-09-18,True
RV-001330,PR-00444,4,77.7,2025-02-16,False
RV-001331,PR-00444,4,75.6,2026-08-30,False
RV-001332,PR-00444,4,68.5,2026-06-26,True
RV-001333,PR-00445,3,46.1,2025-07-05,False
RV-001334,PR-00445,3,55.1,2026-07-14,False
RV-001335,PR-00445,4,57.8,2026-02-22,False
RV-001336,PR-00446,2,36.8,2025-05-30,True
RV-001337,PR-00446,2,35.9,2026-08-28,False
RV-001338,PR-00446,2,39.5,2026-07-02,False
RV-001339,PR-00447,4,56.3,2026-04-23,False
RV-001340,PR-00447,4,68.9,2025-04-09,True
RV-001341,PR-00447,4,76.5,2025-04-23,False
RV-001342,PR-00448,3,47.1,2025-08-05,True
RV-001343,PR-00448,3,43.7,2025-05-07,False
RV-001344,PR-00448,3,51.5,2026-04-17,True
RV-001345,PR-00449,2,32.8,2025-07-29,False
RV-001346,PR-00449,2,39.2,2024-12-08,True
RV-001347,PR-00449,2,39.6,2026-06-06,False
RV-001348,PR-00450,4,71.8,2026-01-28,False
RV-001349,PR-00450,4,69.3,2026-06-29,False
RV-001350,PR-00450,4,64.8,2026-03-09,True
RV-001351,PR-00451,4,70.6,2025-05-05,True
RV-001352,PR-00451,4,67.1,2025-03-01,False
RV-001353,PR-00451,4,66.5,2024-11-25,True
RV-001354,PR-00452,3,50.2,2025-02-01,True
RV-001355,PR-00452,3,45.9,2026-09-10,True
RV-001356,PR-00452,3,39.8,2026-01-09,True
RV-001357,PR-00453,3,60.6,2025-03-05,True
RV-001358,PR-00453,3,65.5,2025-11-07,True
RV-001359,PR-00453,4,54.6,2025-10-29,False
RV-001360,PR-00454,4,83.1,2025-02-22,True
RV-001361,PR-00454,4,81.8,2025-07-29,True
RV-001362,PR-00454,5,73.9,2025-05-02,True
RV-001363,PR-00455,3,52.4,2025-12-25,True
RV-001364,PR-00455,3,46.6,2025-11-24,False
RV-001365,PR-00455,3,37.5,2026-06-15,True
RV-001366,PR-00456,5,86.2,2025-11-30,True
RV-001367,PR-00456,5,88.6,2025-06-06,True
RV-001368,PR-00456,4,81.4,2025-07-05,False
RV-001369,PR-00457,3,38.8,2025-07-01,False
RV-001370,PR-00457,2,47.4,2026-03-11,False
RV-001371,PR-00457,3,41.4,2026-07-05,True
RV-001372,PR-00458,2,53.4,2025-05-08,True
RV-001373,PR-00458,3,60.3,2026-09-06,False
RV-001374,PR-00458,3,54.1,2024-12-26,False
RV-001375,PR-00459,4,56.7,2025-10-20,True
RV-001376,PR-00459,3,62.4,2025-05-20,True
RV-001377,PR-00459,4,58.1,2025-04-18,False
RV-001378,PR-00460,4,69.4,2025-09-15,False
RV-001379,PR-00460,4,69.2,2026-05-18,False
RV-001380,PR-00460,5,72.7,2026-04-20,True
RV-001381,PR-00461,4,72.8,2025-09-17,True
RV-001382,PR-00461,4,72.3,2025-07-09,False
RV-001383,PR-00461,4,79.0,2026-05-18,False
RV-001384,PR-00462,3,63.6,2026-08-11,False
RV-001385,PR-00462,4,57.5,2025-05-10,False
RV-001386,PR-00462,4,63.5,2026-07-31,True
RV-001387,PR-00463,4,55.9,2025-08-27,False
RV-001388,PR-00463,3,67.1,2026-09-01,False
RV-001389,PR-00463,4,64.6,2025-01-11,False
RV-001390,PR-00464,2,47.9,2025-03-14,False
RV-001391,PR-00464,3,38.4,2025-03-20,False
RV-001392,PR-00464,3,36.0,2026-01-12,True
RV-001393,PR-00465,2,11.4,2026-07-10,False
RV-001394,PR-00465,2,5.8,2026-01-28,False
RV-001395,PR-00465,2,18.3,2024-11-29,False
RV-001396,PR-00466,4,78.1,2026-09-09,False
RV-001397,PR-00466,4,78.0,2026-02-10,True
RV-001398,PR-00466,4,85.0,2024-12-16,False
RV-001399,PR-00467,4,64.6,2025-04-20,False
RV-001400,PR-00467,4,64.6,2025-09-22,True
RV-001401,PR-00467,4,67.5,2024-10-05,False
RV-001402,PR-00468,3,76.4,2025-10-10,True
RV-001403,PR-00468,5,70.8,2025-03-06,False
RV-001404,PR-00468,4,88.3,2024-12-22,True
RV-001405,PR-00469,3,58.9,2025-04-12,False
RV-001406,PR-00469,3,49.7,2024-10-03,False
RV-001407,PR-00469,3,55.1,2025-12-19,False
RV-001408,PR-00470,4,90.0,2026-06-30,True
RV-001409,PR-00470,4,62.9,2026-08-04,True
RV-001410,PR-00470,4,85.9,2025-08-21,True
RV-001411,PR-00471,2,50.2,2025-01-11,False
RV-001412,PR-00471,2,32.4,2026-03-29,True
RV-001413,PR-00471,2,40.1,2025-01-19,True
RV-001414,PR-00472,3,62.5,2026-07-05,True
RV-001415,PR-00472,3,54.2,2025-11-17,True
RV-001416,PR-00472,3,42.9,2024-12-21,True
RV-001417,PR-00473,3,61.9,2025-05-01,False
RV-001418,PR-00473,4,56.4,2025-04-14,False
RV-001419,PR-00473,4,61.3,2025-11-03,True
RV-001420,PR-00474,3,34.7,2026-03-17,True
RV-001421,PR-00474,2,46.4,2024-12-09,False
RV-001422,PR-00474,2,42.5,2025-12-04,False
RV-001423,PR-00475,4,58.5,2025-11-08,True
RV-001424,PR-00475,3,66.4,2026-03-18,False
RV-001425,PR-00475,3,48.9,2025-12-20,False
RV-001426,PR-00476,3,62.6,2025-08-29,True
RV-001427,PR-00476,3,55.1,2026-07-12,True
RV-001428,PR-00476,3,69.7,2025-08-12,False
RV-001429,PR-00477,3,54.9,2026-02-06,True
RV-001430,PR-00477,4,63.0,2025-04-04,True
RV-001431,PR-00477,3,53.0,2025-12-06,False
RV-001432,PR-00478,3,49.0,2026-06-19,True
RV-001433,PR-00478,3,37.9,2026-08-18,False
RV-001434,PR-00478,3,42.4,2026-04-13,False
RV-001435,PR-00479,3,34.3,2025-04-10,True
RV-001436,PR-00479,2,28.3,2025-04-10,True
RV-001437,PR-00479,2,41.8,2024-11-25,True
RV-001438,PR-00480,4,87.1,2025-03-02,True
RV-001439,PR-00480,4,74.6,2025-05-28,True
RV-001440,PR-00480,4,84.1,2026-01-10,False
RV-001441,PR-00481,3,61.7,2024-11-05,True
RV-001442,PR-00481,3,59.8,2025-01-06,True
RV-001443,PR-00481,3,46.0,2026-06-22,False
RV-001444,PR-00482,4,50.3,2024-10-07,True
RV-001445,PR-00482,3,61.1,2026-06-11,True
RV-001446,PR-00482,4,55.3,2025-10-25,True
RV-001447,PR-00483,3,43.9,2025-07-14,False
RV-001448,PR-00483,3,32.4,2025-01-31,True
RV-001449,PR-00483,3,40.0,2025-01-20,True
RV-001450,PR-00484,4,75.0,2026-09-03,True
RV-001451,PR-00484,4,58.4,2024-12-01,True
RV-001452,PR-00484,4,67.8,2025-04-03,False
RV-001453,PR-00485,3,48.5,2026-03-03,True
RV-001454,PR-00485,3,38.1,2024-10-17,True
RV-001455,PR-00485,3,46.4,2026-01-20,False
RV-001456,PR-00486,4,61.8,2026-02-07,True
RV-001457,PR-00486,4,61.3,2025-02-15,True
RV-001458,PR-00486,3,50.0,2026-08-27,False
RV-001459,PR-00487,3,52.6,2024-11-19,True
RV-001460,PR-00487,3,56.9,2025-07-09,True
RV-001461,PR-00487,3,53.7,2026-05-17,False
RV-001462,PR-00488,4,72.2,2026-01-21,False
RV-001463,PR-00488,3,82.0,2026-07-15,True
RV-001464,PR-00488,3,68.7,2024-09-24,True
RV-001465,PR-00489,4,76.9,2024-12-15,False
RV-001466,PR-00489,3,55.9,2026-05-03,True
RV-001467,PR-00489,4,75.4,2025-03-17,True
RV-001468,PR-00490,2,36.0,2026-07-17,False
RV-001469,PR-00490,3,35.2,2025-06-07,False
RV-001470,PR-00490,3,38.0,2024-11-11,False
RV-001471,PR-00491,2,23.5,2025-10-03,False
RV-001472,PR-00491,2,22.1,2025-04-15,True
RV-001473,PR-00491,2,28.8,2026-01-09,False
RV-001474,PR-00492,3,48.2,2026-07-31,True
RV-001475,PR-00492,2,31.7,2026-08-13,True
RV-001476,PR-00492,2,39.5,2025-09-19,False
RV-001477,PR-00493,4,68.0,2025-05-06,False
RV-001478,PR-00493,4,78.1,2024-12-20,True
RV-001479,PR-00493,4,78.6,2025-05-17,True
RV-001480,PR-00494,3,63.8,2025-01-24,False
RV-001481,PR-00494,3,67.1,2025-07-19,False
RV-001482,PR-00494,4,70.0,2025-12-27,True
RV-001483,PR-00495,2,31.6,2025-06-04,True
RV-001484,PR-00495,3,49.3,2025-12-27,True
RV-001485,PR-00495,3,41.5,2025-11-18,True
RV-001486,PR-00496,2,46.3,2025-09-30,True
RV-001487,PR-00496,3,32.8,2026-02-21,False
RV-001488,PR-00496,3,43.9,2025-01-29,False
RV-001489,PR-00497,3,41.6,2026-08-01,True
RV-001490,PR-00497,3,44.7,2026-01-11,False
RV-001491,PR-00497,3,32.7,2024-10-16,True
RV-001492,PR-00498,3,46.6,2026-04-06,True
RV-001493,PR-00498,3,50.6,2026-04-28,True
RV-001494,PR-00498,3,46.1,2026-03-03,True
RV-001495,PR-00499,3,41.6,2025-10-26,False
RV-001496,PR-00499,3,69.2,2026-03-13,True
RV-001497,PR-00499,3,54.0,2026-08-25,True
RV-001498,PR-00500,3,58.0,2026-08-15,False
RV-001499,PR-00500,3,54.2,2026-03-08,False
RV-001500,PR-00500,3,39.6,2025-10-12,True
RV-001501,PR-00501,3,44.9,2025-10-17,False
RV-001502,PR-00501,3,39.1,2024-12-24,True
RV-001503,PR-00501,3,34.9,2026-08-28,True
RV-001504,PR-00502,3,50.1,2025-07-17,False
RV-001505,PR-00502,3,39.3,2026-07-13,True
RV-001506,PR-00502,3,45.0,2024-12-28,False
RV-001507,PR-00503,3,42.0,2026-05-19,False
RV-001508,PR-00503,3,41.5,2025-06-18,False
RV-001509,PR-00503,3,43.6,2026-01-29,True
RV-001510,PR-00504,3,43.6,2026-06-05,True
RV-001511,PR-00504,3,50.7,2025-10-21,False
RV-001512,PR-00504,3,47.2,2026-07-05,True
RV-001513,PR-00505,2,35.6,2025-03-20,True
RV-001514,PR-00505,3,20.5,2025-07-25,True
RV-001515,PR-00505,2,34.3,2025-05-01,False
RV-001516,PR-00506,4,74.9,2026-03-12,True
RV-001517,PR-00506,4,74.4,2026-08-02,True
RV-001518,PR-00506,4,63.1,2024-12-23,True
RV-001519,PR-00507,3,39.0,2026-08-03,True
RV-001520,PR-00507,2,35.0,2024-11-07,False
RV-001521,PR-00507,3,44.7,2024-11-03,True
RV-001522,PR-00508,4,73.4,2024-10-14,False
RV-001523,PR-00508,4,57.4,2025-10-24,False
RV-001524,PR-00508,3,64.7,2025-04-30,True
RV-001525,PR-00509,3,54.9,2025-03-22,True
RV-001526,PR-00509,3,55.4,2025-08-04,True
RV-001527,PR-00509,4,62.4,2026-03-16,False
RV-001528,PR-00510,4,60.5,2025-10-18,True
RV-001529,PR-00510,2,52.4,2025-07-28,True
RV-001530,PR-00510,3,55.4,2025-06-30,False
RV-001531,PR-00511,4,77.2,2026-04-29,True
RV-001532,PR-00511,4,73.8,2025-12-16,False
RV-001533,PR-00511,4,82.2,2026-06-07,False
RV-001534,PR-00512,4,62.1,2025-07-01,True
RV-001535,PR-00512,3,52.0,2025-04-15,False
RV-001536,PR-00512,3,63.3,2025-02-19,False
RV-001537,PR-00513,3,25.7,2025-07-22,False
RV-001538,PR-00513,2,39.9,2025-12-24,True
RV-001539,PR-00513,2,42.8,2025-12-17,True
RV-001540,PR-00514,2,54.6,2025-09-12,True
RV-001541,PR-00514,3,46.8,2026-05-01,False
RV-001542,PR-00514,3,54.2,2024-10-27,False
RV-001543,PR-00515,3,43.4,2025-04-20,False
RV-001544,PR-00515,3,47.1,2025-02-08,False
RV-001545,PR-00515,1,23.6,2024-10-07,False
RV-001546,PR-00516,4,63.3,2025-08-28,False
RV-001547,PR-00516,3,72.7,2026-01-23,True
RV-001548,PR-00516,3,71.2,2025-02-05,True
RV-001549,PR-00517,2,50.5,2024-09-19,False
RV-001550,PR-00517,2,36.5,2026-02-01,True
RV-001551,PR-00517,3,52.9,2026-08-21,True
RV-001552,PR-00518,4,85.0,2025-11-10,False
RV-001553,PR-00518,4,82.8,2024-09-11,False
RV-001554,PR-00518,5,70.9,2025-02-02,False
RV-001555,PR-00519,2,0.0,2026-06-08,True
RV-001556,PR-00519,1,10.9,2025-06-22,False
RV-001557,PR-00519,2,5.2,2025-05-25,False
RV-001558,PR-00520,3,53.3,2024-12-04,True
RV-001559,PR-00520,3,36.7,2025-04-20,True
RV-001560,PR-00520,3,47.5,2026-04-22,False
RV-001561,PR-00521,4,50.1,2026-07-20,False
RV-001562,PR-00521,3,40.0,2024-11-22,False
RV-001563,PR-00521,3,62.1,2024-09-26,True
RV-001564,PR-00522,2,43.4,2025-10-16,False
RV-001565,PR-00522,2,47.1,2026-06-10,False
RV-001566,PR-00522,2,42.4,2026-07-11,False
RV-001567,PR-00523,3,62.3,2026-05-27,True
RV-001568,PR-00523,3,51.3,2025-08-26,True
RV-001569,PR-00523,3,56.8,2026-01-05,True
RV-001570,PR-00524,3,46.9,2026-07-26,True
RV-001571,PR-00524,3,41.2,2025-10-02,False
RV-001572,PR-00524,4,56.8,2026-06-25,True
RV-001573,PR-00525,2,46.0,2025-06-28,True
RV-001574,PR-00525,2,42.0,2025-06-15,True
RV-001575,PR-00525,2,42.5,2026-06-22,False
RV-001576,PR-00526,3,64.8,2024-12-24,False
RV-001577,PR-00526,3,61.9,2026-03-13,True
RV-001578,PR-00526,3,61.7,2025-07-18,False
RV-001579,PR-00527,3,36.4,2025-01-24,True
RV-001580,PR-00527,3,36.1,2024-09-14,True
RV-001581,PR-00527,3,49.0,2025-06-01,False
RV-001582,PR-00528,2,64.0,2025-10-07,True
RV-001583,PR-00528,3,40.5,2025-06-26,False
RV-001584,PR-00528,3,54.5,2025-04-12,True
RV-001585,PR-00529,5,65.9,2025-11-30,True
RV-001586,PR-00529,4,79.9,2025-09-25,True
RV-001587,PR-00529,3,71.7,2025-09-13,True
RV-001588,PR-00530,2,52.4,2026-01-18,False
RV-001589,PR-00530,4,51.1,2026-03-26,False
RV-001590,PR-00530,3,43.1,2024-12-24,False
RV-001591,PR-00531,5,89.1,2024-11-17,True
RV-001592,PR-00531,5,87.0,2025-08-09,False
RV-001593,PR-00531,4,90.4,2026-02-10,True
RV-001594,PR-00532,3,74.7,2026-05-30,True
RV-001595,PR-00532,4,52.9,2026-06-27,False
RV-001596,PR-00532,4,67.5,2025-11-15,False
RV-001597,PR-00533,4,57.5,2024-12-20,False
RV-001598,PR-00533,3,50.4,2026-06-17,False
RV-001599,PR-00533,3,63.2,2025-01-11,False
RV-001600,PR-00534,3,60.9,2024-12-05,False
RV-001601,PR-00534,3,63.9,2026-06-11,False
RV-001602,PR-00534,3,63.0,2026-07-09,True
RV-001603,PR-00535,4,60.1,2025-01-05,False
RV-001604,PR-00535,4,82.4,2024-12-06,False
RV-001605,PR-00535,4,70.9,2024-11-09,True
RV-001606,PR-00536,2,51.6,2026-06-23,True
RV-001607,PR-00536,2,28.7,2025-03-20,True
RV-001608,PR-00536,3,35.1,2026-03-27,False
RV-001609,PR-00537,3,34.4,2026-04-03,False
RV-001610,PR-00537,2,29.2,2024-11-14,True
RV-001611,PR-00537,3,46.5,2025-09-14,True
RV-001612,PR-00538,3,21.8,2025-11-15,True
RV-001613,PR-00538,2,27.4,2025-09-02,True
RV-001614,PR-00538,2,7.5,2026-08-13,False
RV-001615,PR-00539,4,83.2,2026-08-08,False
RV-001616,PR-00539,4,70.7,2025-11-30,True
RV-001617,PR-00539,4,78.5,2025-05-04,False
RV-001618,PR-00540,3,34.3,2025-08-08,False
RV-001619,PR-00540,2,42.7,2025-12-04,False
RV-001620,PR-00540,3,47.3,2026-01-22,False
RV-001621,PR-00541,2,68.9,2026-06-14,False
RV-001622,PR-00541,3,46.7,2026-05-15,False
RV-001623,PR-00541,3,58.3,2025-01-07,True
RV-001624,PR-00542,3,43.9,2025-07-23,True
RV-001625,PR-00542,4,69.0,2025-04-07,True
RV-001626,PR-00542,2,62.6,2026-08-25,True
RV-001627,PR-00543,3,61.7,2026-05-16,False
RV-001628,PR-00543,3,59.0,2026-05-11,True
RV-001629,PR-00543,3,59.4,2025-09-23,False
RV-001630,PR-00544,3,26.0,2026-06-24,True
RV-001631,PR-00544,3,41.8,2025-03-11,True
RV-001632,PR-00544,2,55.2,2026-08-11,True
RV-001633,PR-00545,2,30.7,2026-09-04,True
RV-001634,PR-00545,2,33.3,2024-11-24,True
RV-001635,PR-00545,2,30.5,2025-02-23,True
RV-001636,PR-00546,4,78.2,2026-09-08,True
RV-001637,PR-00546,3,67.6,2026-08-27,True
RV-001638,PR-00546,3,72.0,2025-06-06,False
RV-001639,PR-00547,3,47.6,2025-03-28,False
RV-001640,PR-00547,3,49.5,2026-06-21,False
RV-001641,PR-00547,3,50.7,2026-08-08,True
RV-001642,PR-00548,3,60.8,2025-07-05,False
RV-001643,PR-00548,3,59.3,2025-02-03,True
RV-001644,PR-00548,4,61.2,2026-08-16,True
RV-001645,PR-00549,3,61.4,2025-06-10,False
RV-001646,PR-00549,4,46.8,2025-05-05,False
RV-001647,PR-00549,3,47.6,2025-07-09,True
RV-001648,PR-00550,5,91.0,2024-09-23,True
RV-001649,PR-00550,5,89.2,2025-06-16,True
RV-001650,PR-00550,4,96.0,2025-06-26,True
RV-001651,PR-00551,2,48.1,2026-05-31,True
RV-001652,PR-00551,4,42.2,2026-05-20,False
RV-001653,PR-00551,3,60.9,2024-11-25,False
RV-001654,PR-00552,4,61.1,2026-02-12,True
RV-001655,PR-00552,3,55.9,2024-12-06,True
RV-001656,PR-00552,4,63.8,2024-11-15,True
RV-001657,PR-00553,4,74.2,2024-10-05,True
RV-001658,PR-00553,4,66.2,2025-11-22,False
RV-001659,PR-00553,4,66.1,2025-02-25,False
RV-001660,PR-00554,3,35.6,2026-06-25,False
RV-001661,PR-00554,3,41.5,2025-03-28,True
RV-001662,PR-00554,2,39.6,2025-09-28,True
RV-001663,PR-00555,3,56.6,2026-08-12,True
RV-001664,PR-00555,4,68.7,2026-03-01,True
RV-001665,PR-00555,4,57.9,2025-09-16,True
RV-001666,PR-00556,4,67.4,2026-04-06,False
RV-001667,PR-00556,3,72.3,2024-12-13,True
RV-001668,PR-00556,3,64.2,2025-05-10,True
RV-001669,PR-00557,5,75.5,2025-04-23,True
RV-001670,PR-00557,4,89.8,2026-05-11,False
RV-001671,PR-00557,4,86.4,2024-09-24,False
RV-001672,PR-00558,4,79.0,2026-06-10,False
RV-001673,PR-00558,4,83.7,2024-11-21,False
RV-001674,PR-00558,4,72.1,2026-01-16,True
RV-001675,PR-00559,3,68.1,2025-10-19,True
RV-001676,PR-00559,3,65.0,2026-07-14,True
RV-001677,PR-00559,4,62.8,2025-11-18,True
RV-001678,PR-00560,4,98.6,2025-10-17,False
RV-001679,PR-00560,5,100.0,2025-01-14,False
RV-001680,PR-00560,5,92.8,2026-07-07,False
RV-001681,PR-00561,2,6.2,2025-04-24,False
RV-001682,PR-00561,2,8.1,2026-08-06,False
RV-001683,PR-00561,1,5.9,2026-03-29,True
RV-001684,PR-00562,2,42.4,2026-01-19,True
RV-001685,PR-00562,3,23.2,2026-03-31,True
RV-001686,PR-00562,2,33.3,2025-09-23,True
RV-001687,PR-00563,2,25.4,2025-05-17,False
RV-001688,PR-00563,1,19.6,2026-05-18,False
RV-001689,PR-00563,2,19.0,2024-12-15,True
RV-001690,PR-00564,2,18.1,2026-01-28,True
RV-001691,PR-00564,2,20.5,2024-09-25,False
RV-001692,PR-00564,2,26.9,2025-07-21,False
RV-001693,PR-00565,4,76.0,2024-11-05,True
RV-001694,PR-00565,3,69.2,2026-06-06,False
RV-001695,PR-00565,4,68.3,2024-12-11,False
RV-001696,PR-00566,3,55.5,2024-10-25,False
RV-001697,PR-00566,3,48.8,2025-12-20,False
RV-001698,PR-00566,4,64.3,2024-10-04,False
RV-001699,PR-00567,5,73.2,2025-07-27,False
RV-001700,PR-00567,4,67.7,2026-07-12,False
RV-001701,PR-00567,4,81.5,2026-02-26,False
RV-001702,PR-00568,3,48.2,2026-04-23,True
RV-001703,PR-00568,3,44.2,2025-12-07,True
RV-001704,PR-00568,3,45.1,2025-08-11,False
RV-001705,PR-00569,4,75.7,2025-06-03,False
RV-001706,PR-00569,4,77.5,2026-04-01,False
RV-001707,PR-00569,4,81.5,2025-04-16,True
RV-001708,PR-00570,3,81.1,2025-02-07,True
RV-001709,PR-00570,4,66.4,2025-06-30,True
RV-001710,PR-00570,4,69.6,2025-08-29,True
RV-001711,PR-00571,3,54.5,2025-12-23,False
RV-001712,PR-00571,4,56.3,2025-12-18,False
RV-001713,PR-00571,3,67.9,2025-11-15,True
RV-001714,PR-00572,3,64.0,2026-03-26,False
RV-001715,PR-00572,4,63.2,2026-05-05,False
RV-001716,PR-00572,4,63.4,2025-08-26,False
RV-001717,PR-00573,3,45.0,2026-06-18,False
RV-001718,PR-00573,4,33.8,2025-07-29,True
RV-001719,PR-00573,2,43.8,2025-06-07,False
RV-001720,PR-00574,3,65.9,2025-07-28,False
RV-001721,PR-00574,4,55.1,2025-03-15,True
RV-001722,PR-00574,3,66.9,2026-03-26,False
RV-001723,PR-00575,3,70.6,2026-03-12,False
RV-001724,PR-00575,4,57.7,2025-04-24,False
RV-001725,PR-00575,4,70.4,2025-04-13,False
RV-001726,PR-00576,2,36.3,2025-01-13,True
RV-001727,PR-00576,3,42.3,2026-07-24,True
RV-001728,PR-00576,2,41.9,2025-04-22,False
RV-001729,PR-00577,2,30.2,2025-01-23,True
RV-001730,PR-00577,2,23.2,2025-05-25,False
RV-001731,PR-00577,3,29.4,2025-04-10,True
RV-001732,PR-00578,4,75.9,2026-05-19,False
RV-001733,PR-00578,4,71.7,2026-02-22,False
RV-001734,PR-00578,5,76.6,2025-07-15,True
RV-001735,PR-00579,4,45.4,2025-12-14,True
RV-001736,PR-00579,2,44.0,2025-03-15,True
RV-001737,PR-00579,3,51.5,2025-11-26,False
RV-001738,PR-00580,4,81.4,2025-04-25,False
RV-001739,PR-00580,4,78.5,2025-02-26,True
RV-001740,PR-00580,5,68.1,2024-11-17,False
RV-001741,PR-00581,3,50.2,2025-06-17,True
RV-001742,PR-00581,3,55.4,2025-08-28,False
RV-001743,PR-00581,3,44.0,2024-11-02,True
RV-001744,PR-00582,3,48.7,2025-09-25,True
RV-001745,PR-00582,3,31.6,2025-07-07,True
RV-001746,PR-00582,2,39.4,2024-12-24,False
RV-001747,PR-00583,4,50.3,2024-12-25,False
RV-001748,PR-00583,3,53.0,2026-03-27,True
RV-001749,PR-00583,3,47.8,2025-06-15,False
RV-001750,PR-00584,5,88.0,2025-10-26,True
RV-001751,PR-00584,4,96.9,2025-03-04,False
RV-001752,PR-00584,5,93.6,2025-01-14,False
RV-001753,PR-00585,3,56.8,2025-09-22,True
RV-001754,PR-00585,4,52.4,2024-10-18,False
RV-001755,PR-00585,4,56.6,2025-09-08,False
RV-001756,PR-00586,3,33.8,2025-07-07,False
RV-001757,PR-00586,2,38.8,2024-10-01,False
RV-001758,PR-00586,3,43.2,2025-11-03,False
RV-001759,PR-00587,3,38.1,2025-05-08,False
RV-001760,PR-00587,3,45.4,2025-08-11,True
RV-001761,PR-00587,2,48.2,2024-10-28,True
RV-001762,PR-00588,3,34.6,2026-06-06,False
RV-001763,PR-00588,2,39.4,2025-07-11,True
RV-001764,PR-00588,2,35.5,2026-03-24,False
RV-001765,PR-00589,3,41.0,2025-12-27,True
RV-001766,PR-00589,3,39.9,2025-11-28,False
RV-001767,PR-00589,3,29.3,2025-02-09,False
RV-001768,PR-00590,3,36.2,2024-11-24,True
RV-001769,PR-00590,1,35.1,2024-11-18,True
RV-001770,PR-00590,2,39.5,2025-08-07,False
RV-001771,PR-00591,4,64.2,2025-06-30,True
RV-001772,PR-00591,4,74.4,2026-02-12,True
RV-001773,PR-00591,4,63.7,2024-12-19,True
RV-001774,PR-00592,3,36.7,2026-07-07,True
RV-001775,PR-00592,3,31.8,2024-09-26,True
RV-001776,PR-00592,4,36.6,2024-10-19,False
RV-001777,PR-00593,3,52.7,2025-09-22,False
RV-001778,PR-00593,3,56.5,2026-03-12,True
RV-001779,PR-00593,3,47.7,2024-12-28,False
RV-001780,PR-00594,2,36.7,2025-03-11,True
RV-001781,PR-00594,3,43.8,2024-12-19,False
RV-001782,PR-00594,2,41.5,2025-08-20,False
RV-001783,PR-00595,3,51.1,2025-11-06,False
RV-001784,PR-00595,3,46.3,2026-05-19,False
RV-001785,PR-00595,4,58.0,2026-06-20,True
RV-001786,PR-00596,4,80.6,2025-06-05,True
RV-001787,PR-00596,4,81.3,2024-10-14,True
RV-001788,PR-00596,4,75.8,2026-01-14,False
RV-001789,PR-00597,2,41.7,2025-02-27,False
RV-001790,PR-00597,3,37.7,2025-05-20,True
RV-001791,PR-00597,3,40.8,2026-04-07,False
RV-001792,PR-00598,2,44.7,2025-12-28,False
RV-001793,PR-00598,2,43.2,2026-04-01,False
RV-001794,PR-00598,3,34.7,2025-05-20,True
RV-001795,PR-00599,3,35.3,2024-10-22,False
RV-001796,PR-00599,2,30.5,2025-12-09,True
RV-001797,PR-00599,3,39.3,2026-01-03,False
RV-001798,PR-00600,3,46.7,2026-05-26,True
RV-001799,PR-00600,3,42.2,2026-07-17,True
RV-001800,PR-00600,3,45.6,2025-10-14,True
RV-001801,PR-00601,2,36.7,2025-06-19,True
RV-001802,PR-00601,2,29.4,2026-01-13,False
RV-001803,PR-00601,2,20.3,2025-08-09,False
RV-001804,PR-00602,2,41.5,2026-01-29,True
RV-001805,PR-00602,3,50.5,2025-09-15,False
RV-001806,PR-00602,3,47.5,2026-03-12,False
RV-001807,PR-00603,3,40.6,2025-03-20,False
RV-001808,PR-00603,3,51.7,2026-02-15,False
RV-001809,PR-00603,3,51.5,2026-08-29,False
RV-001810,PR-00604,4,86.3,2025-05-19,True
RV-001811,PR-00604,4,77.0,2026-03-08,False
RV-001812,PR-00604,4,79.7,2025-03-30,True
RV-001813,PR-00605,3,47.8,2025-01-29,True
RV-001814,PR-00605,3,43.6,2026-05-07,False
RV-001815,PR-00605,3,43.4,2026-05-26,True
RV-001816,PR-00606,5,76.4,2024-11-19,True
RV-001817,PR-00606,4,70.5,2025-08-16,False
RV-001818,PR-00606,4,65.0,2025-07-12,False
RV-001819,PR-00607,3,35.9,2026-03-18,True
RV-001820,PR-00607,3,37.5,2024-11-03,False
RV-001821,PR-00607,2,34.9,2025-02-28,True
RV-001822,PR-00608,4,69.6,2024-12-27,True
RV-001823,PR-00608,4,63.5,2026-07-04,False
RV-001824,PR-00608,4,69.2,2026-02-12,True
RV-001825,PR-00609,4,61.4,2025-03-05,False
RV-001826,PR-00609,4,63.0,2026-05-18,False
RV-001827,PR-00609,3,51.7,2026-08-13,False
RV-001828,PR-00610,4,64.0,2025-08-24,False
RV-001829,PR-00610,4,78.3,2025-04-23,False
RV-001830,PR-00610,4,74.0,2025-08-18,True
RV-001831,PR-00611,3,59.3,2025-04-02,False
RV-001832,PR-00611,4,66.4,2024-09-28,True
RV-001833,PR-00611,4,63.8,2026-08-10,False
RV-001834,PR-00612,4,60.2,2025-12-02,True
RV-001835,PR-00612,4,60.6,2025-07-15,True
RV-001836,PR-00612,4,53.4,2024-09-16,True
RV-001837,PR-00613,4,60.1,2025-09-08,False
RV-001838,PR-00613,4,49.6,2026-08-29,True
RV-001839,PR-00613,3,51.8,2026-01-08,True
RV-001840,PR-00614,3,41.7,2025-12-10,False
RV-001841,PR-00614,3,47.8,2025-11-06,False
RV-001842,PR-00614,3,37.5,2025-07-04,True
RV-001843,PR-00615,3,55.5,2025-06-24,True
RV-001844,PR-00615,4,50.7,2024-11-07,False
RV-001845,PR-00615,3,45.2,2025-10-08,True
RV-001846,PR-00616,3,59.0,2025-05-26,True
RV-001847,PR-00616,3,53.1,2025-10-12,False
RV-001848,PR-00616,3,57.3,2025-12-12,True
RV-001849,PR-00617,3,74.4,2025-03-14,False
RV-001850,PR-00617,3,65.6,2025-10-15,False
RV-001851,PR-00617,4,79.2,2025-08-08,True
RV-001852,PR-00618,2,43.1,2024-11-30,True
RV-001853,PR-00618,3,32.3,2025-05-13,False
RV-001854,PR-00618,2,30.5,2025-01-18,True
RV-001855,PR-00619,3,57.5,2025-08-15,False
RV-001856,PR-00619,2,63.5,2026-04-22,False
RV-001857,PR-00619,3,60.9,2025-09-15,True
RV-001858,PR-00620,2,41.4,2024-12-30,True
RV-001859,PR-00620,4,49.8,2026-07-14,True
RV-001860,PR-00620,3,54.0,2025-08-29,True
RV-001861,PR-00621,4,73.6,2025-09-14,False
RV-001862,PR-00621,3,69.8,2026-03-29,True
RV-001863,PR-00621,3,67.4,2026-01-20,False
RV-001864,PR-00622,4,89.6,2024-11-10,False
RV-001865,PR-00622,4,87.9,2025-02-20,False
RV-001866,PR-00622,4,77.5,2024-10-06,True
RV-001867,PR-00623,4,61.2,2025-05-14,False
RV-001868,PR-00623,4,51.6,2026-08-27,False
RV-001869,PR-00623,3,55.0,2025-12-04,False
RV-001870,PR-00624,2,34.4,2025-12-25,True
RV-001871,PR-00624,3,38.9,2026-04-27,True
RV-001872,PR-00624,3,36.6,2026-07-07,True
RV-001873,PR-00625,3,59.9,2026-08-23,True
RV-001874,PR-00625,3,59.1,2025-02-25,False
RV-001875,PR-00625,3,53.2,2025-04-11,False
RV-001876,PR-00626,3,58.0,2025-12-27,False
RV-001877,PR-00626,3,60.4,2025-01-08,False
RV-001878,PR-00626,4,48.3,2025-09-30,False
RV-001879,PR-00627,3,43.8,2026-06-01,False
RV-001880,PR-00627,3,54.9,2024-11-13,True
RV-001881,PR-00627,3,43.7,2026-04-04,False
RV-001882,PR-00628,3,73.5,2026-09-07,False
RV-001883,PR-00628,4,63.0,2025-11-25,True
RV-001884,PR-00628,4,74.9,2025-09-26,False
RV-001885,PR-00629,4,85.0,2026-02-04,False
RV-001886,PR-00629,5,79.2,2025-06-27,False
RV-001887,PR-00629,4,69.2,2025-06-24,True
RV-001888,PR-00630,3,42.8,2025-02-12,False
RV-001889,PR-00630,3,37.7,2025-05-01,False
RV-001890,PR-00630,2,54.8,2026-08-25,False
RV-001891,PR-00631,5,78.9,2025-06-13,False
RV-001892,PR-00631,5,86.9,2026-06-25,False
RV-001893,PR-00631,4,75.2,2025-09-03,True
RV-001894,PR-00632,2,27.1,2024-11-01,False
RV-001895,PR-00632,2,44.1,2026-06-06,False
RV-001896,PR-00632,2,25.4,2025-10-22,False
RV-001897,PR-00633,3,57.4,2024-11-21,False
RV-001898,PR-00633,3,55.3,2025-11-20,True
RV-001899,PR-00633,3,60.9,2025-11-04,False
RV-001900,PR-00634,3,57.1,2025-03-16,True
RV-001901,PR-00634,4,74.4,2026-01-15,True
RV-001902,PR-00634,4,68.1,2026-03-07,True
RV-001903,PR-00635,3,31.0,2025-12-16,False
RV-001904,PR-00635,3,44.0,2025-04-04,True
RV-001905,PR-00635,2,39.2,2025-12-04,False
RV-001906,PR-00636,3,52.1,2024-11-16,True
RV-001907,PR-00636,2,44.1,2026-07-01,False
RV-001908,PR-00636,3,46.3,2025-02-25,True
RV-001909,PR-00637,4,64.0,2025-02-08,True
RV-001910,PR-00637,4,62.5,2026-07-01,False
RV-001911,PR-00637,3,60.2,2024-12-29,False
RV-001912,PR-00638,3,41.5,2026-06-03,False
RV-001913,PR-00638,3,44.7,2024-11-16,False
RV-001914,PR-00638,3,44.1,2025-03-30,True
RV-001915,PR-00639,4,54.4,2025-12-17,True
RV-001916,PR-00639,2,51.9,2025-08-21,True
RV-001917,PR-00639,3,61.1,2026-03-10,True
RV-001918,PR-00640,3,32.2,2025-10-17,True
RV-001919,PR-00640,3,39.4,2026-05-24,False
RV-001920,PR-00640,2,52.2,2026-04-14,True
RV-001921,PR-00641,4,66.1,2024-11-12,False
RV-001922,PR-00641,4,58.0,2026-08-12,True
RV-001923,PR-00641,4,74.3,2026-03-02,False
RV-001924,PR-00642,3,63.4,2025-03-12,False
RV-001925,PR-00642,3,62.0,2026-08-29,False
RV-001926,PR-00642,3,56.9,2026-09-01,True
RV-001927,PR-00643,3,77.2,2026-06-05,True
RV-001928,PR-00643,4,70.9,2024-12-31,False
RV-001929,PR-00643,4,69.9,2026-02-21,True
RV-001930,PR-00644,2,30.2,2026-04-30,True
RV-001931,PR-00644,2,25.4,2026-01-03,True
RV-001932,PR-00644,2,26.5,2025-08-22,False
RV-001933,PR-00645,4,71.3,2025-07-20,True
RV-001934,PR-00645,2,64.3,2025-01-18,False
RV-001935,PR-00645,3,53.9,2025-04-12,True
RV-001936,PR-00646,4,56.3,2025-09-03,False
RV-001937,PR-00646,3,50.5,2025-05-09,True
RV-001938,PR-00646,3,62.5,2025-06-11,True
RV-001939,PR-00647,3,33.9,2025-06-12,True
RV-001940,PR-00647,3,56.9,2026-03-25,True
RV-001941,PR-00647,2,27.0,2025-09-26,True
RV-001942,PR-00648,3,64.8,2025-12-27,True
RV-001943,PR-00648,3,62.7,2024-10-11,True
RV-001944,PR-00648,3,57.7,2025-10-26,True
RV-001945,PR-00649,3,47.1,2025-05-19,False
RV-001946,PR-00649,3,47.7,2025-05-26,True
RV-001947,PR-00649,3,37.1,2026-02-17,True
RV-001948,PR-00650,3,66.3,2026-04-28,False
RV-001949,PR-00650,3,54.5,2025-01-28,False
RV-001950,PR-00650,3,60.4,2025-02-22,False
RV-001951,PR-00651,4,64.5,2024-11-10,False
RV-001952,PR-00651,4,63.7,2025-11-17,False
RV-001953,PR-00651,3,67.8,2025-08-17,False
RV-001954,PR-00652,4,62.0,2026-06-19,True
RV-001955,PR-00652,4,58.9,2025-01-03,True
RV-001956,PR-00652,4,57.7,2025-07-17,True
RV-001957,PR-00653,4,75.9,2025-07-04,False
RV-001958,PR-00653,5,72.4,2026-07-17,True
RV-001959,PR-00653,5,71.7,2025-06-05,True
RV-001960,PR-00654,4,88.3,2024-10-08,True
RV-001961,PR-00654,5,90.3,2025-09-10,False
RV-001962,PR-00654,5,98.0,2026-01-03,True
RV-001963,PR-00655,3,56.2,2024-12-25,False
RV-001964,PR-00655,4,63.3,2025-09-12,True
RV-001965,PR-00655,3,50.5,2024-10-19,True
RV-001966,PR-00656,2,41.6,2024-10-16,True
RV-001967,PR-00656,3,48.4,2025-12-26,False
RV-001968,PR-00656,3,49.0,2025-08-17,False
RV-001969,PR-00657,3,43.8,2025-04-01,False
RV-001970,PR-00657,3,41.0,2025-07-17,False
RV-001971,PR-00657,2,44.9,2026-02-16,False
RV-001972,PR-00658,3,39.8,2025-12-16,False
RV-001973,PR-00658,2,30.4,2025-11-27,False
RV-001974,PR-00658,3,36.8,2025-07-13,True
RV-001975,PR-00659,4,74.5,2024-11-12,False
RV-001976,PR-00659,4,74.1,2026-03-25,False
RV-001977,PR-00659,5,78.6,2026-06-10,False
RV-001978,PR-00660,3,53.2,2025-05-14,False
RV-001979,PR-00660,3,49.5,2026-07-28,True
RV-001980,PR-00660,3,58.6,2025-06-29,False
RV-001981,PR-00661,3,44.8,2024-09-28,True
RV-001982,PR-00661,3,34.0,2025-04-16,True
RV-001983,PR-00661,3,28.2,2025-10-16,False
RV-001984,PR-00662,3,47.7,2025-10-11,True
RV-001985,PR-00662,3,39.4,2026-08-31,False
RV-001986,PR-00662,2,43.7,2025-01-19,True
RV-001987,PR-00663,1,8.5,2025-05-27,True
RV-001988,PR-00663,2,34.6,2026-08-29,False
RV-001989,PR-00663,1,19.4,2025-01-25,False
RV-001990,PR-00664,4,61.0,2025-09-05,False
RV-001991,PR-00664,3,49.7,2024-09-15,True
RV-001992,PR-00664,3,51.4,2025-07-08,True
RV-001993,PR-00665,2,48.7,2024-09-29,True
RV-001994,PR-00665,3,49.5,2024-10-08,True
RV-001995,PR-00665,3,49.7,2025-06-14,True
RV-001996,PR-00666,2,40.9,2026-03-14,True
RV-001997,PR-00666,3,36.4,2026-04-06,True
RV-001998,PR-00666,2,44.8,2025-03-25,False
RV-001999,PR-00667,4,82.0,2024-11-28,True
RV-002000,PR-00667,4,77.6,2025-04-16,True
RV-002001,PR-00667,4,78.2,2026-05-11,False
RV-002002,PR-00668,3,59.2,2024-11-23,False
RV-002003,PR-00668,4,54.1,2026-01-03,False
RV-002004,PR-00668,3,52.6,2026-07-10,True
RV-002005,PR-00669,3,40.0,2025-09-08,False
RV-002006,PR-00669,4,33.0,2025-11-20,False
RV-002007,PR-00669,2,38.7,2026-03-03,True
RV-002008,PR-00670,3,42.9,2026-03-13,False
RV-002009,PR-00670,3,40.8,2025-08-18,True
RV-002010,PR-00670,3,47.7,2025-07-24,False
RV-002011,PR-00671,4,73.6,2025-08-31,True
RV-002012,PR-00671,4,80.3,2024-10-15,True
RV-002013,PR-00671,4,83.5,2026-05-15,False
RV-002014,PR-00672,3,66.4,2026-03-24,False
RV-002015,PR-00672,3,76.5,2024-12-14,True
RV-002016,PR-00672,4,60.2,2024-11-07,False
RV-002017,PR-00673,4,71.3,2026-05-12,False
RV-002018,PR-00673,5,67.2,2026-03-10,False
RV-002019,PR-00673,4,88.9,2024-10-28,False
RV-002020,PR-00674,4,72.6,2026-07-19,True
RV-002021,PR-00674,5,61.6,2025-11-27,False
RV-002022,PR-00674,5,58.6,2026-08-21,False
RV-002023,PR-00675,3,54.1,2026-07-10,True
RV-002024,PR-00675,4,54.2,2026-01-06,True
RV-002025,PR-00675,3,46.3,2025-08-25,False
RV-002026,PR-00676,3,46.5,2026-02-12,True
RV-002027,PR-00676,3,37.8,2026-02-05,True
RV-002028,PR-00676,2,43.0,2025-10-26,False
RV-002029,PR-00677,3,74.1,2025-05-26,True
RV-002030,PR-00677,4,72.6,2024-10-24,True
RV-002031,PR-00677,4,68.3,2025-06-29,False
RV-002032,PR-00678,4,84.6,2025-09-05,True
RV-002033,PR-00678,5,69.0,2026-04-02,False
RV-002034,PR-00678,4,88.8,2025-04-09,False
RV-002035,PR-00679,3,35.3,2025-03-23,True
RV-002036,PR-00679,2,35.5,2025-05-19,False
RV-002037,PR-00679,2,43.5,2025-06-14,False
RV-002038,PR-00680,4,63.4,2025-04-01,False
RV-002039,PR-00680,3,70.2,2026-03-09,True
RV-002040,PR-00680,3,66.9,2025-03-22,False
RV-002041,PR-00681,4,59.4,2026-05-16,True
RV-002042,PR-00681,4,64.2,2026-06-19,False
RV-002043,PR-00681,3,61.8,2025-10-18,False
RV-002044,PR-00682,4,86.4,2025-10-10,False
RV-002045,PR-00682,4,86.0,2026-06-15,True
RV-002046,PR-00682,4,81.5,2025-08-23,False
RV-002047,PR-00683,4,76.2,2025-09-01,False
RV-002048,PR-00683,4,75.2,2025-10-04,True
RV-002049,PR-00683,5,75.0,2026-04-11,True
RV-002050,PR-00684,5,72.8,2026-07-31,False
RV-002051,PR-00684,4,70.6,2026-01-16,False
RV-002052,PR-00684,4,75.9,2025-06-08,False
RV-002053,PR-00685,3,34.4,2025-09-29,False
RV-002054,PR-00685,3,38.8,2026-07-20,True
RV-002055,PR-00685,3,40.9,2026-01-22,True
RV-002056,PR-00686,3,60.3,2024-12-07,True
RV-002057,PR-00686,3,50.0,2025-03-10,True
RV-002058,PR-00686,3,62.2,2025-03-26,True
RV-002059,PR-00687,3,56.0,2025-08-31,True
RV-002060,PR-00687,4,55.6,2025-06-06,True
RV-002061,PR-00687,4,57.1,2024-10-21,True
RV-002062,PR-00688,3,60.2,2026-08-02,True
RV-002063,PR-00688,3,57.6,2024-09-26,True
RV-002064,PR-00688,3,53.8,2025-07-05,False
RV-002065,PR-00689,3,46.8,2026-03-14,False
RV-002066,PR-00689,3,54.8,2025-11-08,True
RV-002067,PR-00689,3,51.4,2026-01-18,False
RV-002068,PR-00690,2,23.0,2024-09-14,True
RV-002069,PR-00690,2,25.9,2025-12-24,True
RV-002070,PR-00690,2,42.4,2026-07-12,True
RV-002071,PR-00691,3,68.1,2026-07-05,True
RV-002072,PR-00691,4,69.2,2026-04-19,True
RV-002073,PR-00691,4,76.5,2026-05-27,True
RV-002074,PR-00692,3,29.2,2025-11-04,False
RV-002075,PR-00692,2,37.7,2024-09-14,True
RV-002076,PR-00692,3,36.0,2026-03-03,False
RV-002077,PR-00693,2,42.3,2025-09-08,False
RV-002078,PR-00693,3,37.9,2025-05-09,True
RV-002079,PR-00693,3,45.8,2026-04-06,True
RV-002080,PR-00694,4,66.0,2024-12-16,True
RV-002081,PR-00694,3,75.5,2025-05-03,False
RV-002082,PR-00694,4,72.1,2025-11-06,False
RV-002083,PR-00695,2,33.2,2025-04-15,False
RV-002084,PR-00695,3,39.9,2024-11-29,True
RV-002085,PR-00695,2,42.2,2024-09-13,False
RV-002086,PR-00696,4,78.2,2024-11-30,True
RV-002087,PR-00696,4,85.8,2026-02-25,True
RV-002088,PR-00696,4,72.0,2026-02-21,False
RV-002089,PR-00697,2,50.3,2026-06-12,False
RV-002090,PR-00697,2,49.2,2025-03-08,True
RV-002091,PR-00697,3,41.2,2025-10-27,True
RV-002092,PR-00698,3,69.8,2026-01-29,False
RV-002093,PR-00698,4,53.7,2024-12-03,True
RV-002094,PR-00698,3,47.8,2026-06-28,False
RV-002095,PR-00699,2,39.5,2025-02-01,False
RV-002096,PR-00699,3,31.1,2025-08-17,False
RV-002097,PR-00699,2,41.7,2025-02-13,False
RV-002098,PR-00700,3,80.0,2024-10-11,False
RV-002099,PR-00700,4,67.3,2025-03-24,True
RV-002100,PR-00700,3,67.9,2026-02-16,False
RV-002101,PR-00701,5,52.8,2026-03-25,True
RV-002102,PR-00701,4,62.1,2026-01-04,False
RV-002103,PR-00701,3,61.8,2026-04-08,False
RV-002104,PR-00702,4,89.9,2026-05-18,False
RV-002105,PR-00702,4,84.9,2025-01-23,True
RV-002106,PR-00702,5,90.0,2025-09-07,True
RV-002107,PR-00703,4,71.4,2024-11-07,False
RV-002108,PR-00703,4,78.6,2025-05-03,True
RV-002109,PR-00703,4,75.2,2024-12-30,False
RV-002110,PR-00704,5,68.9,2025-07-04,True
RV-002111,PR-00704,4,81.9,2025-05-22,True
RV-002112,PR-00704,4,83.7,2026-08-17,True
RV-002113,PR-00705,2,56.3,2026-08-03,True
RV-002114,PR-00705,3,55.8,2025-11-11,False
RV-002115,PR-00705,3,39.3,2025-01-13,False
RV-002116,PR-00706,2,39.5,2025-12-03,False
RV-002117,PR-00706,3,52.4,2025-02-28,True
RV-002118,PR-00706,3,56.1,2026-04-07,False
RV-002119,PR-00707,2,36.9,2025-11-29,False
RV-002120,PR-00707,3,47.1,2024-10-30,True
RV-002121,PR-00707,3,50.3,2026-06-03,False
RV-002122,PR-00708,4,60.6,2026-07-02,False
RV-002123,PR-00708,3,61.5,2025-07-20,True
RV-002124,PR-00708,3,53.8,2026-08-23,False
RV-002125,PR-00709,3,50.3,2025-09-12,True
RV-002126,PR-00709,3,55.0,2024-12-04,True
RV-002127,PR-00709,3,49.3,2026-08-11,True
RV-002128,PR-00710,4,68.9,2026-09-06,True
RV-002129,PR-00710,4,69.8,2026-03-02,True
RV-002130,PR-00710,4,65.3,2026-05-25,True
RV-002131,PR-00711,3,61.2,2026-08-14,False
RV-002132,PR-00711,3,69.7,2024-11-26,True
RV-002133,PR-00711,4,57.7,2026-07-12,True
RV-002134,PR-00712,3,37.7,2025-08-14,False
RV-002135,PR-00712,3,43.9,2025-12-09,True
RV-002136,PR-00712,3,54.1,2026-05-25,True
RV-002137,PR-00713,3,48.0,2026-08-28,False
RV-002138,PR-00713,3,54.8,2025-11-12,True
RV-002139,PR-00713,3,50.4,2026-02-08,False
RV-002140,PR-00714,4,100.0,2026-02-24,True
RV-002141,PR-00714,5,84.8,2025-07-23,True
RV-002142,PR-00714,4,99.7,2026-02-08,False
RV-002143,PR-00715,5,76.5,2024-10-13,False
RV-002144,PR-00715,5,75.8,2026-06-04,True
RV-002145,PR-00715,4,88.5,2025-04-21,True
RV-002146,PR-00716,3,58.1,2025-02-13,False
RV-002147,PR-00716,4,45.3,2024-10-19,True
RV-002148,PR-00716,3,60.7,2025-09-03,False
RV-002149,PR-00717,3,40.3,2026-04-30,False
RV-002150,PR-00717,3,47.8,2024-12-20,True
RV-002151,PR-00717,3,28.2,2025-09-08,False
RV-002152,PR-00718,3,50.2,2025-05-20,True
RV-002153,PR-00718,2,45.8,2024-11-20,False
RV-002154,PR-00718,3,42.5,2025-04-22,False
RV-002155,PR-00719,3,60.9,2024-10-29,True
RV-002156,PR-00719,4,58.3,2024-11-10,False
RV-002157,PR-00719,4,51.5,2025-12-30,True
RV-002158,PR-00720,5,70.4,2026-07-27,False
RV-002159,PR-00720,5,85.4,2026-03-09,True
RV-002160,PR-00720,5,87.0,2024-11-28,False
RV-002161,PR-00721,3,37.1,2026-03-24,False
RV-002162,PR-00721,2,32.1,2025-07-09,False
RV-002163,PR-00721,2,33.8,2026-03-28,False
RV-002164,PR-00722,4,87.7,2024-10-15,False
RV-002165,PR-00722,4,81.3,2025-06-24,True
RV-002166,PR-00722,4,78.2,2026-05-26,False
RV-002167,PR-00723,4,94.1,2026-03-18,True
RV-002168,PR-00723,4,79.5,2025-05-17,True
RV-002169,PR-00723,5,85.9,2025-03-27,True
RV-002170,PR-00724,4,88.9,2026-06-25,True
RV-002171,PR-00724,5,83.8,2024-09-27,True
RV-002172,PR-00724,4,92.6,2025-03-26,False
RV-002173,PR-00725,4,69.6,2025-11-30,True
RV-002174,PR-00725,3,76.0,2024-10-04,True
RV-002175,PR-00725,5,72.8,2024-11-08,True
RV-002176,PR-00726,3,42.3,2025-12-04,True
RV-002177,PR-00726,3,46.6,2026-07-15,True
RV-002178,PR-00726,3,38.6,2025-12-10,False
RV-002179,PR-00727,4,47.9,2026-07-19,True
RV-002180,PR-00727,3,55.6,2026-05-20,False
RV-002181,PR-00727,4,61.9,2025-06-22,False
RV-002182,PR-00728,3,38.4,2026-08-17,True
RV-002183,PR-00728,2,41.4,2026-02-15,True
RV-002184,PR-00728,2,38.5,2025-12-08,True
RV-002185,PR-00729,3,78.8,2026-06-09,False
RV-002186,PR-00729,4,61.3,2025-02-26,True
RV-002187,PR-00729,3,76.1,2025-07-12,True
RV-002188,PR-00730,4,81.6,2025-03-15,True
RV-002189,PR-00730,4,82.1,2025-04-11,True
RV-002190,PR-00730,4,66.2,2025-06-30,False
RV-002191,PR-00731,3,57.3,2026-01-18,False
RV-002192,PR-00731,3,59.5,2026-06-06,False
RV-002193,PR-00731,3,62.0,2025-11-09,False
RV-002194,PR-00732,3,41.3,2025-10-09,True
RV-002195,PR-00732,3,45.4,2025-11-08,False
RV-002196,PR-00732,3,38.4,2026-03-30,False
RV-002197,PR-00733,4,67.2,2025-10-23,False
RV-002198,PR-00733,4,74.2,2024-10-03,False
RV-002199,PR-00733,4,70.9,2025-09-15,False
RV-002200,PR-00734,5,80.1,2026-01-20,True
RV-002201,PR-00734,5,89.2,2026-01-18,False
RV-002202,PR-00734,4,87.9,2025-03-22,False
RV-002203,PR-00735,3,36.6,2025-12-12,True
RV-002204,PR-00735,2,42.7,2025-02-25,True
RV-002205,PR-00735,2,31.8,2026-07-03,True
RV-002206,PR-00736,3,34.3,2026-08-25,True
RV-002207,PR-00736,2,38.4,2025-11-21,False
RV-002208,PR-00736,4,52.6,2025-05-12,True
RV-002209,PR-00737,5,80.0,2026-01-13,True
RV-002210,PR-00737,5,91.9,2024-10-20,True
RV-002211,PR-00737,4,91.6,2025-08-07,False
RV-002212,PR-00738,4,84.9,2025-06-08,True
RV-002213,PR-00738,5,78.3,2025-11-16,True
RV-002214,PR-00738,4,90.5,2025-06-21,True
RV-002215,PR-00739,3,46.1,2024-11-21,True
RV-002216,PR-00739,3,32.2,2026-05-16,False
RV-002217,PR-00739,2,37.7,2026-08-12,False
RV-002218,PR-00740,4,66.3,2024-12-28,False
RV-002219,PR-00740,5,69.6,2025-02-23,True
RV-002220,PR-00740,4,63.0,2024-12-13,True
RV-002221,PR-00741,4,70.5,2025-10-16,False
RV-002222,PR-00741,4,79.7,2024-11-16,True
RV-002223,PR-00741,3,66.1,2024-11-20,True
RV-002224,PR-00742,4,72.2,2026-03-21,False
RV-002225,PR-00742,4,72.9,2024-09-21,True
RV-002226,PR-00742,4,71.0,2025-05-22,True
RV-002227,PR-00743,2,22.2,2026-07-08,True
RV-002228,PR-00743,2,20.0,2025-01-10,False
RV-002229,PR-00743,2,31.6,2026-02-05,False
RV-002230,PR-00744,3,46.0,2026-01-10,True
RV-002231,PR-00744,2,42.7,2026-08-23,True
RV-002232,PR-00744,3,43.8,2026-07-07,False
RV-002233,PR-00745,5,80.4,2025-12-23,False
RV-002234,PR-00745,5,83.6,2026-06-23,False
RV-002235,PR-00745,5,94.9,2026-02-23,True
RV-002236,PR-00746,4,100.0,2026-03-28,True
RV-002237,PR-00746,5,92.5,2025-05-26,True
RV-002238,PR-00746,5,95.8,2025-04-17,True
RV-002239,PR-00747,3,54.7,2025-10-24,True
RV-002240,PR-00747,3,58.3,2025-10-18,True
RV-002241,PR-00747,4,41.1,2025-05-23,False
RV-002242,PR-00748,5,69.5,2026-06-26,True
RV-002243,PR-00748,4,80.0,2026-08-24,True
RV-002244,PR-00748,5,77.2,2025-09-13,True
RV-002245,PR-00749,3,50.6,2025-09-27,False
RV-002246,PR-00749,3,46.2,2026-04-25,True
RV-002247,PR-00749,3,58.7,2025-05-27,True
RV-002248,PR-00750,3,55.5,2024-10-02,False
RV-002249,PR-00750,3,48.6,2025-09-23,True
RV-002250,PR-00750,3,63.3,2026-03-27,False
RV-002251,PR-00751,4,83.3,2024-11-27,False
RV-002252,PR-00751,5,78.0,2025-12-06,False
RV-002253,PR-00751,4,64.0,2025-01-15,True
RV-002254,PR-00752,4,64.5,2026-02-27,False
RV-002255,PR-00752,4,69.3,2026-07-22,True
RV-002256,PR-00752,4,73.2,2024-12-18,True
RV-002257,PR-00753,3,43.2,2026-06-18,False
RV-002258,PR-00753,2,41.9,2025-12-11,True
RV-002259,PR-00753,3,42.1,2025-03-28,False
RV-002260,PR-00754,4,54.3,2025-08-31,True
RV-002261,PR-00754,3,61.7,2024-12-29,False
RV-002262,PR-00754,3,69.4,2026-08-01,True
RV-002263,PR-00755,4,62.7,2025-09-05,False
RV-002264,PR-00755,4,63.3,2025-07-21,True
RV-002265,PR-00755,4,59.8,2026-03-07,False
RV-002266,PR-00756,3,50.5,2026-09-04,False
RV-002267,PR-00756,2,38.3,2025-12-26,False
RV-002268,PR-00756,3,36.2,2024-11-09,False
RV-002269,PR-00757,4,82.0,2025-08-08,False
RV-002270,PR-00757,4,79.0,2024-11-22,True
RV-002271,PR-00757,4,80.6,2026-06-25,True
RV-002272,PR-00758,2,53.2,2025-10-08,False
RV-002273,PR-00758,3,54.3,2026-01-16,True
RV-002274,PR-00758,3,54.1,2026-08-21,True
RV-002275,PR-00759,2,48.5,2025-09-02,False
RV-002276,PR-00759,2,48.9,2025-07-15,True
RV-002277,PR-00759,2,38.6,2026-03-11,True
RV-002278,PR-00760,4,67.5,2026-02-11,False
RV-002279,PR-00760,5,65.0,2026-09-02,False
RV-002280,PR-00760,4,68.8,2026-08-18,True
RV-002281,PR-00761,3,54.9,2025-02-16,False
RV-002282,PR-00761,3,46.5,2025-04-29,True
RV-002283,PR-00761,3,47.4,2026-04-26,False
RV-002284,PR-00762,3,55.4,2026-04-29,False
RV-002285,PR-00762,3,56.4,2025-05-18,True
RV-002286,PR-00762,4,37.9,2026-01-10,True
RV-002287,PR-00763,3,56.0,2025-05-08,False
RV-002288,PR-00763,3,63.2,2026-07-30,False
RV-002289,PR-00763,3,61.6,2025-12-10,True
RV-002290,PR-00764,4,90.5,2026-03-31,True
RV-002291,PR-00764,4,80.4,2026-06-13,False
RV-002292,PR-00764,5,82.4,2026-04-19,False
RV-002293,PR-00765,4,44.9,2026-05-17,True
RV-002294,PR-00765,3,53.3,2025-06-25,True
RV-002295,PR-00765,3,50.6,2025-08-09,False
RV-002296,PR-00766,3,61.4,2026-07-29,False
RV-002297,PR-00766,3,61.8,2025-11-20,False
RV-002298,PR-00766,3,62.7,2025-05-02,False
RV-002299,PR-00767,5,80.1,2025-06-02,True
RV-002300,PR-00767,3,76.0,2024-09-20,False
RV-002301,PR-00767,4,82.0,2024-09-23,True
RV-002302,PR-00768,4,70.3,2025-11-15,True
RV-002303,PR-00768,4,61.4,2025-12-05,False
RV-002304,PR-00768,4,67.8,2026-02-20,False
RV-002305,PR-00769,2,47.6,2026-05-24,False
RV-002306,PR-00769,4,60.8,2026-05-03,True
RV-002307,PR-00769,3,49.3,2025-03-06,True
RV-002308,PR-00770,3,31.0,2024-11-23,False
RV-002309,PR-00770,2,25.5,2024-09-22,False
RV-002310,PR-00770,2,21.1,2026-02-21,False
RV-002311,PR-00771,4,74.8,2025-04-23,False
RV-002312,PR-00771,4,71.2,2025-11-26,False
RV-002313,PR-00771,3,73.8,2025-06-29,False
RV-002314,PR-00772,3,39.0,2025-11-02,False
RV-002315,PR-00772,3,33.0,2026-07-27,True
RV-002316,PR-00772,3,44.1,2024-10-20,False
RV-002317,PR-00773,4,76.7,2026-04-22,True
RV-002318,PR-00773,4,68.4,2025-04-28,True
RV-002319,PR-00773,4,67.4,2025-12-14,True
RV-002320,PR-00774,2,39.1,2025-09-13,True
RV-002321,PR-00774,2,26.7,2025-04-08,False
RV-002322,PR-00774,2,16.4,2025-03-21,True
RV-002323,PR-00775,3,57.0,2025-08-11,True
RV-002324,PR-00775,3,55.7,2026-05-16,True
RV-002325,PR-00775,3,60.2,2025-05-10,False
RV-002326,PR-00776,4,83.4,2025-03-17,True
RV-002327,PR-00776,5,91.3,2024-12-29,False
RV-002328,PR-00776,4,90.4,2025-11-08,False
RV-002329,PR-00777,4,78.6,2025-04-07,True
RV-002330,PR-00777,4,70.5,2026-05-02,False
RV-002331,PR-00777,4,75.4,2026-03-05,True
RV-002332,PR-00778,4,49.9,2026-05-25,True
RV-002333,PR-00778,3,51.9,2026-03-05,False
RV-002334,PR-00778,4,54.3,2026-03-18,True
RV-002335,PR-00779,3,37.6,2025-06-14,True
RV-002336,PR-00779,3,51.5,2025-05-15,True
RV-002337,PR-00779,3,41.5,2025-01-06,False
RV-002338,PR-00780,3,68.0,2026-04-02,False
RV-002339,PR-00780,3,58.9,2026-03-20,False
RV-002340,PR-00780,3,66.5,2026-06-21,False
RV-002341,PR-00781,3,42.5,2025-05-16,False
RV-002342,PR-00781,2,49.4,2026-01-11,True
RV-002343,PR-00781,2,40.5,2024-10-30,False
RV-002344,PR-00782,4,34.4,2024-10-24,True
RV-002345,PR-00782,3,54.8,2025-08-27,False
RV-002346,PR-00782,3,45.9,2024-10-01,False
RV-002347,PR-00783,4,73.8,2025-09-26,True
RV-002348,PR-00783,4,71.9,2025-04-11,True
RV-002349,PR-00783,4,70.2,2026-02-22,True
RV-002350,PR-00784,2,35.2,2026-03-03,False
RV-002351,PR-00784,2,42.0,2026-02-01,False
RV-002352,PR-00784,3,42.6,2025-03-14,False
RV-002353,PR-00785,2,44.4,2025-09-18,False
RV-002354,PR-00785,3,39.8,2025-10-30,True
RV-002355,PR-00785,2,54.2,2025-08-25,True
RV-002356,PR-00786,2,50.0,2025-11-10,False
RV-002357,PR-00786,3,46.1,2025-11-20,False
RV-002358,PR-00786,2,40.0,2025-11-04,True
RV-002359,PR-00787,3,52.4,2025-07-30,True
RV-002360,PR-00787,4,40.9,2024-11-04,True
RV-002361,PR-00787,3,58.3,2026-08-31,True
RV-002362,PR-00788,5,87.4,2026-06-25,False
RV-002363,PR-00788,5,94.8,2026-07-01,True
RV-002364,PR-00788,4,91.1,2025-07-16,False
RV-002365,PR-00789,2,24.1,2025-01-07,True
RV-002366,PR-00789,2,26.8,2025-03-08,False
RV-002367,PR-00789,2,21.9,2026-01-29,True
RV-002368,PR-00790,3,59.2,2025-09-17,True
RV-002369,PR-00790,4,59.0,2025-09-02,False
RV-002370,PR-00790,3,56.7,2025-01-02,False
RV-002371,PR-00791,4,75.4,2025-01-23,False
RV-002372,PR-00791,4,78.2,2025-12-07,True
RV-002373,PR-00791,4,77.3,2026-04-27,False
RV-002374,PR-00792,2,39.9,2025-02-20,True
RV-002375,PR-00792,3,28.1,2025-10-20,False
RV-002376,PR-00792,2,28.5,2026-02-17,False
RV-002377,PR-00793,3,50.5,2026-07-11,True
RV-002378,PR-00793,3,49.2,2026-04-30,True
RV-002379,PR-00793,3,62.7,2026-01-03,True
RV-002380,PR-00794,3,59.1,2026-01-15,True
RV-002381,PR-00794,3,54.7,2025-05-06,True
RV-002382,PR-00794,4,58.4,2025-02-11,True
RV-002383,PR-00795,3,57.4,2024-11-09,False
RV-002384,PR-00795,3,56.9,2024-09-22,True
RV-002385,PR-00795,3,67.4,2026-03-29,True
RV-002386,PR-00796,2,37.9,2024-10-02,True
RV-002387,PR-00796,2,25.1,2025-12-23,True
RV-002388,PR-00796,2,33.2,2025-10-12,True
RV-002389,PR-00797,2,20.0,2026-09-11,True
RV-002390,PR-00797,2,23.5,2025-09-14,False
RV-002391,PR-00797,2,29.2,2026-06-26,True
RV-002392,PR-00798,3,52.8,2025-02-25,False
RV-002393,PR-00798,3,41.2,2026-06-03,True
RV-002394,PR-00798,2,49.6,2025-05-29,False
RV-002395,PR-00799,3,53.1,2026-02-16,False
RV-002396,PR-00799,4,62.2,2025-05-17,False
RV-002397,PR-00799,4,54.7,2024-09-21,True
RV-002398,PR-00800,4,57.8,2025-11-30,False
RV-002399,PR-00800,3,63.4,2024-09-11,False
RV-002400,PR-00800,3,61.1,2025-11-03,False
RV-002401,PR-00801,2,25.4,2025-08-03,False
RV-002402,PR-00801,1,41.7,2025-05-08,True
RV-002403,PR-00801,2,28.8,2024-10-24,True
RV-002404,PR-00802,4,73.6,2024-11-27,False
RV-002405,PR-00802,4,71.8,2025-11-03,True
RV-002406,PR-00802,5,82.3,2026-08-19,False
RV-002407,PR-00803,4,67.7,2026-01-27,True
RV-002408,PR-00803,4,71.5,2024-11-16,False
RV-002409,PR-00803,4,57.7,2025-10-09,True
RV-002410,PR-00804,3,65.2,2025-03-30,False
RV-002411,PR-00804,3,74.1,2025-08-09,True
RV-002412,PR-00804,3,55.3,2024-10-26,False
RV-002413,PR-00805,3,50.1,2025-02-11,False
RV-002414,PR-00805,4,49.1,2026-02-01,False
RV-002415,PR-00805,3,44.3,2025-08-11,True
RV-002416,PR-00806,3,51.5,2025-09-08,False
RV-002417,PR-00806,3,48.3,2025-07-14,False
RV-002418,PR-00806,3,63.4,2026-02-12,False
RV-002419,PR-00807,4,69.1,2025-07-21,True
RV-002420,PR-00807,4,76.8,2026-06-14,False
RV-002421,PR-00807,5,81.3,2025-03-27,False
RV-002422,PR-00808,2,37.8,2025-02-17,True
RV-002423,PR-00808,2,24.0,2025-01-14,False
RV-002424,PR-00808,2,34.8,2025-06-28,False
RV-002425,PR-00809,4,65.6,2026-08-24,False
RV-002426,PR-00809,4,74.7,2024-10-02,True
RV-002427,PR-00809,3,68.2,2024-09-21,True
RV-002428,PR-00810,3,52.9,2025-12-09,False
RV-002429,PR-00810,4,47.9,2026-02-16,True
RV-002430,PR-00810,3,54.5,2024-10-24,False
RV-002431,PR-00811,3,70.5,2025-10-02,False
RV-002432,PR-00811,4,69.9,2025-03-05,True
RV-002433,PR-00811,5,63.3,2025-03-01,True
RV-002434,PR-00812,3,58.8,2026-08-07,False
RV-002435,PR-00812,2,37.4,2024-10-11,False
RV-002436,PR-00812,3,46.3,2026-07-03,False
RV-002437,PR-00813,4,64.1,2025-02-13,True
RV-002438,PR-00813,3,59.3,2025-06-21,False
RV-002439,PR-00813,4,58.4,2025-05-14,False
RV-002440,PR-00814,4,52.9,2026-04-11,True
RV-002441,PR-00814,3,63.6,2025-10-01,True
RV-002442,PR-00814,3,57.9,2025-05-31,True
RV-002443,PR-00815,4,85.5,2025-06-23,False
RV-002444,PR-00815,4,68.9,2025-04-02,False
RV-002445,PR-00815,4,78.5,2024-09-15,True
RV-002446,PR-00816,2,37.4,2025-04-02,True
RV-002447,PR-00816,3,34.9,2024-09-23,True
RV-002448,PR-00816,3,50.5,2026-07-25,True
RV-002449,PR-00817,4,85.2,2026-06-17,True
RV-002450,PR-00817,4,77.6,2025-04-10,False
RV-002451,PR-00817,5,90.3,2026-06-24,False
RV-002452,PR-00818,4,86.9,2025-07-04,True
RV-002453,PR-00818,4,93.8,2025-06-17,True
RV-002454,PR-00818,5,85.7,2025-08-08,False
RV-002455,PR-00819,3,50.1,2025-05-03,False
RV-002456,PR-00819,2,43.6,2025-12-14,False
RV-002457,PR-00819,3,59.5,2026-05-01,True
RV-002458,PR-00820,4,88.1,2026-04-13,False
RV-002459,PR-00820,4,77.6,2025-11-18,True
RV-002460,PR-00820,4,80.9,2025-11-08,True
RV-002461,PR-00821,5,100.0,2025-12-29,True
RV-002462,PR-00821,5,90.7,2025-05-01,True
RV-002463,PR-00821,4,98.6,2025-07-30,False
RV-002464,PR-00822,3,68.7,2026-01-01,True
RV-002465,PR-00822,4,61.4,2026-09-09,True
RV-002466,PR-00822,4,63.4,2024-11-16,False
RV-002467,PR-00823,4,65.7,2026-01-17,True
RV-002468,PR-00823,4,62.0,2025-05-14,False
RV-002469,PR-00823,4,56.0,2025-11-07,False
RV-002470,PR-00824,3,52.8,2025-09-21,True
RV-002471,PR-00824,3,51.4,2025-07-29,False
RV-002472,PR-00824,3,61.5,2025-05-06,True
RV-002473,PR-00825,2,37.5,2026-05-23,True
RV-002474,PR-00825,2,38.0,2024-11-15,False
RV-002475,PR-00825,2,22.0,2026-07-18,True
RV-002476,PR-00826,4,71.8,2025-04-02,True
RV-002477,PR-00826,4,73.3,2024-10-02,True
RV-002478,PR-00826,4,77.1,2026-01-11,True
RV-002479,PR-00827,2,44.4,2026-03-21,False
RV-002480,PR-00827,2,25.5,2025-10-25,True
RV-002481,PR-00827,3,29.9,2026-03-19,False
RV-002482,PR-00828,2,43.5,2025-02-01,False
RV-002483,PR-00828,3,39.0,2024-10-30,False
RV-002484,PR-00828,3,34.5,2025-03-27,True
RV-002485,PR-00829,3,41.1,2025-06-17,False
RV-002486,PR-00829,3,46.4,2025-11-28,True
RV-002487,PR-00829,3,45.0,2026-05-08,True
RV-002488,PR-00830,4,68.2,2025-09-27,True
RV-002489,PR-00830,4,67.6,2026-08-02,True
RV-002490,PR-00830,3,66.1,2024-12-01,True
RV-002491,PR-00831,4,70.5,2025-08-14,True
RV-002492,PR-00831,4,73.1,2025-02-28,False
RV-002493,PR-00831,4,72.9,2026-06-27,False
RV-002494,PR-00832,3,55.4,2025-11-19,True
RV-002495,PR-00832,2,51.1,2026-05-30,True
RV-002496,PR-00832,3,52.1,2026-02-01,True
RV-002497,PR-00833,4,52.5,2025-12-27,False
RV-002498,PR-00833,4,68.9,2025-09-26,True
RV-002499,PR-00833,3,48.7,2026-01-31,True
RV-002500,PR-00834,2,13.5,2024-10-05,False
RV-002501,PR-00834,2,20.0,2026-07-05,False
RV-002502,PR-00834,2,27.2,2026-07-11,True
RV-002503,PR-00835,5,52.5,2025-04-27,False
RV-002504,PR-00835,3,60.1,2025-05-03,False
RV-002505,PR-00835,3,48.4,2026-04-12,True
RV-002506,PR-00836,3,20.6,2026-01-28,False
RV-002507,PR-00836,3,32.7,2026-03-16,True
RV-002508,PR-00836,3,31.6,2026-09-02,True
RV-002509,PR-00837,3,69.5,2025-11-23,False
RV-002510,PR-00837,4,48.7,2024-10-30,False
RV-002511,PR-00837,4,58.1,2024-10-25,False
RV-002512,PR-00838,4,69.6,2025-02-28,False
RV-002513,PR-00838,4,72.7,2024-09-14,True
RV-002514,PR-00838,5,66.5,2024-10-01,True
RV-002515,PR-00839,3,60.1,2025-02-18,True
RV-002516,PR-00839,3,48.1,2025-02-21,True
RV-002517,PR-00839,3,47.1,2026-07-15,True
RV-002518,PR-00840,4,70.9,2025-04-16,False
RV-002519,PR-00840,4,73.6,2025-07-11,False
RV-002520,PR-00840,3,72.1,2025-01-09,False
RV-002521,PR-00841,3,45.8,2025-06-27,True
RV-002522,PR-00841,3,44.9,2025-05-31,True
RV-002523,PR-00841,3,38.9,2024-09-22,True
RV-002524,PR-00842,3,29.4,2025-02-14,True
RV-002525,PR-00842,2,39.0,2026-02-05,False
RV-002526,PR-00842,2,41.1,2025-11-27,False
RV-002527,PR-00843,4,69.8,2025-12-24,True
RV-002528,PR-00843,4,71.6,2024-10-13,True
RV-002529,PR-00843,4,67.7,2024-10-02,True
RV-002530,PR-00844,4,73.7,2026-02-15,False
RV-002531,PR-00844,4,81.0,2024-11-06,False
RV-002532,PR-00844,4,64.3,2025-10-31,False
RV-002533,PR-00845,4,67.3,2026-05-25,True
RV-002534,PR-00845,3,58.1,2025-11-10,False
RV-002535,PR-00845,3,66.2,2026-03-24,False
RV-002536,PR-00846,3,37.2,2025-02-16,False
RV-002537,PR-00846,3,42.2,2026-07-04,True
RV-002538,PR-00846,3,45.8,2025-12-08,True
RV-002539,PR-00847,4,76.1,2026-07-24,True
RV-002540,PR-00847,5,83.1,2026-03-31,True
RV-002541,PR-00847,4,69.7,2026-06-08,True
RV-002542,PR-00848,3,57.7,2026-03-18,False
RV-002543,PR-00848,3,50.5,2025-05-08,True
RV-002544,PR-00848,3,62.4,2025-07-29,False
RV-002545,PR-00849,3,49.2,2025-07-16,True
RV-002546,PR-00849,3,44.6,2025-09-21,False
RV-002547,PR-00849,2,42.3,2026-01-09,False
RV-002548,PR-00850,4,65.1,2026-03-04,True
RV-002549,PR-00850,4,76.7,2024-12-24,True
RV-002550,PR-00850,4,64.8,2026-01-27,False
RV-002551,PR-00851,5,66.2,2025-07-17,False
RV-002552,PR-00851,3,57.1,2026-08-27,False
RV-002553,PR-00851,4,66.3,2024-11-17,True
RV-002554,PR-00852,4,70.9,2025-12-07,False
RV-002555,PR-00852,4,73.5,2024-12-17,True
RV-002556,PR-00852,3,69.6,2026-06-28,True
RV-002557,PR-00853,3,34.7,2025-01-28,True
RV-002558,PR-00853,2,32.4,2025-04-11,False
RV-002559,PR-00853,3,33.7,2024-12-12,False
RV-002560,PR-00854,3,27.0,2025-12-01,False
RV-002561,PR-00854,2,25.4,2026-06-06,True
RV-002562,PR-00854,3,26.0,2025-02-12,True
RV-002563,PR-00855,3,65.7,2024-12-10,True
RV-002564,PR-00855,4,79.3,2025-08-10,False
RV-002565,PR-00855,4,70.6,2025-05-21,True
RV-002566,PR-00856,3,55.5,2026-09-03,False
RV-002567,PR-00856,3,61.1,2026-04-05,True
RV-002568,PR-00856,3,56.7,2025-01-23,True
RV-002569,PR-00857,4,72.7,2025-03-15,True
RV-002570,PR-00857,4,79.3,2024-10-05,True
RV-002571,PR-00857,4,77.0,2025-07-04,True
RV-002572,PR-00858,4,67.6,2026-07-11,False
RV-002573,PR-00858,4,69.6,2026-01-25,False
RV-002574,PR-00858,4,66.9,2024-09-29,False
RV-002575,PR-00859,3,37.6,2024-11-26,False
RV-002576,PR-00859,3,38.9,2025-01-10,False
RV-002577,PR-00859,2,31.3,2024-09-23,False
RV-002578,PR-00860,3,57.6,2026-05-23,True
RV-002579,PR-00860,2,44.1,2026-02-21,True
RV-002580,PR-00860,3,54.1,2026-05-22,False
RV-002581,PR-00861,4,76.7,2026-04-21,True
RV-002582,PR-00861,4,83.3,2025-05-02,True
RV-002583,PR-00861,5,84.0,2026-03-05,False
RV-002584,PR-00862,4,54.2,2025-09-30,False
RV-002585,PR-00862,3,69.6,2025-08-13,True
RV-002586,PR-00862,4,62.2,2025-08-14,False
RV-002587,PR-00863,4,59.4,2024-10-03,False
RV-002588,PR-00863,3,57.9,2024-12-05,False
RV-002589,PR-00863,3,55.2,2024-10-04,False
RV-002590,PR-00864,4,57.2,2025-02-08,False
RV-002591,PR-00864,3,54.3,2025-03-31,False
RV-002592,PR-00864,3,54.4,2026-05-22,False
RV-002593,PR-00865,3,53.6,2026-08-13,True
RV-002594,PR-00865,4,67.4,2025-08-13,False
RV-002595,PR-00865,4,60.9,2024-12-05,False
RV-002596,PR-00866,4,66.4,2026-06-23,False
RV-002597,PR-00866,4,72.7,2025-01-27,False
RV-002598,PR-00866,4,66.3,2026-03-14,False
RV-002599,PR-00867,5,85.3,2025-08-02,False
RV-002600,PR-00867,4,79.5,2026-04-08,False
RV-002601,PR-00867,4,87.5,2025-01-04,False
RV-002602,PR-00868,3,30.6,2025-03-06,False
RV-002603,PR-00868,3,31.3,2025-02-18,False
RV-002604,PR-00868,2,43.9,2026-01-10,True
RV-002605,PR-00869,3,71.5,2024-10-31,True
RV-002606,PR-00869,4,72.8,2024-12-16,False
RV-002607,PR-00869,3,62.2,2024-10-22,False
RV-002608,PR-00870,3,55.8,2025-10-29,True
RV-002609,PR-00870,3,61.4,2025-11-23,True
RV-002610,PR-00870,3,58.8,2025-06-10,True
RV-002611,PR-00871,4,56.1,2024-11-30,False
RV-002612,PR-00871,3,69.2,2025-05-09,True
RV-002613,PR-00871,3,57.6,2025-07-03,True
RV-002614,PR-00872,3,33.5,2026-03-03,False
RV-002615,PR-00872,2,42.9,2025-09-19,True
RV-002616,PR-00872,3,23.2,2026-08-01,True
RV-002617,PR-00873,3,58.3,2025-02-12,False
RV-002618,PR-00873,3,61.6,2025-09-24,False
RV-002619,PR-00873,3,46.9,2026-08-09,False
RV-002620,PR-00874,4,59.2,2025-01-02,True
RV-002621,PR-00874,4,69.9,2026-02-14,False
RV-002622,PR-00874,4,63.8,2025-12-01,True
RV-002623,PR-00875,4,41.2,2026-02-11,True
RV-002624,PR-00875,3,56.2,2025-09-16,False
RV-002625,PR-00875,4,68.4,2026-09-06,False
RV-002626,PR-00876,3,50.6,2025-11-05,False
RV-002627,PR-00876,3,44.3,2026-05-18,False
RV-002628,PR-00876,3,54.8,2026-06-04,False
RV-002629,PR-00877,2,27.2,2025-12-16,True
RV-002630,PR-00877,2,30.2,2026-01-06,False
RV-002631,PR-00877,2,29.3,2026-03-03,False
RV-002632,PR-00878,2,29.1,2026-07-08,False
RV-002633,PR-00878,2,17.7,2026-03-02,True
RV-002634,PR-00878,2,18.6,2026-06-25,False
RV-002635,PR-00879,3,42.6,2025-10-29,True
RV-002636,PR-00879,2,52.1,2025-05-22,False
RV-002637,PR-00879,3,47.2,2026-06-29,False
RV-002638,PR-00880,3,44.3,2026-06-13,True
RV-002639,PR-00880,2,36.4,2025-03-05,True
RV-002640,PR-00880,2,36.8,2026-04-01,False
RV-002641,PR-00881,2,49.0,2025-11-22,False
RV-002642,PR-00881,2,29.3,2026-04-28,False
RV-002643,PR-00881,3,46.3,2025-05-10,True
RV-002644,PR-00882,4,68.9,2026-01-25,True
RV-002645,PR-00882,4,75.4,2026-06-24,False
RV-002646,PR-00882,4,68.2,2025-06-10,True
RV-002647,PR-00883,3,36.2,2025-04-05,True
RV-002648,PR-00883,3,33.6,2024-11-05,False
RV-002649,PR-00883,3,37.2,2025-04-26,True
RV-002650,PR-00884,4,90.0,2026-01-25,False
RV-002651,PR-00884,5,100.0,2025-10-07,False
RV-002652,PR-00884,5,96.7,2025-05-29,True
RV-002653,PR-00885,5,89.5,2024-12-29,False
RV-002654,PR-00885,4,82.5,2025-10-14,True
RV-002655,PR-00885,5,92.0,2026-07-19,False
RV-002656,PR-00886,3,47.0,2025-03-02,False
RV-002657,PR-00886,3,44.0,2025-12-07,False
RV-002658,PR-00886,2,49.3,2025-04-02,True
RV-002659,PR-00887,3,56.6,2026-04-18,False
RV-002660,PR-00887,3,59.8,2025-07-25,True
RV-002661,PR-00887,3,50.8,2026-08-11,True
RV-002662,PR-00888,3,40.1,2026-03-03,False
RV-002663,PR-00888,3,54.2,2024-11-07,False
RV-002664,PR-00888,3,31.7,2024-10-08,True
RV-002665,PR-00889,4,62.8,2024-12-22,True
RV-002666,PR-00889,3,64.8,2025-11-28,True
RV-002667,PR-00889,3,66.7,2024-09-19,True
RV-002668,PR-00890,4,65.3,2025-05-22,True
RV-002669,PR-00890,4,70.5,2026-07-19,True
RV-002670,PR-00890,4,77.1,2026-03-20,False
RV-002671,PR-00891,3,43.4,2024-10-12,False
RV-002672,PR-00891,4,56.1,2024-10-26,True
RV-002673,PR-00891,3,57.7,2025-12-17,False
RV-002674,PR-00892,3,37.3,2025-03-18,False
RV-002675,PR-00892,3,51.2,2026-01-12,True
RV-002676,PR-00892,2,46.2,2024-09-19,False
RV-002677,PR-00893,4,75.3,2025-06-29,False
RV-002678,PR-00893,4,69.1,2024-10-09,False
RV-002679,PR-00893,4,80.6,2025-10-28,True
RV-002680,PR-00894,2,37.6,2026-07-17,True
RV-002681,PR-00894,2,23.0,2025-11-24,True
RV-002682,PR-00894,3,44.7,2025-12-12,True
RV-002683,PR-00895,4,56.9,2026-08-27,True
RV-002684,PR-00895,3,65.3,2026-08-15,True
RV-002685,PR-00895,3,60.6,2025-02-01,False
RV-002686,PR-00896,3,36.6,2025-04-24,True
RV-002687,PR-00896,3,46.2,2024-10-28,True
RV-002688,PR-00896,3,47.1,2024-12-23,True
RV-002689,PR-00897,4,89.1,2024-12-30,False
RV-002690,PR-00897,4,79.6,2026-08-26,True
RV-002691,PR-00897,4,87.4,2026-06-18,False
RV-002692,PR-00898,4,74.2,2026-08-19,True
RV-002693,PR-00898,4,86.4,2025-07-08,False
RV-002694,PR-00898,4,77.0,2026-06-19,False
RV-002695,PR-00899,3,37.9,2024-10-12,True
RV-002696,PR-00899,2,32.1,2025-04-01,True
RV-002697,PR-00899,2,29.9,2025-09-27,False
RV-002698,PR-00900,3,25.1,2024-09-18,False
RV-002699,PR-00900,3,39.8,2025-04-22,True
RV-002700,PR-00900,3,19.3,2024-12-02,True
RV-002701,PR-00901,4,72.1,2026-07-11,True
RV-002702,PR-00901,3,64.2,2025-07-03,False
RV-002703,PR-00901,3,69.5,2024-11-03,False
RV-002704,PR-00902,3,49.6,2026-01-28,True
RV-002705,PR-00902,3,57.2,2026-04-13,True
RV-002706,PR-00902,3,35.6,2025-05-25,True
RV-002707,PR-00903,3,46.2,2025-03-31,False
RV-002708,PR-00903,3,45.6,2025-11-19,False
RV-002709,PR-00903,4,56.8,2025-11-27,False
RV-002710,PR-00904,3,50.0,2025-08-15,False
RV-002711,PR-00904,3,46.2,2026-06-15,False
RV-002712,PR-00904,3,44.8,2026-06-16,True
RV-002713,PR-00905,3,31.3,2025-05-15,True
RV-002714,PR-00905,2,47.9,2026-06-27,True
RV-002715,PR-00905,3,48.9,2026-07-31,False
RV-002716,PR-00906,3,44.1,2025-10-06,False
RV-002717,PR-00906,3,41.1,2025-09-06,False
RV-002718,PR-00906,3,46.3,2026-01-19,True
RV-002719,PR-00907,4,46.5,2025-03-08,False
RV-002720,PR-00907,4,58.0,2026-08-01,False
RV-002721,PR-00907,3,56.0,2025-07-18,True
RV-002722,PR-00908,5,92.7,2024-12-03,False
RV-002723,PR-00908,4,76.1,2025-01-25,False
RV-002724,PR-00908,5,80.5,2025-05-17,False
RV-002725,PR-00909,4,71.6,2026-03-09,True
RV-002726,PR-00909,5,64.2,2025-08-23,True
RV-002727,PR-00909,4,77.5,2026-05-18,True
RV-002728,PR-00910,3,46.4,2025-12-17,True
RV-002729,PR-00910,3,47.0,2025-07-07,False
RV-002730,PR-00910,3,55.8,2025-03-23,False
RV-002731,PR-00911,3,53.1,2025-05-28,True
RV-002732,PR-00911,4,69.0,2025-04-19,False
RV-002733,PR-00911,3,63.6,2026-03-27,True
RV-002734,PR-00912,3,33.5,2025-08-23,False
RV-002735,PR-00912,3,39.8,2026-04-11,False
RV-002736,PR-00912,2,47.5,2025-04-03,True
RV-002737,PR-00913,4,94.0,2026-05-16,True
RV-002738,PR-00913,5,100.0,2025-01-15,False
RV-002739,PR-00913,4,100.0,2025-12-05,False
RV-002740,PR-00914,4,60.8,2025-10-04,True
RV-002741,PR-00914,4,67.8,2025-02-12,True
RV-002742,PR-00914,3,50.8,2025-01-08,True
RV-002743,PR-00915,3,32.6,2025-02-25,True
RV-002744,PR-00915,3,32.7,2025-06-11,True
RV-002745,PR-00915,2,40.1,2025-10-03,False
RV-002746,PR-00916,2,12.9,2024-11-19,False
RV-002747,PR-00916,3,20.9,2025-04-23,True
RV-002748,PR-00916,2,32.4,2026-06-12,True
RV-002749,PR-00917,4,67.2,2024-11-26,True
RV-002750,PR-00917,4,75.7,2025-03-19,False
RV-002751,PR-00917,4,61.8,2025-12-30,True
RV-002752,PR-00918,5,72.1,2026-02-01,False
RV-002753,PR-00918,3,69.0,2026-01-28,True
RV-002754,PR-00918,4,58.6,2025-03-05,False
RV-002755,PR-00919,3,36.8,2025-03-10,True
RV-002756,PR-00919,3,51.1,2025-11-19,False
RV-002757,PR-00919,3,52.6,2025-12-07,True
RV-002758,PR-00920,3,58.8,2025-09-12,False
RV-002759,PR-00920,3,44.2,2024-12-14,True
RV-002760,PR-00920,3,48.2,2025-08-24,False
RV-002761,PR-00921,4,71.0,2025-08-31,True
RV-002762,PR-00921,4,73.5,2025-11-04,True
RV-002763,PR-00921,4,68.0,2025-08-01,False
RV-002764,PR-00922,2,61.7,2026-04-25,False
RV-002765,PR-00922,4,67.3,2026-09-01,False
RV-002766,PR-00922,4,60.3,2026-06-12,True
RV-002767,PR-00923,4,59.8,2026-04-09,False
RV-002768,PR-00923,4,53.1,2024-11-03,False
RV-002769,PR-00923,5,69.9,2025-06-28,False
RV-002770,PR-00924,2,44.5,2026-03-11,True
RV-002771,PR-00924,3,47.1,2025-01-15,False
RV-002772,PR-00924,3,38.4,2026-02-08,False
RV-002773,PR-00925,3,65.4,2026-02-16,True
RV-002774,PR-00925,4,54.7,2025-02-13,True
RV-002775,PR-00925,3,60.5,2025-03-07,False
RV-002776,PR-00926,2,45.4,2025-05-21,False
RV-002777,PR-00926,2,22.4,2026-04-01,False
RV-002778,PR-00926,2,42.2,2025-12-05,True
RV-002779,PR-00927,3,34.1,2025-12-25,False
RV-002780,PR-00927,2,57.1,2025-08-30,False
RV-002781,PR-00927,3,41.3,2026-04-05,False
RV-002782,PR-00928,3,62.3,2025-04-05,True
RV-002783,PR-00928,4,67.6,2025-12-07,False
RV-002784,PR-00928,3,48.0,2025-04-29,False
RV-002785,PR-00929,3,69.1,2025-09-17,True
RV-002786,PR-00929,4,77.9,2025-07-14,False
RV-002787,PR-00929,5,67.6,2026-08-09,False
RV-002788,PR-00930,3,65.5,2025-12-25,True
RV-002789,PR-00930,4,61.9,2025-04-15,True
RV-002790,PR-00930,3,48.9,2025-09-09,False
RV-002791,PR-00931,4,70.3,2025-04-07,False
RV-002792,PR-00931,4,73.0,2025-01-07,True
RV-002793,PR-00931,3,58.3,2025-10-02,False
RV-002794,PR-00932,4,92.6,2026-02-19,False
RV-002795,PR-00932,3,84.5,2026-05-08,True
RV-002796,PR-00932,4,80.0,2025-12-09,True
RV-002797,PR-00933,3,60.0,2024-10-27,True
RV-002798,PR-00933,3,59.5,2025-06-18,True
RV-002799,PR-00933,3,52.8,2025-03-17,True
RV-002800,PR-00934,4,79.1,2026-04-27,True
RV-002801,PR-00934,3,71.2,2024-11-06,False
RV-002802,PR-00934,3,84.9,2025-09-28,True
RV-002803,PR-00935,3,72.3,2025-05-04,True
RV-002804,PR-00935,3,77.8,2026-07-07,False
RV-002805,PR-00935,4,65.1,2026-04-01,True
RV-002806,PR-00936,4,68.4,2026-01-31,False
RV-002807,PR-00936,4,79.3,2024-11-15,False
RV-002808,PR-00936,4,83.4,2025-07-06,True
RV-002809,PR-00937,4,56.7,2024-11-18,True
RV-002810,PR-00937,3,46.8,2026-07-13,False
RV-002811,PR-00937,4,50.6,2025-02-07,False
RV-002812,PR-00938,2,33.3,2025-01-04,False
RV-002813,PR-00938,2,40.2,2025-12-17,True
RV-002814,PR-00938,3,14.5,2026-04-23,False
RV-002815,PR-00939,2,34.4,2025-02-22,False
RV-002816,PR-00939,3,36.3,2026-03-26,True
RV-002817,PR-00939,2,44.1,2025-09-17,False
RV-002818,PR-00940,3,62.8,2026-06-22,True
RV-002819,PR-00940,4,60.6,2024-12-08,True
RV-002820,PR-00940,3,66.8,2024-11-20,False
RV-002821,PR-00941,5,61.3,2025-04-14,False
RV-002822,PR-00941,4,73.0,2025-07-14,False
RV-002823,PR-00941,4,63.8,2026-02-03,True
RV-002824,PR-00942,3,53.3,2025-08-27,False
RV-002825,PR-00942,3,54.4,2024-11-25,False
RV-002826,PR-00942,3,52.3,2025-11-19,True
RV-002827,PR-00943,3,73.6,2024-10-04,True
RV-002828,PR-00943,4,74.3,2025-12-13,False
RV-002829,PR-00943,4,64.8,2025-07-18,False
RV-002830,PR-00944,2,36.3,2025-12-10,True
RV-002831,PR-00944,3,39.5,2025-12-27,True
RV-002832,PR-00944,2,38.6,2024-12-28,True
RV-002833,PR-00945,4,72.8,2026-02-07,False
RV-002834,PR-00945,4,80.5,2025-10-03,False
RV-002835,PR-00945,4,77.8,2025-09-02,True
RV-002836,PR-00946,3,39.8,2025-09-14,True
RV-002837,PR-00946,2,61.9,2026-07-12,False
RV-002838,PR-00946,3,52.2,2026-01-06,True
RV-002839,PR-00947,4,74.9,2026-09-08,False
RV-002840,PR-00947,3,71.9,2026-07-12,True
RV-002841,PR-00947,3,70.5,2025-08-10,True
RV-002842,PR-00948,3,61.0,2025-02-24,False
RV-002843,PR-00948,3,62.3,2025-10-16,True
RV-002844,PR-00948,3,46.5,2025-09-29,False
RV-002845,PR-00949,2,28.7,2026-03-15,True
RV-002846,PR-00949,1,16.3,2026-03-22,True
RV-002847,PR-00949,2,20.1,2026-04-17,True
RV-002848,PR-00950,3,28.9,2024-10-26,True
RV-002849,PR-00950,2,22.8,2025-04-15,True
RV-002850,PR-00950,2,17.5,2025-07-16,True
RV-002851,PR-00951,4,75.6,2026-07-13,False
RV-002852,PR-00951,4,85.9,2026-03-03,True
RV-002853,PR-00951,5,76.9,2025-11-27,True
RV-002854,PR-00952,4,79.3,2025-09-28,True
RV-002855,PR-00952,5,86.1,2026-08-25,True
RV-002856,PR-00952,4,71.3,2024-09-27,True
RV-002857,PR-00953,3,57.7,2026-02-25,True
RV-002858,PR-00953,3,62.9,2026-04-29,True
RV-002859,PR-00953,4,56.4,2026-05-13,False
RV-002860,PR-00954,5,72.0,2025-04-15,False
RV-002861,PR-00954,5,74.1,2026-03-10,False
RV-002862,PR-00954,4,76.5,2026-03-03,True
RV-002863,PR-00955,3,70.9,2026-07-14,True
RV-002864,PR-00955,4,53.9,2026-02-28,False
RV-002865,PR-00955,4,71.6,2025-11-09,True
RV-002866,PR-00956,3,44.7,2026-08-04,False
RV-002867,PR-00956,4,40.2,2024-11-27,False
RV-002868,PR-00956,3,55.9,2025-05-16,False
RV-002869,PR-00957,2,30.7,2025-02-21,False
RV-002870,PR-00957,3,25.3,2025-07-18,True
RV-002871,PR-00957,1,31.5,2025-03-23,False
RV-002872,PR-00958,2,32.2,2024-12-11,False
RV-002873,PR-00958,2,30.1,2025-04-17,False
RV-002874,PR-00958,2,30.5,2026-06-06,False
RV-002875,PR-00959,2,31.4,2025-12-29,True
RV-002876,PR-00959,3,36.1,2026-02-25,False
RV-002877,PR-00959,3,29.3,2025-01-31,True
RV-002878,PR-00960,2,52.9,2025-10-26,False
RV-002879,PR-00960,3,45.8,2024-09-23,False
RV-002880,PR-00960,3,44.1,2026-04-01,False
RV-002881,PR-00961,3,65.2,2026-02-08,False
RV-002882,PR-00961,3,58.3,2025-02-27,True
RV-002883,PR-00961,4,57.6,2025-06-11,False
RV-002884,PR-00962,3,43.9,2024-12-20,False
RV-002885,PR-00962,2,33.9,2025-09-21,True
RV-002886,PR-00962,3,36.1,2025-07-30,True
RV-002887,PR-00963,5,87.2,2026-05-05,True
RV-002888,PR-00963,4,89.0,2025-03-30,False
RV-002889,PR-00963,5,82.1,2026-02-12,True
RV-002890,PR-00964,3,61.7,2026-02-13,False
RV-002891,PR-00964,4,61.2,2026-02-27,False
RV-002892,PR-00964,4,55.3,2025-01-27,True
RV-002893,PR-00965,2,60.0,2026-01-18,True
RV-002894,PR-00965,4,43.5,2025-09-19,False
RV-002895,PR-00965,2,50.8,2026-04-05,False
RV-002896,PR-00966,4,68.9,2025-11-05,True
RV-002897,PR-00966,5,84.5,2025-04-23,False
RV-002898,PR-00966,4,70.9,2025-06-08,False
RV-002899,PR-00967,3,50.3,2026-03-27,True
RV-002900,PR-00967,3,60.2,2025-10-10,False
RV-002901,PR-00967,3,56.1,2026-04-14,False
RV-002902,PR-00968,2,30.1,2025-02-20,True
RV-002903,PR-00968,2,35.3,2024-12-13,True
RV-002904,PR-00968,2,34.2,2025-09-05,False
RV-002905,PR-00969,1,17.6,2025-02-09,False
RV-002906,PR-00969,2,23.9,2025-09-07,True
RV-002907,PR-00969,1,15.6,2025-05-16,False
RV-002908,PR-00970,4,73.1,2025-03-13,False
RV-002909,PR-00970,3,67.0,2026-06-23,True
RV-002910,PR-00970,3,67.8,2024-12-27,False
RV-002911,PR-00971,4,76.9,2025-09-07,False
RV-002912,PR-00971,5,92.3,2026-03-14,False
RV-002913,PR-00971,4,94.7,2025-04-15,True
RV-002914,PR-00972,3,58.3,2026-05-15,True
RV-002915,PR-00972,3,76.2,2025-06-17,False
RV-002916,PR-00972,3,58.3,2026-02-09,True
RV-002917,PR-00973,3,25.7,2026-02-26,False
RV-002918,PR-00973,2,26.0,2025-10-28,False
RV-002919,PR-00973,2,33.2,2026-04-15,False
RV-002920,PR-00974,3,43.6,2026-06-26,False
RV-002921,PR-00974,3,40.0,2026-06-04,False
RV-002922,PR-00974,3,54.0,2026-07-05,True
RV-002923,PR-00975,3,55.8,2025-12-13,False
RV-002924,PR-00975,4,60.5,2024-09-15,False
RV-002925,PR-00975,3,59.2,2025-06-30,True
RV-002926,PR-00976,3,41.4,2025-05-15,True
RV-002927,PR-00976,2,40.3,2026-07-20,True
RV-002928,PR-00976,2,46.2,2026-03-22,True
RV-002929,PR-00977,2,23.9,2025-07-19,False
RV-002930,PR-00977,2,24.3,2025-09-22,False
RV-002931,PR-00977,2,35.5,2026-04-23,False
RV-002932,PR-00978,3,32.3,2026-04-12,False
RV-002933,PR-00978,3,34.5,2025-07-27,False
RV-002934,PR-00978,2,43.1,2025-05-02,True
RV-002935,PR-00979,2,37.0,2025-10-04,True
RV-002936,PR-00979,2,36.7,2026-05-09,True
RV-002937,PR-00979,2,24.3,2026-02-12,True
RV-002938,PR-00980,3,33.0,2025-04-12,True
RV-002939,PR-00980,3,40.1,2026-08-28,False
RV-002940,PR-00980,3,33.4,2024-11-17,False
RV-002941,PR-00981,2,21.9,2026-01-03,False
RV-002942,PR-00981,2,35.1,2025-02-08,True
RV-002943,PR-00981,2,29.2,2026-04-21,False
RV-002944,PR-00982,2,26.1,2025-03-10,False
RV-002945,PR-00982,2,23.4,2025-04-01,True
RV-002946,PR-00982,2,23.5,2025-12-05,True
RV-002947,PR-00983,4,71.1,2025-04-12,False
RV-002948,PR-00983,4,79.2,2026-03-02,True
RV-002949,PR-00983,4,71.3,2025-10-16,True
RV-002950,PR-00984,5,64.7,2026-08-30,False
RV-002951,PR-00984,4,59.7,2024-09-27,False
RV-002952,PR-00984,3,70.4,2026-04-13,False
RV-002953,PR-00985,4,70.2,2025-10-03,True
RV-002954,PR-00985,4,62.3,2024-10-05,True
RV-002955,PR-00985,3,61.9,2025-05-09,True
RV-002956,PR-00986,2,25.1,2024-12-22,False
RV-002957,PR-00986,2,15.6,2026-03-16,True
RV-002958,PR-00986,2,23.0,2026-02-12,True
RV-002959,PR-00987,2,22.4,2026-05-30,False
RV-002960,PR-00987,1,21.9,2026-03-19,False
RV-002961,PR-00987,2,19.6,2025-09-21,True
RV-002962,PR-00988,4,70.3,2025-04-24,True
RV-002963,PR-00988,4,75.4,2026-07-17,False
RV-002964,PR-00988,3,81.4,2026-02-15,True
RV-002965,PR-00989,4,61.0,2025-11-12,True
RV-002966,PR-00989,3,59.5,2025-07-05,True
RV-002967,PR-00989,4,61.7,2025-04-21,False
RV-002968,PR-00990,3,51.4,2026-04-30,True
RV-002969,PR-00990,3,45.7,2024-10-12,False
RV-002970,PR-00990,4,58.6,2025-03-26,False
RV-002971,PR-00991,4,76.9,2026-06-16,True
RV-002972,PR-00991,4,68.5,2026-03-26,True
RV-002973,PR-00991,3,75.5,2024-10-28,True
RV-002974,PR-00992,4,57.6,2025-03-07,True
RV-002975,PR-00992,4,47.8,2025-07-03,False
RV-002976,PR-00992,3,62.9,2024-10-07,False
RV-002977,PR-00993,2,32.6,2024-11-12,False
RV-002978,PR-00993,3,30.6,2024-09-19,False
RV-002979,PR-00993,3,44.5,2024-10-09,False
RV-002980,PR-00994,4,57.7,2025-07-07,True
RV-002981,PR-00994,4,60.8,2025-04-06,False
RV-002982,PR-00994,4,61.6,2026-07-25,False
RV-002983,PR-00995,2,48.9,2025-07-27,False
RV-002984,PR-00995,3,35.9,2025-02-22,True
RV-002985,PR-00995,2,50.7,2026-06-15,True
RV-002986,PR-00996,3,42.7,2024-10-21,False
RV-002987,PR-00996,2,43.3,2024-10-22,False
RV-002988,PR-00996,3,50.2,2026-06-28,True
RV-002989,PR-00997,4,47.0,2024-10-04,True
RV-002990,PR-00997,3,51.4,2024-10-09,False
RV-002991,PR-00997,3,55.9,2025-01-13,False
RV-002992,PR-00998,3,59.4,2025-06-12,False
RV-002993,PR-00998,3,50.7,2025-02-26,True
RV-002994,PR-00998,3,60.5,2025-10-08,False
RV-002995,PR-00999,3,33.3,2026-03-15,False
RV-002996,PR-00999,2,48.9,2025-01-20,True
RV-002997,PR-00999,3,45.9,2026-08-03,True
RV-002998,PR-01000,3,61.1,2026-02-14,True
RV-002999,PR-01000,3,51.0,2025-03-02,False
RV-003000,PR-01000,3,55.6,2025-08-22,False
RV-003001,PR-01001,2,52.7,2025-10-16,True
RV-003002,PR-01001,3,54.8,2025-06-22,True
RV-003003,PR-01001,3,37.3,2026-06-24,True
RV-003004,PR-01002,3,52.4,2024-10-27,False
RV-003005,PR-01002,3,49.6,2025-04-27,True
RV-003006,PR-01002,3,49.1,2025-08-25,True
RV-003007,PR-01003,2,28.5,2024-09-29,True
RV-003008,PR-01003,3,40.4,2025-11-30,True
RV-003009,PR-01003,3,37.9,2025-05-14,False
RV-003010,PR-01004,3,73.8,2025-06-07,True
RV-003011,PR-01004,4,68.7,2025-06-26,True
RV-003012,PR-01004,4,81.4,2025-02-08,True
RV-003013,PR-01005,4,60.5,2026-07-19,False
RV-003014,PR-01005,4,55.8,2024-12-05,False
RV-003015,PR-01005,4,56.3,2026-02-11,True
RV-003016,PR-01006,2,31.3,2024-10-29,True
RV-003017,PR-01006,3,30.9,2025-03-15,True
RV-003018,PR-01006,2,31.8,2026-06-12,True
RV-003019,PR-01007,3,48.9,2024-12-15,True
RV-003020,PR-01007,2,47.5,2026-04-21,True
RV-003021,PR-01007,2,44.4,2026-09-03,True
RV-003022,PR-01008,3,46.4,2025-03-18,True
RV-003023,PR-01008,4,47.1,2025-10-29,True
RV-003024,PR-01008,4,43.2,2026-05-12,False
RV-003025,PR-01009,3,42.2,2026-04-08,True
RV-003026,PR-01009,3,47.9,2025-05-17,False
RV-003027,PR-01009,4,41.7,2024-10-06,True
RV-003028,PR-01010,2,31.1,2024-12-16,False
RV-003029,PR-01010,2,28.5,2024-12-18,False
RV-003030,PR-01010,2,36.0,2026-02-08,False
RV-003031,PR-01011,3,20.3,2026-07-10,True
RV-003032,PR-01011,2,35.7,2025-06-16,True
RV-003033,PR-01011,2,37.2,2026-09-04,False
RV-003034,PR-01012,3,50.6,2026-08-29,False
RV-003035,PR-01012,3,55.8,2024-11-19,False
RV-003036,PR-01012,3,48.1,2024-11-01,False
RV-003037,PR-01013,3,48.9,2025-04-08,False
RV-003038,PR-01013,3,31.3,2025-12-05,False
RV-003039,PR-01013,2,40.0,2025-06-27,True
RV-003040,PR-01014,3,48.3,2026-02-12,True
RV-003041,PR-01014,4,69.1,2024-12-03,True
RV-003042,PR-01014,3,55.9,2025-08-10,False
RV-003043,PR-01015,3,45.0,2025-05-28,False
RV-003044,PR-01015,3,36.0,2026-04-30,True
RV-003045,PR-01015,3,44.0,2024-09-23,True
RV-003046,PR-01016,3,62.7,2025-09-19,True
RV-003047,PR-01016,2,47.7,2026-09-03,True
RV-003048,PR-01016,3,49.9,2026-08-03,True
RV-003049,PR-01017,3,54.2,2025-02-12,False
RV-003050,PR-01017,3,59.0,2026-02-12,False
RV-003051,PR-01017,3,49.5,2025-07-21,False
RV-003052,PR-01018,2,33.9,2025-12-13,False
RV-003053,PR-01018,3,21.3,2024-09-15,True
RV-003054,PR-01018,2,31.5,2026-05-28,False
RV-003055,PR-01019,3,74.0,2025-06-22,False
RV-003056,PR-01019,4,63.7,2025-01-16,True
RV-003057,PR-01019,3,69.7,2026-05-22,True
RV-003058,PR-01020,2,41.0,2025-09-03,True
RV-003059,PR-01020,2,19.8,2026-08-21,True
RV-003060,PR-01020,2,24.1,2026-03-13,False
RV-003061,PR-01021,4,66.1,2025-11-06,True
RV-003062,PR-01021,3,57.3,2026-04-18,False
RV-003063,PR-01021,4,45.4,2026-09-07,True
RV-003064,PR-01022,3,64.4,2026-05-25,True
RV-003065,PR-01022,4,62.2,2025-10-16,True
RV-003066,PR-01022,4,55.4,2025-02-05,False
RV-003067,PR-01023,4,80.0,2025-09-08,False
RV-003068,PR-01023,4,84.6,2025-01-30,True
RV-003069,PR-01023,5,87.7,2026-07-07,False
RV-003070,PR-01024,4,57.8,2025-07-08,False
RV-003071,PR-01024,3,79.8,2024-12-08,False
RV-003072,PR-01024,3,60.9,2026-01-30,True
RV-003073,PR-01025,4,51.0,2025-11-08,True
RV-003074,PR-01025,3,53.3,2025-02-15,False
RV-003075,PR-01025,3,61.0,2025-01-17,False
RV-003076,PR-01026,3,64.5,2024-12-19,False
RV-003077,PR-01026,4,50.3,2026-08-15,False
RV-003078,PR-01026,3,51.4,2026-07-13,True
RV-003079,PR-01027,3,26.8,2026-06-20,False
RV-003080,PR-01027,3,41.0,2025-09-28,False
RV-003081,PR-01027,3,46.4,2026-02-10,True
RV-003082,PR-01028,3,41.0,2025-08-26,True
RV-003083,PR-01028,2,48.2,2025-11-15,False
RV-003084,PR-01028,3,33.4,2025-11-02,False
RV-003085,PR-01029,4,66.5,2026-04-23,False
RV-003086,PR-01029,3,60.3,2024-12-14,True
RV-003087,PR-01029,4,71.5,2024-09-18,True
RV-003088,PR-01030,3,41.4,2026-08-20,True
RV-003089,PR-01030,2,27.7,2024-11-27,True
RV-003090,PR-01030,3,37.2,2026-02-07,False
RV-003091,PR-01031,3,48.6,2024-09-29,True
RV-003092,PR-01031,3,59.9,2026-02-28,False
RV-003093,PR-01031,3,48.5,2025-02-06,True
RV-003094,PR-01032,5,76.8,2026-03-30,True
RV-003095,PR-01032,4,80.6,2025-06-04,True
RV-003096,PR-01032,4,79.8,2024-11-06,False
RV-003097,PR-01033,4,58.5,2025-02-13,False
RV-003098,PR-01033,3,53.8,2026-02-12,False
RV-003099,PR-01033,3,57.7,2026-01-15,True
RV-003100,PR-01034,2,62.2,2026-08-07,False
RV-003101,PR-01034,4,71.6,2026-06-17,False
RV-003102,PR-01034,3,64.3,2024-12-06,True
RV-003103,PR-01035,2,34.1,2026-02-12,False
RV-003104,PR-01035,2,37.4,2024-10-25,False
RV-003105,PR-01035,2,37.0,2026-01-04,True
RV-003106,PR-01036,2,13.7,2025-11-24,False
RV-003107,PR-01036,2,26.6,2025-07-24,False
RV-003108,PR-01036,2,17.9,2024-09-12,False
RV-003109,PR-01037,5,69.0,2026-05-15,True
RV-003110,PR-01037,4,80.9,2026-04-21,True
RV-003111,PR-01037,5,75.0,2025-09-05,False
RV-003112,PR-01038,3,47.6,2024-11-11,True
RV-003113,PR-01038,3,48.7,2025-07-17,False
RV-003114,PR-01038,3,54.8,2025-01-17,True
RV-003115,PR-01039,4,68.1,2024-11-11,False
RV-003116,PR-01039,4,73.6,2026-04-28,False
RV-003117,PR-01039,4,74.4,2025-02-17,False
RV-003118,PR-01040,4,77.1,2024-12-14,True
RV-003119,PR-01040,4,65.6,2024-10-31,False
RV-003120,PR-01040,4,55.5,2025-04-30,True
RV-003121,PR-01041,4,82.3,2026-09-05,False
RV-003122,PR-01041,4,80.3,2026-08-11,False
RV-003123,PR-01041,4,88.0,2024-12-25,False
RV-003124,PR-01042,4,67.1,2025-12-09,True
RV-003125,PR-01042,4,65.3,2025-03-28,True
RV-003126,PR-01042,4,82.4,2025-09-19,False
RV-003127,PR-01043,3,51.1,2026-02-26,True
RV-003128,PR-01043,3,48.4,2025-06-12,True
RV-003129,PR-01043,2,43.4,2026-05-15,False
RV-003130,PR-01044,2,43.6,2026-03-18,True
RV-003131,PR-01044,2,38.0,2025-09-19,False
RV-003132,PR-01044,2,53.5,2025-10-30,True
RV-003133,PR-01045,2,49.2,2025-05-04,True
RV-003134,PR-01045,3,55.0,2026-06-08,True
RV-003135,PR-01045,3,48.4,2025-05-21,False
RV-003136,PR-01046,3,76.1,2024-10-20,False
RV-003137,PR-01046,5,69.9,2025-07-21,True
RV-003138,PR-01046,3,69.3,2024-12-30,True
RV-003139,PR-01047,3,45.7,2026-07-16,False
RV-003140,PR-01047,3,50.1,2025-12-04,True
RV-003141,PR-01047,3,44.2,2024-11-15,False
RV-003142,PR-01048,4,81.0,2024-09-16,False
RV-003143,PR-01048,4,70.5,2026-07-07,True
RV-003144,PR-01048,4,75.0,2026-01-04,True
RV-003145,PR-01049,4,70.9,2025-09-25,False
RV-003146,PR-01049,4,45.9,2026-05-02,False
RV-003147,PR-01049,4,65.0,2025-12-19,False
RV-003148,PR-01050,2,31.2,2024-10-16,False
RV-003149,PR-01050,2,27.7,2026-05-23,False
RV-003150,PR-01050,2,30.8,2025-05-28,True
RV-003151,PR-01051,3,57.6,2024-11-16,False
RV-003152,PR-01051,3,58.5,2025-07-05,False
RV-003153,PR-01051,4,58.3,2025-06-07,True
RV-003154,PR-01052,4,47.1,2026-02-14,True
RV-003155,PR-01052,3,53.9,2025-08-04,True
RV-003156,PR-01052,3,40.3,2026-04-13,False
RV-003157,PR-01053,3,37.4,2025-09-21,False
RV-003158,PR-01053,3,39.1,2025-11-11,True
RV-003159,PR-01053,2,39.1,2026-03-01,False
RV-003160,PR-01054,3,43.4,2025-02-02,True
RV-003161,PR-01054,3,41.5,2025-07-20,True
RV-003162,PR-01054,3,31.0,2025-08-26,False
RV-003163,PR-01055,2,34.3,2025-01-05,True
RV-003164,PR-01055,3,25.3,2026-03-21,False
RV-003165,PR-01055,2,30.8,2025-03-23,True
RV-003166,PR-01056,3,44.9,2025-09-03,False
RV-003167,PR-01056,3,56.0,2024-09-30,False
RV-003168,PR-01056,2,42.8,2026-05-02,True
RV-003169,PR-01057,4,75.5,2026-07-09,True
RV-003170,PR-01057,4,63.1,2024-11-21,False
RV-003171,PR-01057,5,76.5,2025-01-02,True
RV-003172,PR-01058,4,69.2,2026-02-27,False
RV-003173,PR-01058,4,72.9,2026-04-12,False
RV-003174,PR-01058,4,59.4,2025-06-13,True
RV-003175,PR-01059,3,48.1,2024-10-12,False
RV-003176,PR-01059,3,47.4,2025-04-21,True
RV-003177,PR-01059,2,36.4,2025-07-02,True
RV-003178,PR-01060,4,59.2,2026-01-09,False
RV-003179,PR-01060,4,65.3,2025-08-09,True
RV-003180,PR-01060,4,54.2,2024-10-23,False
RV-003181,PR-01061,5,83.3,2025-06-07,True
RV-003182,PR-01061,5,81.1,2025-02-21,False
RV-003183,PR-01061,5,85.1,2024-10-18,True
RV-003184,PR-01062,3,64.4,2025-09-07,True
RV-003185,PR-01062,3,64.8,2025-09-30,False
RV-003186,PR-01062,3,57.1,2026-09-08,True
RV-003187,PR-01063,3,42.2,2025-08-03,False
RV-003188,PR-01063,3,33.4,2026-01-22,False
RV-003189,PR-01063,3,52.1,2024-09-15,True
RV-003190,PR-01064,3,47.8,2025-06-06,False
RV-003191,PR-01064,3,58.0,2025-05-05,False
RV-003192,PR-01064,3,56.3,2025-07-27,True
RV-003193,PR-01065,4,41.8,2024-10-10,False
RV-003194,PR-01065,3,47.6,2024-12-29,False
RV-003195,PR-01065,3,49.6,2025-09-24,True
RV-003196,PR-01066,3,58.4,2025-02-14,False
RV-003197,PR-01066,3,55.4,2025-12-11,True
RV-003198,PR-01066,4,56.5,2026-04-14,True
RV-003199,PR-01067,4,60.4,2026-04-15,True
RV-003200,PR-01067,4,63.8,2024-12-01,False
RV-003201,PR-01067,4,71.2,2025-02-28,False
RV-003202,PR-01068,2,30.7,2025-04-15,False
RV-003203,PR-01068,3,26.2,2026-05-09,False
RV-003204,PR-01068,3,33.7,2024-12-03,True
RV-003205,PR-01069,4,88.2,2026-05-21,True
RV-003206,PR-01069,5,94.8,2025-05-10,True
RV-003207,PR-01069,5,88.4,2024-12-31,False
RV-003208,PR-01070,4,82.5,2026-09-08,False
RV-003209,PR-01070,4,63.4,2024-11-24,True
RV-003210,PR-01070,4,70.1,2025-06-02,False
RV-003211,PR-01071,3,52.2,2025-07-15,True
RV-003212,PR-01071,3,57.2,2026-05-19,False
RV-003213,PR-01071,3,48.0,2025-05-07,True
RV-003214,PR-01072,3,45.4,2026-03-18,True
RV-003215,PR-01072,2,42.8,2025-05-30,False
RV-003216,PR-01072,3,52.5,2025-09-17,True
RV-003217,PR-01073,3,46.8,2025-01-17,False
RV-003218,PR-01073,3,58.4,2025-06-22,False
RV-003219,PR-01073,3,46.1,2026-05-06,False
RV-003220,PR-01074,3,41.3,2026-01-23,True
RV-003221,PR-01074,3,51.2,2025-02-06,True
RV-003222,PR-01074,4,46.5,2025-10-20,True
RV-003223,PR-01075,3,41.7,2026-09-09,False
RV-003224,PR-01075,3,49.6,2025-08-09,False
RV-003225,PR-01075,3,49.8,2024-12-26,True
RV-003226,PR-01076,4,69.9,2025-09-10,False
RV-003227,PR-01076,4,67.7,2026-01-29,False
RV-003228,PR-01076,4,76.3,2025-05-08,True
RV-003229,PR-01077,3,78.3,2026-06-15,False
RV-003230,PR-01077,4,73.4,2025-12-17,True
RV-003231,PR-01077,3,58.1,2025-11-25,False
RV-003232,PR-01078,3,51.5,2024-11-25,False
RV-003233,PR-01078,4,41.0,2026-08-28,False
RV-003234,PR-01078,3,61.6,2025-06-26,False
RV-003235,PR-01079,3,45.0,2025-03-16,False
RV-003236,PR-01079,3,52.5,2025-08-12,False
RV-003237,PR-01079,4,49.1,2026-04-02,True
RV-003238,PR-01080,4,78.2,2025-06-28,False
RV-003239,PR-01080,4,75.4,2024-12-23,True
RV-003240,PR-01080,3,62.5,2025-10-26,True
RV-003241,PR-01081,2,43.6,2026-01-04,False
RV-003242,PR-01081,3,52.6,2025-10-29,True
RV-003243,PR-01081,3,41.2,2025-04-21,False
RV-003244,PR-01082,2,32.0,2025-10-15,False
RV-003245,PR-01082,2,38.9,2024-12-14,True
RV-003246,PR-01082,3,42.4,2025-11-28,True
RV-003247,PR-01083,5,84.5,2026-01-28,True
RV-003248,PR-01083,4,90.3,2025-02-08,True
RV-003249,PR-01083,4,84.2,2025-02-02,True
RV-003250,PR-01084,3,48.6,2025-12-17,True
RV-003251,PR-01084,3,56.1,2025-05-27,False
RV-003252,PR-01084,3,42.6,2025-12-02,True
RV-003253,PR-01085,3,50.9,2026-05-11,False
RV-003254,PR-01085,3,58.4,2026-05-16,True
RV-003255,PR-01085,3,49.8,2024-11-29,True
RV-003256,PR-01086,3,40.1,2026-07-18,False
RV-003257,PR-01086,4,40.1,2026-08-25,False
RV-003258,PR-01086,3,45.6,2024-10-12,True
RV-003259,PR-01087,3,43.3,2024-11-10,True
RV-003260,PR-01087,3,47.8,2025-09-20,False
RV-003261,PR-01087,4,55.2,2026-07-23,False
RV-003262,PR-01088,3,55.0,2026-04-16,False
RV-003263,PR-01088,4,63.9,2025-07-12,True
RV-003264,PR-01088,3,59.5,2024-11-16,False
RV-003265,PR-01089,5,100.0,2024-12-06,False
RV-003266,PR-01089,5,97.1,2025-07-27,True
RV-003267,PR-01089,5,98.6,2026-04-06,False
RV-003268,PR-01090,4,70.6,2025-03-28,True
RV-003269,PR-01090,3,70.0,2025-05-09,True
RV-003270,PR-01090,5,71.2,2024-11-30,False
RV-003271,PR-01091,3,29.4,2026-01-04,True
RV-003272,PR-01091,3,23.4,2025-02-17,False
RV-003273,PR-01091,3,40.7,2025-08-13,False
RV-003274,PR-01092,3,43.8,2026-07-05,False
RV-003275,PR-01092,3,46.9,2026-01-27,True
RV-003276,PR-01092,3,49.1,2025-12-01,True
RV-003277,PR-01093,3,30.2,2025-02-12,False
RV-003278,PR-01093,2,43.4,2025-03-08,False
RV-003279,PR-01093,3,39.5,2026-07-28,False
RV-003280,PR-01094,3,51.2,2024-11-26,False
RV-003281,PR-01094,2,57.9,2025-01-09,True
RV-003282,PR-01094,2,40.0,2025-09-07,True
RV-003283,PR-01095,4,83.7,2025-07-29,True
RV-003284,PR-01095,5,81.8,2026-05-17,True
RV-003285,PR-01095,4,78.2,2024-12-17,False
RV-003286,PR-01096,5,100.0,2026-07-09,False
RV-003287,PR-01096,5,94.2,2025-03-22,True
RV-003288,PR-01096,5,100.0,2026-03-02,True
RV-003289,PR-01097,4,57.9,2026-03-29,True
RV-003290,PR-01097,3,55.7,2025-02-22,True
RV-003291,PR-01097,4,46.0,2025-10-21,True
RV-003292,PR-01098,2,42.4,2026-06-28,False
RV-003293,PR-01098,3,53.8,2025-10-11,False
RV-003294,PR-01098,3,47.8,2025-10-23,True
RV-003295,PR-01099,5,68.2,2026-07-17,False
RV-003296,PR-01099,4,73.9,2026-07-15,True
RV-003297,PR-01099,3,75.4,2026-05-05,True
RV-003298,PR-01100,3,56.0,2025-06-24,False
RV-003299,PR-01100,2,50.5,2026-01-15,False
RV-003300,PR-01100,2,42.3,2024-09-25,False
RV-003301,PR-01101,3,45.6,2025-07-21,True
RV-003302,PR-01101,3,47.8,2025-06-03,True
RV-003303,PR-01101,2,40.0,2026-05-31,True
RV-003304,PR-01102,3,56.5,2026-05-29,False
RV-003305,PR-01102,3,57.4,2025-01-14,False
RV-003306,PR-01102,2,61.1,2025-02-08,True
RV-003307,PR-01103,2,45.0,2026-06-15,True
RV-003308,PR-01103,2,43.1,2026-05-27,False
RV-003309,PR-01103,3,29.2,2025-09-22,True
RV-003310,PR-01104,3,65.3,2025-08-30,True
RV-003311,PR-01104,3,66.0,2026-02-06,False
RV-003312,PR-01104,3,68.6,2026-02-28,False
RV-003313,PR-01105,1,35.4,2025-01-10,True
RV-003314,PR-01105,3,34.1,2026-07-04,False
RV-003315,PR-01105,2,27.2,2025-11-09,False
RV-003316,PR-01106,3,37.5,2025-04-01,True
RV-003317,PR-01106,2,50.2,2026-02-09,False
RV-003318,PR-01106,3,45.8,2025-03-29,True
RV-003319,PR-01107,4,66.1,2025-10-12,True
RV-003320,PR-01107,3,59.6,2025-11-09,True
RV-003321,PR-01107,3,43.1,2026-02-06,False
RV-003322,PR-01108,1,27.0,2025-04-05,False
RV-003323,PR-01108,3,27.0,2025-12-18,True
RV-003324,PR-01108,1,25.1,2026-02-09,True
RV-003325,PR-01109,3,75.5,2025-08-09,False
RV-003326,PR-01109,4,83.7,2025-12-27,False
RV-003327,PR-01109,4,70.8,2024-09-15,False
RV-003328,PR-01110,3,37.6,2026-01-16,False
RV-003329,PR-01110,2,37.0,2025-08-04,False
RV-003330,PR-01110,3,36.7,2025-03-30,True
RV-003331,PR-01111,3,50.4,2025-01-15,True
RV-003332,PR-01111,2,47.8,2026-03-16,True
RV-003333,PR-01111,3,47.8,2026-03-20,True
RV-003334,PR-01112,3,44.8,2025-07-31,False
RV-003335,PR-01112,3,32.8,2025-01-25,False
RV-003336,PR-01112,2,48.7,2025-08-19,True
RV-003337,PR-01113,1,10.7,2025-03-29,False
RV-003338,PR-01113,2,19.1,2026-02-03,True
RV-003339,PR-01113,2,15.6,2025-07-10,False
RV-003340,PR-01114,4,65.9,2026-01-24,True
RV-003341,PR-01114,4,63.6,2026-08-02,True
RV-003342,PR-01114,4,66.3,2025-12-01,True
RV-003343,PR-01115,4,85.8,2026-04-25,False
RV-003344,PR-01115,5,81.0,2025-11-09,False
RV-003345,PR-01115,4,80.3,2025-03-21,False
RV-003346,PR-01116,4,54.5,2025-11-06,False
RV-003347,PR-01116,3,49.0,2026-03-28,True
RV-003348,PR-01116,4,52.0,2026-01-01,False
RV-003349,PR-01117,4,92.3,2026-04-07,True
RV-003350,PR-01117,3,89.5,2025-09-27,False
RV-003351,PR-01117,4,74.4,2025-09-12,True
RV-003352,PR-01118,4,58.5,2026-06-16,True
RV-003353,PR-01118,3,55.7,2025-12-05,False
RV-003354,PR-01118,3,50.2,2024-10-13,False
RV-003355,PR-01119,2,31.0,2026-02-07,False
RV-003356,PR-01119,3,39.5,2025-11-27,True
RV-003357,PR-01119,3,40.7,2024-12-08,True
RV-003358,PR-01120,4,80.4,2026-08-20,True
RV-003359,PR-01120,4,78.3,2025-11-20,True
RV-003360,PR-01120,4,76.2,2026-03-02,True
RV-003361,PR-01121,3,44.7,2026-06-29,False
RV-003362,PR-01121,3,49.0,2026-07-30,True
RV-003363,PR-01121,3,55.8,2025-01-20,True
RV-003364,PR-01122,3,41.7,2024-11-07,False
RV-003365,PR-01122,3,47.1,2026-03-28,False
RV-003366,PR-01122,2,37.6,2025-05-24,True
RV-003367,PR-01123,4,69.1,2026-06-29,False
RV-003368,PR-01123,4,62.4,2025-07-12,False
RV-003369,PR-01123,4,62.6,2026-07-02,False
RV-003370,PR-01124,4,76.0,2024-12-24,False
RV-003371,PR-01124,3,78.2,2025-08-05,True
RV-003372,PR-01124,4,73.7,2026-02-04,False
RV-003373,PR-01125,3,31.6,2026-08-25,True
RV-003374,PR-01125,3,51.2,2026-08-13,True
RV-003375,PR-01125,3,38.0,2025-09-25,False
RV-003376,PR-01126,2,29.6,2026-06-05,False
RV-003377,PR-01126,2,19.4,2026-01-12,True
RV-003378,PR-01126,2,20.4,2025-04-08,True
RV-003379,PR-01127,3,54.4,2026-04-13,False
RV-003380,PR-01127,3,46.0,2026-04-11,False
RV-003381,PR-01127,3,55.9,2025-10-13,False
RV-003382,PR-01128,4,73.6,2025-02-26,False
RV-003383,PR-01128,4,72.1,2025-06-09,False
RV-003384,PR-01128,4,77.0,2026-03-20,False
RV-003385,PR-01129,3,51.8,2026-01-23,False
RV-003386,PR-01129,3,47.8,2025-07-22,False
RV-003387,PR-01129,2,44.6,2026-04-17,False
RV-003388,PR-01130,2,44.4,2026-03-01,False
RV-003389,PR-01130,3,42.9,2024-09-17,True
RV-003390,PR-01130,3,34.0,2026-02-17,True
RV-003391,PR-01131,2,38.1,2026-03-23,True
RV-003392,PR-01131,2,21.2,2026-02-07,True
RV-003393,PR-01131,2,32.2,2026-05-05,False
RV-003394,PR-01132,3,36.7,2025-03-25,False
RV-003395,PR-01132,2,44.0,2024-10-05,True
RV-003396,PR-01132,3,31.4,2026-01-15,True
RV-003397,PR-01133,3,55.0,2025-07-02,False
RV-003398,PR-01133,3,53.2,2025-04-21,False
RV-003399,PR-01133,2,51.0,2025-04-06,True
RV-003400,PR-01134,2,41.1,2026-08-22,True
RV-003401,PR-01134,2,51.6,2025-09-10,False
RV-003402,PR-01134,3,51.5,2025-01-02,True
RV-003403,PR-01135,3,44.6,2025-12-21,True
RV-003404,PR-01135,3,47.4,2024-10-29,True
RV-003405,PR-01135,4,47.5,2025-12-22,False
RV-003406,PR-01136,4,66.4,2025-04-04,True
RV-003407,PR-01136,5,74.9,2024-10-22,False
RV-003408,PR-01136,4,74.3,2025-03-30,True
RV-003409,PR-01137,3,32.6,2026-06-08,True
RV-003410,PR-01137,2,28.9,2024-12-08,True
RV-003411,PR-01137,3,40.0,2025-11-18,True
RV-003412,PR-01138,4,57.8,2025-01-03,False
RV-003413,PR-01138,4,64.9,2024-12-30,False
RV-003414,PR-01138,4,61.1,2026-08-29,False
RV-003415,PR-01139,4,50.6,2025-08-02,False
RV-003416,PR-01139,4,48.3,2026-07-29,False
RV-003417,PR-01139,3,60.8,2024-09-12,True
RV-003418,PR-01140,4,62.3,2026-04-30,True
RV-003419,PR-01140,4,57.8,2024-11-23,False
RV-003420,PR-01140,3,68.3,2025-06-30,True
RV-003421,PR-01141,5,73.2,2026-06-21,True
RV-003422,PR-01141,5,77.1,2025-01-18,True
RV-003423,PR-01141,4,79.5,2024-12-18,False
RV-003424,PR-01142,3,50.3,2024-10-03,False
RV-003425,PR-01142,3,61.8,2026-02-15,False
RV-003426,PR-01142,4,67.2,2025-09-08,True
RV-003427,PR-01143,4,60.4,2024-10-02,True
RV-003428,PR-01143,4,57.4,2026-08-10,False
RV-003429,PR-01143,3,76.0,2026-01-05,False
RV-003430,PR-01144,3,55.7,2026-02-28,False
RV-003431,PR-01144,4,60.4,2025-12-08,True
RV-003432,PR-01144,3,58.1,2025-11-12,False
RV-003433,PR-01145,3,44.7,2024-09-30,False
RV-003434,PR-01145,2,44.5,2025-06-12,True
RV-003435,PR-01145,2,43.7,2025-12-09,True
RV-003436,PR-01146,2,19.6,2026-03-10,False
RV-003437,PR-01146,2,34.1,2025-07-03,False
RV-003438,PR-01146,2,23.5,2024-11-21,False
RV-003439,PR-01147,2,13.1,2026-08-13,False
RV-003440,PR-01147,2,31.7,2025-11-29,True
RV-003441,PR-01147,2,23.0,2024-12-05,True
RV-003442,PR-01148,3,51.8,2025-12-28,True
RV-003443,PR-01148,3,57.0,2026-01-25,False
RV-003444,PR-01148,3,63.6,2025-08-25,True
RV-003445,PR-01149,4,66.0,2024-09-22,True
RV-003446,PR-01149,4,69.8,2025-04-16,True
RV-003447,PR-01149,3,63.2,2024-12-21,True
RV-003448,PR-01150,3,59.2,2025-07-04,True
RV-003449,PR-01150,3,58.3,2026-06-30,False
RV-003450,PR-01150,4,64.0,2026-04-07,True
RV-003451,PR-01151,3,65.4,2026-08-11,True
RV-003452,PR-01151,4,55.2,2025-11-09,True
RV-003453,PR-01151,4,60.7,2025-04-21,False
RV-003454,PR-01152,3,44.5,2026-07-25,False
RV-003455,PR-01152,3,55.4,2025-04-24,False
RV-003456,PR-01152,3,51.9,2026-04-26,True
RV-003457,PR-01153,3,41.8,2025-06-21,False
RV-003458,PR-01153,3,44.9,2026-01-01,False
RV-003459,PR-01153,3,47.3,2026-08-25,False
RV-003460,PR-01154,4,49.1,2025-03-09,True
RV-003461,PR-01154,3,52.6,2025-03-23,True
RV-003462,PR-01154,4,53.9,2026-02-03,True
RV-003463,PR-01155,3,84.3,2025-06-06,False
RV-003464,PR-01155,4,78.8,2025-01-20,False
RV-003465,PR-01155,5,80.8,2024-09-11,True
RV-003466,PR-01156,3,57.7,2026-07-17,True
RV-003467,PR-01156,3,43.8,2026-03-18,True
RV-003468,PR-01156,3,41.9,2025-11-18,True
RV-003469,PR-01157,4,70.5,2025-11-28,True
RV-003470,PR-01157,4,62.1,2025-12-09,True
RV-003471,PR-01157,3,61.5,2025-08-01,True
RV-003472,PR-01158,4,64.9,2026-02-10,True
RV-003473,PR-01158,4,61.5,2026-05-11,False
RV-003474,PR-01158,4,66.4,2025-05-23,False
RV-003475,PR-01159,2,21.2,2025-09-06,True
RV-003476,PR-01159,2,14.9,2024-09-21,True
RV-003477,PR-01159,2,21.9,2025-08-24,True
RV-003478,PR-01160,4,74.0,2026-07-22,False
RV-003479,PR-01160,4,83.0,2024-10-16,True
RV-003480,PR-01160,4,87.6,2024-12-16,True
RV-003481,PR-01161,4,53.0,2025-01-12,True
RV-003482,PR-01161,3,53.6,2025-01-17,False
RV-003483,PR-01161,3,56.1,2025-03-07,False
RV-003484,PR-01162,3,63.2,2025-11-13,True
RV-003485,PR-01162,3,59.3,2026-04-14,False
RV-003486,PR-01162,4,69.8,2025-04-04,True
RV-003487,PR-01163,4,55.7,2024-11-27,False
RV-003488,PR-01163,4,65.9,2025-04-07,False
RV-003489,PR-01163,3,63.6,2024-10-13,False
RV-003490,PR-01164,2,36.7,2025-11-02,False
RV-003491,PR-01164,3,27.7,2025-01-26,True
RV-003492,PR-01164,3,19.4,2025-12-10,False
RV-003493,PR-01165,2,45.2,2026-08-16,True
RV-003494,PR-01165,3,27.6,2026-06-26,False
RV-003495,PR-01165,3,39.4,2025-01-22,True
RV-003496,PR-01166,4,61.1,2025-07-02,False
RV-003497,PR-01166,3,69.3,2025-06-26,True
RV-003498,PR-01166,4,60.9,2026-06-06,True
RV-003499,PR-01167,2,43.9,2026-07-19,False
RV-003500,PR-01167,2,43.6,2026-01-10,True
RV-003501,PR-01167,3,44.0,2025-08-18,True
RV-003502,PR-01168,3,65.9,2025-04-18,False
RV-003503,PR-01168,3,62.1,2026-03-29,False
RV-003504,PR-01168,3,73.2,2026-03-24,False
RV-003505,PR-01169,3,53.5,2026-07-04,True
RV-003506,PR-01169,4,56.5,2026-09-02,True
RV-003507,PR-01169,4,48.0,2025-12-15,True
RV-003508,PR-01170,5,71.9,2025-08-06,True
RV-003509,PR-01170,5,81.6,2026-05-31,False
RV-003510,PR-01170,4,99.8,2025-01-29,False
RV-003511,PR-01171,3,35.4,2026-05-05,False
RV-003512,PR-01171,4,50.7,2025-01-08,False
RV-003513,PR-01171,2,45.9,2025-05-31,False
RV-003514,PR-01172,2,31.2,2025-10-05,False
RV-003515,PR-01172,2,32.5,2025-03-02,True
RV-003516,PR-01172,2,31.8,2026-01-14,True
RV-003517,PR-01173,3,51.7,2026-03-05,False
RV-003518,PR-01173,4,55.2,2026-03-06,False
RV-003519,PR-01173,4,53.2,2026-09-08,False
RV-003520,PR-01174,5,99.4,2025-11-25,False
RV-003521,PR-01174,5,100.0,2025-04-27,False
RV-003522,PR-01174,4,81.3,2025-03-31,True
RV-003523,PR-01175,2,41.5,2026-05-20,True
RV-003524,PR-01175,3,30.5,2025-03-11,False
RV-003525,PR-01175,2,30.1,2026-04-24,True
RV-003526,PR-01176,5,64.0,2025-10-26,False
RV-003527,PR-01176,4,51.4,2026-04-10,False
RV-003528,PR-01176,3,66.4,2025-10-18,True
RV-003529,PR-01177,3,58.4,2026-03-14,False
RV-003530,PR-01177,3,52.3,2025-09-30,True
RV-003531,PR-01177,3,53.4,2025-03-03,True
RV-003532,PR-01178,4,72.1,2026-01-05,False
RV-003533,PR-01178,3,73.8,2025-07-26,True
RV-003534,PR-01178,4,75.7,2025-09-01,False
RV-003535,PR-01179,3,53.7,2026-01-28,False
RV-003536,PR-01179,3,63.5,2025-10-12,False
RV-003537,PR-01179,3,68.3,2024-10-02,False
RV-003538,PR-01180,2,41.7,2025-10-03,True
RV-003539,PR-01180,3,42.2,2026-07-05,True
RV-003540,PR-01180,2,50.2,2025-03-26,True
RV-003541,PR-01181,2,24.3,2025-11-08,True
RV-003542,PR-01181,2,31.1,2025-10-29,True
RV-003543,PR-01181,2,25.3,2025-04-21,True
RV-003544,PR-01182,3,64.8,2026-06-03,True
RV-003545,PR-01182,4,62.9,2026-08-03,True
RV-003546,PR-01182,4,63.0,2026-03-14,True
RV-003547,PR-01183,4,79.6,2026-05-21,True
RV-003548,PR-01183,4,82.0,2026-08-07,True
RV-003549,PR-01183,4,80.4,2026-01-31,False
RV-003550,PR-01184,2,42.9,2026-02-08,True
RV-003551,PR-01184,3,48.8,2025-04-06,True
RV-003552,PR-01184,2,25.2,2026-05-09,False
RV-003553,PR-01185,3,48.8,2026-04-19,True
RV-003554,PR-01185,3,45.6,2025-07-03,False
RV-003555,PR-01185,3,60.0,2026-08-18,False
RV-003556,PR-01186,3,44.7,2024-12-20,True
RV-003557,PR-01186,3,41.1,2025-09-30,False
RV-003558,PR-01186,3,47.8,2026-01-24,True
RV-003559,PR-01187,5,93.5,2025-04-27,True
RV-003560,PR-01187,5,100.0,2025-02-09,True
RV-003561,PR-01187,4,91.9,2025-07-16,False
RV-003562,PR-01188,4,69.5,2026-07-31,False
RV-003563,PR-01188,4,72.3,2024-10-04,False
RV-003564,PR-01188,3,76.0,2026-02-14,True
RV-003565,PR-01189,4,59.5,2026-07-23,False
RV-003566,PR-01189,4,71.7,2025-03-10,True
RV-003567,PR-01189,4,67.1,2024-10-21,True
RV-003568,PR-01190,3,39.1,2026-01-21,True
RV-003569,PR-01190,2,43.7,2026-04-14,False
RV-003570,PR-01190,3,26.6,2024-10-14,False
RV-003571,PR-01191,3,60.2,2026-02-23,False
RV-003572,PR-01191,3,67.0,2024-09-20,True
RV-003573,PR-01191,4,62.1,2025-02-07,False
RV-003574,PR-01192,2,35.3,2024-09-26,False
RV-003575,PR-01192,2,29.0,2025-09-20,True
RV-003576,PR-01192,2,29.7,2025-07-28,False
RV-003577,PR-01193,3,65.7,2025-09-30,False
RV-003578,PR-01193,4,45.6,2025-06-02,True
RV-003579,PR-01193,4,64.6,2025-03-28,False
RV-003580,PR-01194,3,45.8,2026-01-15,True
RV-003581,PR-01194,2,53.2,2025-05-12,False
RV-003582,PR-01194,3,44.2,2025-10-28,False
RV-003583,PR-01195,3,77.2,2026-06-28,False
RV-003584,PR-01195,4,73.6,2026-06-21,False
RV-003585,PR-01195,3,68.2,2025-08-07,False
RV-003586,PR-01196,3,45.3,2025-09-04,False
RV-003587,PR-01196,3,55.4,2026-07-22,False
RV-003588,PR-01196,3,58.2,2025-01-16,True
RV-003589,PR-01197,5,100.0,2026-01-31,False
RV-003590,PR-01197,5,93.4,2025-05-22,True
RV-003591,PR-01197,5,92.7,2026-05-28,True
RV-003592,PR-01198,3,44.7,2026-02-22,True
RV-003593,PR-01198,2,43.0,2024-12-23,False
RV-003594,PR-01198,3,40.2,2025-08-24,True
RV-003595,PR-01199,3,42.7,2025-10-20,True
RV-003596,PR-01199,2,40.2,2026-01-07,True
RV-003597,PR-01199,3,44.4,2026-08-10,False
RV-003598,PR-01200,3,55.6,2025-11-02,False
RV-003599,PR-01200,4,64.2,2026-04-18,True
RV-003600,PR-01200,2,54.3,2026-06-08,False
RV-003601,PR-01201,1,25.1,2026-04-26,True
RV-003602,PR-01201,2,36.8,2025-06-09,False
RV-003603,PR-01201,3,32.2,2025-11-26,True
RV-003604,PR-01202,2,30.9,2025-03-18,False
RV-003605,PR-01202,2,25.9,2025-03-31,True
RV-003606,PR-01202,2,28.9,2025-05-03,False
RV-003607,PR-01203,3,71.5,2025-05-25,False
RV-003608,PR-01203,3,53.6,2024-12-10,True
RV-003609,PR-01203,3,48.7,2025-07-19,False
RV-003610,PR-01204,4,64.7,2025-10-08,True
RV-003611,PR-01204,4,66.8,2026-06-05,True
RV-003612,PR-01204,3,59.0,2025-03-13,False
RV-003613,PR-01205,4,64.4,2025-02-20,True
RV-003614,PR-01205,4,75.4,2025-05-20,True
RV-003615,PR-01205,3,71.9,2025-10-21,False
RV-003616,PR-01206,3,52.6,2024-11-12,True
RV-003617,PR-01206,3,48.1,2024-12-17,False
RV-003618,PR-01206,3,39.3,2026-03-28,False
RV-003619,PR-01207,3,44.3,2025-01-06,False
RV-003620,PR-01207,3,54.8,2025-05-29,True
RV-003621,PR-01207,3,55.2,2025-12-25,True
RV-003622,PR-01208,4,68.9,2025-01-13,False
RV-003623,PR-01208,4,68.4,2026-04-05,False
RV-003624,PR-01208,4,58.7,2025-10-13,False
RV-003625,PR-01209,3,25.2,2026-04-18,False
RV-003626,PR-01209,2,31.0,2026-08-03,False
RV-003627,PR-01209,3,30.6,2025-10-28,True
RV-003628,PR-01210,3,62.3,2026-08-25,True
RV-003629,PR-01210,4,57.4,2024-12-07,False
RV-003630,PR-01210,4,69.0,2026-09-11,True
RV-003631,PR-01211,3,24.7,2024-09-16,False
RV-003632,PR-01211,2,26.1,2026-08-29,False
RV-003633,PR-01211,2,14.7,2025-07-17,False
RV-003634,PR-01212,3,39.1,2024-10-31,True
RV-003635,PR-01212,3,67.3,2025-12-03,True
RV-003636,PR-01212,3,58.7,2026-02-02,True
RV-003637,PR-01213,3,47.3,2025-01-10,False
RV-003638,PR-01213,3,48.9,2025-11-25,False
RV-003639,PR-01213,3,52.6,2025-06-14,False
RV-003640,PR-01214,4,63.9,2025-05-31,False
RV-003641,PR-01214,3,54.3,2026-06-12,False
RV-003642,PR-01214,3,58.9,2025-02-05,True
RV-003643,PR-01215,2,29.7,2025-07-03,False
RV-003644,PR-01215,3,42.6,2026-02-08,True
RV-003645,PR-01215,2,32.5,2025-12-12,True
RV-003646,PR-01216,2,16.6,2025-08-14,True
RV-003647,PR-01216,2,24.8,2025-07-06,False
RV-003648,PR-01216,1,17.1,2024-12-14,True
RV-003649,PR-01217,4,81.0,2026-06-12,False
RV-003650,PR-01217,4,84.0,2025-07-11,False
RV-003651,PR-01217,4,79.1,2025-09-06,False
RV-003652,PR-01218,4,76.9,2026-06-23,False
RV-003653,PR-01218,4,78.7,2025-03-07,False
RV-003654,PR-01218,5,92.0,2025-08-12,True
RV-003655,PR-01219,4,49.3,2026-06-30,False
RV-003656,PR-01219,3,67.7,2025-10-22,True
RV-003657,PR-01219,3,60.1,2026-06-21,False
RV-003658,PR-01220,4,63.9,2025-10-27,True
RV-003659,PR-01220,4,63.9,2026-01-05,False
RV-003660,PR-01220,3,66.9,2026-02-07,True
RV-003661,PR-01221,3,40.1,2026-04-11,False
RV-003662,PR-01221,2,50.3,2026-08-12,False
RV-003663,PR-01221,3,40.7,2024-11-27,False
RV-003664,PR-01222,4,79.0,2025-09-12,False
RV-003665,PR-01222,4,56.2,2025-03-12,False
RV-003666,PR-01222,4,66.8,2026-05-19,True
RV-003667,PR-01223,3,47.2,2025-07-03,False
RV-003668,PR-01223,2,33.1,2025-01-07,True
RV-003669,PR-01223,3,55.3,2025-12-08,False
RV-003670,PR-01224,3,52.9,2026-02-23,True
RV-003671,PR-01224,3,48.8,2025-09-14,False
RV-003672,PR-01224,3,43.7,2026-06-23,True
RV-003673,PR-01225,3,54.0,2026-02-17,True
RV-003674,PR-01225,3,60.5,2026-09-04,False
RV-003675,PR-01225,3,50.5,2026-03-04,False
RV-003676,PR-01226,3,66.9,2026-03-28,True
RV-003677,PR-01226,4,61.4,2025-02-20,False
RV-003678,PR-01226,3,72.7,2025-04-11,True
RV-003679,PR-01227,4,47.4,2026-07-23,True
RV-003680,PR-01227,3,36.5,2025-04-07,False
RV-003681,PR-01227,3,45.4,2025-10-05,True
RV-003682,PR-01228,4,71.6,2025-07-28,True
RV-003683,PR-01228,4,67.4,2025-06-05,False
RV-003684,PR-01228,4,84.6,2025-03-16,False
RV-003685,PR-01229,3,52.1,2025-04-23,True
RV-003686,PR-01229,4,56.6,2026-06-25,True
RV-003687,PR-01229,3,61.6,2025-08-03,True
RV-003688,PR-01230,3,76.9,2025-04-01,False
RV-003689,PR-01230,4,67.8,2025-02-12,True
RV-003690,PR-01230,4,63.7,2025-09-30,True
RV-003691,PR-01231,3,54.3,2025-03-06,False
RV-003692,PR-01231,4,64.2,2026-06-20,False
RV-003693,PR-01231,4,57.3,2026-04-22,False
RV-003694,PR-01232,3,57.7,2026-04-22,False
RV-003695,PR-01232,4,52.0,2025-06-13,False
RV-003696,PR-01232,4,37.0,2026-06-11,False
RV-003697,PR-01233,3,48.4,2026-07-22,True
RV-003698,PR-01233,3,47.1,2026-06-24,False
RV-003699,PR-01233,3,54.1,2025-06-16,False
RV-003700,PR-01234,3,54.3,2025-12-13,True
RV-003701,PR-01234,2,47.2,2026-02-07,True
RV-003702,PR-01234,2,38.8,2026-07-27,True
RV-003703,PR-01235,4,57.6,2026-03-05,False
RV-003704,PR-01235,5,65.0,2025-03-23,False
RV-003705,PR-01235,4,62.1,2026-05-05,True
RV-003706,PR-01236,3,22.2,2026-02-06,True
RV-003707,PR-01236,1,19.9,2025-12-16,False
RV-003708,PR-01236,2,20.8,2026-02-11,False
RV-003709,PR-01237,4,61.5,2025-12-21,True
RV-003710,PR-01237,3,47.3,2025-12-22,True
RV-003711,PR-01237,4,69.9,2026-02-12,False
RV-003712,PR-01238,3,42.7,2024-11-26,True
RV-003713,PR-01238,2,40.7,2025-01-03,True
RV-003714,PR-01238,3,46.3,2025-11-17,False
RV-003715,PR-01239,3,54.0,2025-07-24,False
RV-003716,PR-01239,3,65.6,2025-01-29,False
RV-003717,PR-01239,2,64.5,2025-01-24,True
RV-003718,PR-01240,2,26.9,2024-11-12,False
RV-003719,PR-01240,2,35.2,2026-05-18,True
RV-003720,PR-01240,2,21.0,2026-08-03,False
RV-003721,PR-01241,4,49.0,2025-08-17,True
RV-003722,PR-01241,2,49.0,2024-09-30,False
RV-003723,PR-01241,3,53.4,2026-01-17,True
RV-003724,PR-01242,3,58.1,2025-08-21,True
RV-003725,PR-01242,3,65.8,2024-11-20,False
RV-003726,PR-01242,3,71.5,2025-05-21,True
RV-003727,PR-01243,3,36.7,2025-12-08,True
RV-003728,PR-01243,2,54.5,2024-12-17,True
RV-003729,PR-01243,3,47.1,2025-05-10,False
RV-003730,PR-01244,4,69.4,2025-09-21,False
RV-003731,PR-01244,4,54.7,2026-02-05,True
RV-003732,PR-01244,4,60.7,2024-12-02,False
RV-003733,PR-01245,3,60.1,2026-05-08,True
RV-003734,PR-01245,2,56.3,2024-10-11,False
RV-003735,PR-01245,3,50.6,2025-04-20,True
RV-003736,PR-01246,2,28.2,2025-04-27,True
RV-003737,PR-01246,1,36.7,2026-02-04,False
RV-003738,PR-01246,2,31.6,2024-11-16,True
RV-003739,PR-01247,3,49.7,2026-02-14,False
RV-003740,PR-01247,3,51.6,2026-02-01,False
RV-003741,PR-01247,3,54.3,2026-05-02,True
RV-003742,PR-01248,3,63.4,2025-11-13,True
RV-003743,PR-01248,3,47.8,2025-04-26,False
RV-003744,PR-01248,3,45.7,2025-06-24,True
RV-003745,PR-01249,3,23.7,2026-06-02,False
RV-003746,PR-01249,2,33.1,2025-04-16,False
RV-003747,PR-01249,2,54.5,2026-09-04,True
RV-003748,PR-01250,1,0.0,2025-07-19,False
RV-003749,PR-01250,1,0.0,2025-04-15,True
RV-003750,PR-01250,2,10.9,2024-12-16,False
RV-003751,PR-01251,4,68.1,2026-07-16,False
RV-003752,PR-01251,4,76.0,2026-05-10,True
RV-003753,PR-01251,4,65.0,2026-01-15,True
RV-003754,PR-01252,2,35.0,2025-06-26,True
RV-003755,PR-01252,2,21.8,2025-02-03,False
RV-003756,PR-01252,3,39.3,2025-09-30,False
RV-003757,PR-01253,3,63.4,2026-08-01,True
RV-003758,PR-01253,2,56.8,2025-04-20,False
RV-003759,PR-01253,3,68.2,2025-06-30,True
RV-003760,PR-01254,5,78.3,2025-11-24,True
RV-003761,PR-01254,5,85.2,2025-06-02,False
RV-003762,PR-01254,4,88.3,2026-09-07,False
RV-003763,PR-01255,4,63.3,2025-05-10,False
RV-003764,PR-01255,4,67.7,2026-06-02,False
RV-003765,PR-01255,4,68.9,2026-06-23,True
RV-003766,PR-01256,3,63.0,2024-12-29,False
RV-003767,PR-01256,3,60.9,2026-02-22,True
RV-003768,PR-01256,3,59.6,2025-08-31,False
RV-003769,PR-01257,3,59.0,2025-08-21,False
RV-003770,PR-01257,4,71.7,2025-05-14,True
RV-003771,PR-01257,4,69.5,2025-09-25,False
RV-003772,PR-01258,5,100.0,2026-04-14,False
RV-003773,PR-01258,5,90.6,2025-02-24,False
RV-003774,PR-01258,5,94.7,2025-03-16,False
RV-003775,PR-01259,2,11.4,2025-09-24,False
RV-003776,PR-01259,2,7.1,2025-07-05,False
RV-003777,PR-01259,2,19.0,2026-05-13,False
RV-003778,PR-01260,4,67.4,2025-04-24,False
RV-003779,PR-01260,4,57.5,2026-01-20,True
RV-003780,PR-01260,4,57.6,2024-09-24,False
RV-003781,PR-01261,3,38.3,2024-10-18,False
RV-003782,PR-01261,2,44.4,2026-04-21,False
RV-003783,PR-01261,3,59.5,2026-02-22,False
RV-003784,PR-01262,3,47.4,2026-07-27,True
RV-003785,PR-01262,3,50.1,2025-04-02,False
RV-003786,PR-01262,4,46.6,2025-09-27,True
RV-003787,PR-01263,4,73.6,2026-06-05,True
RV-003788,PR-01263,4,81.7,2026-09-01,False
RV-003789,PR-01263,4,86.2,2025-03-02,True
RV-003790,PR-01264,4,62.0,2024-12-11,False
RV-003791,PR-01264,4,75.0,2024-09-29,True
RV-003792,PR-01264,3,68.4,2024-11-06,True
RV-003793,PR-01265,4,49.3,2025-06-01,True
RV-003794,PR-01265,3,55.1,2026-08-31,False
RV-003795,PR-01265,3,69.0,2024-09-17,True
RV-003796,PR-01266,4,56.4,2026-02-14,True
RV-003797,PR-01266,3,59.1,2025-08-11,False
RV-003798,PR-01266,4,67.0,2025-05-17,True
RV-003799,PR-01267,4,61.4,2026-08-08,True
RV-003800,PR-01267,4,74.2,2025-07-23,False
RV-003801,PR-01267,4,51.4,2025-02-08,True
RV-003802,PR-01268,2,33.4,2025-03-22,False
RV-003803,PR-01268,2,28.0,2025-05-28,False
RV-003804,PR-01268,2,32.0,2025-05-19,True
RV-003805,PR-01269,2,12.0,2025-08-05,False
RV-003806,PR-01269,2,29.3,2025-05-06,False
RV-003807,PR-01269,1,10.1,2026-04-03,True
RV-003808,PR-01270,3,48.0,2025-03-18,False
RV-003809,PR-01270,3,53.2,2025-10-22,False
RV-003810,PR-01270,3,49.3,2024-10-19,True
RV-003811,PR-01271,4,83.2,2025-01-09,True
RV-003812,PR-01271,4,83.9,2024-12-23,True
RV-003813,PR-01271,4,74.3,2026-06-29,False
RV-003814,PR-01272,3,46.0,2024-11-03,False
RV-003815,PR-01272,4,39.8,2026-03-27,True
RV-003816,PR-01272,3,54.2,2025-04-04,True
RV-003817,PR-01273,2,33.6,2025-08-10,True
RV-003818,PR-01273,2,31.2,2025-11-19,True
RV-003819,PR-01273,3,44.7,2025-05-14,False
RV-003820,PR-01274,4,80.1,2025-08-13,True
RV-003821,PR-01274,4,78.7,2026-02-18,True
RV-003822,PR-01274,5,79.4,2025-06-13,True
RV-003823,PR-01275,4,73.9,2025-12-26,True
RV-003824,PR-01275,4,78.8,2025-04-14,True
RV-003825,PR-01275,3,71.8,2024-10-06,False
RV-003826,PR-01276,3,50.1,2026-03-26,True
RV-003827,PR-01276,4,55.8,2025-07-03,False
RV-003828,PR-01276,3,55.4,2024-11-25,True
RV-003829,PR-01277,3,36.2,2026-06-26,True
RV-003830,PR-01277,2,29.9,2025-03-03,True
RV-003831,PR-01277,2,27.6,2026-07-28,True
RV-003832,PR-01278,3,43.3,2025-03-24,True
RV-003833,PR-01278,3,43.8,2025-10-20,False
RV-003834,PR-01278,2,54.5,2025-12-04,False
RV-003835,PR-01279,4,62.7,2025-09-07,True
RV-003836,PR-01279,3,72.2,2025-04-24,True
RV-003837,PR-01279,3,73.3,2024-09-21,False
RV-003838,PR-01280,3,55.2,2026-01-29,False
RV-003839,PR-01280,3,55.2,2026-06-18,True
RV-003840,PR-01280,4,42.6,2026-04-27,True
RV-003841,PR-01281,4,61.0,2025-04-11,False
RV-003842,PR-01281,2,52.4,2025-12-26,True
RV-003843,PR-01281,4,56.8,2025-12-08,True
RV-003844,PR-01282,4,80.0,2026-01-08,True
RV-003845,PR-01282,4,86.0,2025-05-30,False
RV-003846,PR-01282,5,83.2,2025-01-01,True
RV-003847,PR-01283,3,42.5,2025-07-05,True
RV-003848,PR-01283,3,44.4,2025-11-25,False
RV-003849,PR-01283,3,44.1,2025-08-20,False
RV-003850,PR-01284,3,41.6,2024-11-01,True
RV-003851,PR-01284,3,30.4,2026-07-12,False
RV-003852,PR-01284,2,45.3,2025-11-20,True
RV-003853,PR-01285,4,80.9,2025-02-19,True
RV-003854,PR-01285,4,84.3,2025-04-12,False
RV-003855,PR-01285,4,87.6,2026-08-17,True
RV-003856,PR-01286,2,38.0,2025-02-18,False
RV-003857,PR-01286,2,29.4,2025-02-01,True
RV-003858,PR-01286,2,26.9,2025-01-08,True
RV-003859,PR-01287,3,50.1,2025-06-15,False
RV-003860,PR-01287,3,57.4,2026-05-14,False
RV-003861,PR-01287,3,38.9,2025-11-25,False
RV-003862,PR-01288,2,25.1,2025-10-23,False
RV-003863,PR-01288,3,26.3,2026-03-26,False
RV-003864,PR-01288,2,40.2,2025-10-23,True
RV-003865,PR-01289,3,37.7,2025-06-13,True
RV-003866,PR-01289,3,39.3,2025-11-21,True
RV-003867,PR-01289,2,44.5,2026-06-14,True
RV-003868,PR-01290,4,61.0,2026-08-21,False
RV-003869,PR-01290,3,66.9,2026-01-29,False
RV-003870,PR-01290,4,67.2,2025-07-16,True
RV-003871,PR-01291,4,84.6,2024-12-27,True
RV-003872,PR-01291,4,80.3,2025-09-23,False
RV-003873,PR-01291,4,90.4,2025-10-23,True
RV-003874,PR-01292,3,48.6,2026-07-28,False
RV-003875,PR-01292,4,53.0,2026-02-07,True
RV-003876,PR-01292,3,53.9,2024-12-09,True
RV-003877,PR-01293,4,80.7,2026-08-31,True
RV-003878,PR-01293,4,68.3,2026-07-10,False
RV-003879,PR-01293,5,81.2,2026-06-17,False
RV-003880,PR-01294,3,44.1,2025-05-04,True
RV-003881,PR-01294,3,49.9,2024-11-17,True
RV-003882,PR-01294,2,41.9,2025-07-13,True
RV-003883,PR-01295,3,64.8,2025-09-24,False
RV-003884,PR-01295,3,45.3,2025-12-29,True
RV-003885,PR-01295,3,58.4,2026-02-14,True
RV-003886,PR-01296,3,49.1,2026-03-06,True
RV-003887,PR-01296,4,47.2,2026-07-14,True
RV-003888,PR-01296,4,55.2,2026-04-25,False
RV-003889,PR-01297,5,89.7,2025-06-23,False
RV-003890,PR-01297,5,75.4,2026-06-14,True
RV-003891,PR-01297,5,82.4,2026-01-21,True
RV-003892,PR-01298,4,82.9,2025-12-21,True
RV-003893,PR-01298,5,87.2,2025-04-12,True
RV-003894,PR-01298,4,80.0,2026-04-17,False
RV-003895,PR-01299,2,26.9,2025-06-10,False
RV-003896,PR-01299,3,35.2,2025-01-25,True
RV-003897,PR-01299,2,33.6,2026-07-16,True
RV-003898,PR-01300,3,56.9,2024-09-28,True
RV-003899,PR-01300,3,54.5,2025-03-31,True
RV-003900,PR-01300,4,57.5,2026-08-31,False
RV-003901,PR-01301,3,60.6,2025-06-18,False
RV-003902,PR-01301,3,71.0,2026-05-12,True
RV-003903,PR-01301,3,60.2,2025-06-30,True
RV-003904,PR-01302,2,29.0,2025-02-01,False
RV-003905,PR-01302,2,41.1,2025-10-05,False
RV-003906,PR-01302,2,45.6,2025-09-18,False
RV-003907,PR-01303,5,69.8,2025-04-29,True
RV-003908,PR-01303,4,79.9,2026-01-03,True
RV-003909,PR-01303,4,68.1,2026-01-30,True
RV-003910,PR-01304,2,32.0,2025-07-24,True
RV-003911,PR-01304,3,50.0,2024-10-22,True
RV-003912,PR-01304,3,38.4,2025-10-29,True
RV-003913,PR-01305,3,54.5,2025-05-01,False
RV-003914,PR-01305,3,53.5,2025-04-01,False
RV-003915,PR-01305,3,52.8,2025-05-19,True
RV-003916,PR-01306,2,44.5,2025-10-27,True
RV-003917,PR-01306,3,40.2,2026-08-26,True
RV-003918,PR-01306,2,44.4,2025-03-13,True
RV-003919,PR-01307,4,85.6,2024-10-29,True
RV-003920,PR-01307,5,79.7,2025-05-22,True
RV-003921,PR-01307,5,81.3,2026-02-15,True
RV-003922,PR-01308,4,64.1,2025-11-28,True
RV-003923,PR-01308,4,82.0,2024-10-08,False
RV-003924,PR-01308,4,76.6,2025-08-22,True
RV-003925,PR-01309,3,41.3,2025-01-31,True
RV-003926,PR-01309,3,41.3,2025-11-07,False
RV-003927,PR-01309,2,50.5,2025-05-18,True
RV-003928,PR-01310,3,58.0,2025-04-11,True
RV-003929,PR-01310,3,58.9,2025-04-01,False
RV-003930,PR-01310,3,53.2,2026-01-25,True
RV-003931,PR-01311,3,63.4,2025-08-29,False
RV-003932,PR-01311,4,70.9,2026-01-24,False
RV-003933,PR-01311,4,71.7,2025-08-15,False
RV-003934,PR-01312,3,49.6,2024-10-11,False
RV-003935,PR-01312,3,35.9,2024-12-21,False
RV-003936,PR-01312,3,53.2,2026-06-22,False
RV-003937,PR-01313,2,31.6,2026-03-19,True
RV-003938,PR-01313,2,52.7,2026-08-02,True
RV-003939,PR-01313,3,35.4,2026-07-24,False
RV-003940,PR-01314,2,40.4,2024-10-26,True
RV-003941,PR-01314,1,35.8,2025-06-08,False
RV-003942,PR-01314,2,41.9,2025-03-02,True
RV-003943,PR-01315,4,77.8,2024-11-24,True
RV-003944,PR-01315,4,87.0,2025-06-29,False
RV-003945,PR-01315,4,89.6,2026-07-04,False
RV-003946,PR-01316,4,56.1,2025-01-24,False
RV-003947,PR-01316,3,60.7,2026-04-25,False
RV-003948,PR-01316,3,53.7,2025-05-29,True
RV-003949,PR-01317,3,37.4,2024-10-13,False
RV-003950,PR-01317,2,40.9,2025-08-26,True
RV-003951,PR-01317,3,27.0,2025-03-29,False
RV-003952,PR-01318,5,100.0,2025-10-29,False
RV-003953,PR-01318,5,94.5,2025-05-12,True
RV-003954,PR-01318,4,91.7,2025-09-22,True
RV-003955,PR-01319,3,39.4,2025-01-16,True
RV-003956,PR-01319,2,35.6,2026-05-29,False
RV-003957,PR-01319,3,36.2,2026-06-20,False
RV-003958,PR-01320,3,44.9,2025-12-30,True
RV-003959,PR-01320,3,57.2,2025-09-27,True
RV-003960,PR-01320,4,52.1,2025-11-20,False
RV-003961,PR-01321,3,45.0,2025-05-03,False
RV-003962,PR-01321,3,51.3,2024-12-08,False
RV-003963,PR-01321,3,59.4,2026-04-05,True
RV-003964,PR-01322,3,58.8,2026-01-25,False
RV-003965,PR-01322,3,55.8,2026-08-18,True
RV-003966,PR-01322,4,62.9,2026-03-18,True
RV-003967,PR-01323,2,22.3,2025-11-03,False
RV-003968,PR-01323,2,13.3,2025-11-01,True
RV-003969,PR-01323,1,18.1,2025-07-07,False
RV-003970,PR-01324,3,50.5,2025-03-03,False
RV-003971,PR-01324,2,45.8,2026-06-30,False
RV-003972,PR-01324,3,48.0,2025-11-07,True
RV-003973,PR-01325,3,36.1,2026-05-03,True
RV-003974,PR-01325,3,34.8,2025-08-27,True
RV-003975,PR-01325,3,39.5,2024-10-21,False
RV-003976,PR-01326,2,25.6,2025-01-25,False
RV-003977,PR-01326,3,37.7,2025-08-04,False
RV-003978,PR-01326,2,37.4,2025-07-29,False
RV-003979,PR-01327,3,70.7,2026-02-04,True
RV-003980,PR-01327,5,66.4,2026-08-13,False
RV-003981,PR-01327,4,83.2,2025-02-21,False
RV-003982,PR-01328,4,51.6,2024-10-15,True
RV-003983,PR-01328,4,56.1,2026-01-05,False
RV-003984,PR-01328,3,55.9,2024-12-15,False
RV-003985,PR-01329,4,73.7,2026-03-08,True
RV-003986,PR-01329,4,75.4,2025-08-18,True
RV-003987,PR-01329,4,65.0,2026-08-26,True
RV-003988,PR-01330,3,66.9,2025-08-29,False
RV-003989,PR-01330,4,74.3,2025-06-16,True
RV-003990,PR-01330,4,76.4,2025-09-12,True
RV-003991,PR-01331,3,60.7,2025-05-03,True
RV-003992,PR-01331,3,59.5,2024-09-18,True
RV-003993,PR-01331,3,47.5,2026-02-22,True
RV-003994,PR-01332,3,44.8,2025-12-03,True
RV-003995,PR-01332,2,52.4,2025-04-26,False
RV-003996,PR-01332,3,49.6,2026-05-17,True
RV-003997,PR-01333,4,63.7,2026-02-16,True
RV-003998,PR-01333,4,70.2,2026-05-02,False
RV-003999,PR-01333,3,63.8,2024-11-26,True
RV-004000,PR-01334,4,73.0,2026-01-18,True
RV-004001,PR-01334,4,88.7,2025-11-27,False
RV-004002,PR-01334,4,82.0,2025-06-30,False
RV-004003,PR-01335,3,35.7,2026-06-10,True
RV-004004,PR-01335,3,40.2,2025-12-21,False
RV-004005,PR-01335,3,48.6,2026-09-09,True
RV-004006,PR-01336,3,59.0,2026-07-16,True
RV-004007,PR-01336,3,64.8,2026-01-22,False
RV-004008,PR-01336,3,68.8,2026-02-16,False
RV-004009,PR-01337,5,93.6,2025-08-25,False
RV-004010,PR-01337,5,95.7,2026-03-25,False
RV-004011,PR-01337,5,93.0,2025-08-17,False
RV-004012,PR-01338,2,19.0,2025-04-03,False
RV-004013,PR-01338,2,24.3,2025-06-26,False
RV-004014,PR-01338,3,27.9,2025-05-17,False
RV-004015,PR-01339,4,79.9,2026-06-22,True
RV-004016,PR-01339,4,73.1,2024-10-14,True
RV-004017,PR-01339,3,74.2,2025-02-23,True
RV-004018,PR-01340,3,64.6,2026-03-23,True
RV-004019,PR-01340,3,45.2,2025-10-11,False
RV-004020,PR-01340,3,39.6,2026-08-07,False
RV-004021,PR-01341,4,89.9,2026-05-14,True
RV-004022,PR-01341,5,76.9,2025-04-08,False
RV-004023,PR-01341,5,86.8,2026-06-14,False
RV-004024,PR-01342,2,23.1,2025-10-03,True
RV-004025,PR-01342,2,28.8,2024-11-09,False
RV-004026,PR-01342,2,24.9,2024-10-31,False
RV-004027,PR-01343,4,69.5,2025-04-06,True
RV-004028,PR-01343,5,80.0,2026-02-13,True
RV-004029,PR-01343,4,96.6,2025-12-09,False
RV-004030,PR-01344,2,21.9,2025-01-16,True
RV-004031,PR-01344,2,41.2,2025-11-03,False
RV-004032,PR-01344,3,43.8,2026-06-29,False
RV-004033,PR-01345,3,68.6,2025-06-02,True
RV-004034,PR-01345,3,55.2,2026-07-28,False
RV-004035,PR-01345,4,55.0,2026-08-05,True
RV-004036,PR-01346,4,36.2,2025-10-16,False
RV-004037,PR-01346,2,46.5,2025-10-31,True
RV-004038,PR-01346,2,35.0,2026-01-20,False
RV-004039,PR-01347,3,56.7,2024-10-21,True
RV-004040,PR-01347,3,53.9,2026-01-04,False
RV-004041,PR-01347,3,61.8,2026-05-06,True
RV-004042,PR-01348,3,61.0,2026-04-18,True
RV-004043,PR-01348,4,64.0,2026-06-13,False
RV-004044,PR-01348,3,58.3,2026-02-08,True
RV-004045,PR-01349,3,78.7,2025-03-26,True
RV-004046,PR-01349,3,76.2,2025-06-03,False
RV-004047,PR-01349,4,58.1,2025-04-10,True
RV-004048,PR-01350,3,67.6,2026-04-27,False
RV-004049,PR-01350,4,58.7,2025-04-15,True
RV-004050,PR-01350,3,62.6,2025-04-01,False
RV-004051,PR-01351,4,73.7,2025-09-15,True
RV-004052,PR-01351,5,70.9,2025-12-13,False
RV-004053,PR-01351,4,82.0,2025-07-24,False
RV-004054,PR-01352,2,51.7,2026-01-24,False
RV-004055,PR-01352,3,43.5,2026-05-02,True
RV-004056,PR-01352,3,48.7,2025-09-13,False
RV-004057,PR-01353,4,66.4,2026-01-04,True
RV-004058,PR-01353,4,52.8,2025-04-15,False
RV-004059,PR-01353,3,57.0,2024-10-27,True
RV-004060,PR-01354,4,78.7,2026-05-10,True
RV-004061,PR-01354,4,72.7,2025-08-13,True
RV-004062,PR-01354,4,70.4,2025-10-06,True
RV-004063,PR-01355,2,28.6,2025-10-05,False
RV-004064,PR-01355,2,38.7,2025-04-12,True
RV-004065,PR-01355,3,40.9,2025-05-02,False
RV-004066,PR-01356,5,69.1,2025-02-27,True
RV-004067,PR-01356,5,73.6,2026-04-18,False
RV-004068,PR-01356,4,70.4,2025-03-26,True
RV-004069,PR-01357,3,46.6,2025-04-17,True
RV-004070,PR-01357,3,46.1,2025-10-05,True
RV-004071,PR-01357,3,45.0,2026-04-07,False
RV-004072,PR-01358,4,76.7,2024-10-16,True
RV-004073,PR-01358,4,83.2,2026-04-05,True
RV-004074,PR-01358,4,82.5,2025-03-08,False
RV-004075,PR-01359,3,53.2,2026-08-06,False
RV-004076,PR-01359,4,63.5,2026-05-02,True
RV-004077,PR-01359,3,64.8,2025-03-28,True
RV-004078,PR-01360,3,23.8,2026-07-18,False
RV-004079,PR-01360,2,26.8,2026-07-15,True
RV-004080,PR-01360,2,18.7,2026-08-02,False
RV-004081,PR-01361,3,52.3,2025-12-12,True
RV-004082,PR-01361,3,47.2,2026-08-31,True
RV-004083,PR-01361,4,64.4,2024-11-28,True
RV-004084,PR-01362,3,62.1,2025-01-08,False
RV-004085,PR-01362,4,59.0,2025-02-07,False
RV-004086,PR-01362,4,66.3,2025-01-30,True
RV-004087,PR-01363,5,95.2,2025-09-14,False
RV-004088,PR-01363,4,96.7,2025-10-26,True
RV-004089,PR-01363,5,80.7,2025-03-05,False
RV-004090,PR-01364,3,42.4,2024-12-31,True
RV-004091,PR-01364,3,48.1,2025-10-03,True
RV-004092,PR-01364,2,50.9,2024-11-03,False
RV-004093,PR-01365,4,72.3,2025-09-22,True
RV-004094,PR-01365,4,77.7,2025-10-24,True
RV-004095,PR-01365,3,71.9,2025-12-19,True
RV-004096,PR-01366,3,43.0,2025-06-01,True
RV-004097,PR-01366,3,35.6,2024-11-25,True
RV-004098,PR-01366,2,32.5,2025-03-28,True
RV-004099,PR-01367,5,82.8,2025-04-07,False
RV-004100,PR-01367,4,77.3,2026-04-30,True
RV-004101,PR-01367,4,80.3,2026-04-18,False
RV-004102,PR-01368,3,50.1,2024-12-20,True
RV-004103,PR-01368,2,32.9,2026-01-26,False
RV-004104,PR-01368,3,47.7,2026-03-24,False
RV-004105,PR-01369,3,57.7,2026-04-17,True
RV-004106,PR-01369,3,48.7,2024-12-22,True
RV-004107,PR-01369,4,61.0,2025-11-06,False
RV-004108,PR-01370,2,24.6,2025-06-27,True
RV-004109,PR-01370,2,29.6,2026-05-04,False
RV-004110,PR-01370,2,22.7,2025-11-19,True
RV-004111,PR-01371,3,43.5,2025-05-31,True
RV-004112,PR-01371,4,50.1,2026-08-07,False
RV-004113,PR-01371,3,45.8,2026-08-06,False
RV-004114,PR-01372,3,40.4,2025-07-27,False
RV-004115,PR-01372,3,36.7,2026-02-21,False
RV-004116,PR-01372,3,41.6,2025-10-23,True
RV-004117,PR-01373,2,34.1,2026-06-13,False
RV-004118,PR-01373,3,36.3,2026-09-06,False
RV-004119,PR-01373,3,47.7,2026-03-29,False
RV-004120,PR-01374,3,67.0,2026-03-21,True
RV-004121,PR-01374,4,59.3,2026-03-02,False
RV-004122,PR-01374,4,75.8,2024-11-04,True
RV-004123,PR-01375,3,51.2,2025-05-16,False
RV-004124,PR-01375,3,56.1,2026-03-08,True
RV-004125,PR-01375,3,52.1,2025-06-08,True
RV-004126,PR-01376,3,83.7,2026-08-01,True
RV-004127,PR-01376,4,80.2,2025-09-05,True
RV-004128,PR-01376,5,83.1,2025-02-04,False
RV-004129,PR-01377,3,60.0,2026-02-17,False
RV-004130,PR-01377,3,52.6,2025-03-19,True
RV-004131,PR-01377,3,40.7,2026-04-09,False
RV-004132,PR-01378,3,46.0,2025-01-25,False
RV-004133,PR-01378,2,40.0,2025-02-25,True
RV-004134,PR-01378,3,42.5,2025-04-15,False
RV-004135,PR-01379,2,37.7,2024-12-31,False
RV-004136,PR-01379,2,42.0,2026-01-25,False
RV-004137,PR-01379,2,41.1,2025-11-30,True
RV-004138,PR-01380,5,80.3,2025-12-19,True
RV-004139,PR-01380,5,85.7,2025-11-02,True
RV-004140,PR-01380,4,83.1,2025-07-06,True
RV-004141,PR-01381,4,86.8,2025-11-16,False
RV-004142,PR-01381,4,60.3,2024-10-22,True
RV-004143,PR-01381,4,72.4,2026-01-05,False
RV-004144,PR-01382,5,69.9,2025-10-07,True
RV-004145,PR-01382,3,66.4,2025-03-12,True
RV-004146,PR-01382,4,77.2,2025-06-04,True
RV-004147,PR-01383,3,85.8,2025-03-07,False
RV-004148,PR-01383,4,69.7,2025-08-19,True
RV-004149,PR-01383,4,68.7,2024-09-30,False
RV-004150,PR-01384,3,60.1,2025-07-12,False
RV-004151,PR-01384,3,67.9,2025-06-01,True
RV-004152,PR-01384,4,58.4,2026-04-30,False
RV-004153,PR-01385,4,62.3,2025-12-16,False
RV-004154,PR-01385,3,60.3,2025-08-26,False
RV-004155,PR-01385,3,69.7,2026-03-10,False
RV-004156,PR-01386,3,61.1,2024-11-07,True
RV-004157,PR-01386,4,74.2,2026-05-05,False
RV-004158,PR-01386,3,67.4,2026-03-16,True
RV-004159,PR-01387,2,40.0,2026-04-19,False
RV-004160,PR-01387,2,35.1,2025-08-04,False
RV-004161,PR-01387,3,39.5,2026-06-16,True
RV-004162,PR-01388,3,33.9,2025-03-27,True
RV-004163,PR-01388,3,45.8,2025-06-05,True
RV-004164,PR-01388,2,39.6,2025-12-05,True
RV-004165,PR-01389,3,61.1,2026-02-01,False
RV-004166,PR-01389,4,57.2,2026-05-21,False
RV-004167,PR-01389,2,47.3,2026-02-26,True
RV-004168,PR-01390,2,30.9,2026-05-02,False
RV-004169,PR-01390,3,39.9,2025-08-07,False
RV-004170,PR-01390,2,27.0,2025-05-15,True
RV-004171,PR-01391,4,78.1,2025-08-06,False
RV-004172,PR-01391,3,63.0,2024-12-08,False
RV-004173,PR-01391,4,70.3,2025-03-04,True
RV-004174,PR-01392,4,70.8,2025-09-30,True
RV-004175,PR-01392,4,78.3,2025-02-06,False
RV-004176,PR-01392,4,78.7,2024-12-02,True
RV-004177,PR-01393,2,39.1,2024-12-20,False
RV-004178,PR-01393,3,56.3,2025-09-04,False
RV-004179,PR-01393,3,49.1,2026-08-21,True
RV-004180,PR-01394,2,16.1,2025-04-02,True
RV-004181,PR-01394,1,11.2,2025-12-03,True
RV-004182,PR-01394,1,19.0,2026-06-07,False
RV-004183,PR-01395,2,30.8,2026-07-21,False
RV-004184,PR-01395,2,48.7,2025-01-27,True
RV-004185,PR-01395,2,42.6,2026-04-05,False
RV-004186,PR-01396,4,49.6,2025-12-24,False
RV-004187,PR-01396,3,44.2,2025-12-23,False
RV-004188,PR-01396,3,48.8,2025-10-09,True
RV-004189,PR-01397,3,65.5,2026-01-13,True
RV-004190,PR-01397,4,57.5,2026-05-28,True
RV-004191,PR-01397,4,68.5,2026-07-16,False
RV-004192,PR-01398,3,66.7,2025-01-24,False
RV-004193,PR-01398,2,53.9,2025-12-02,True
RV-004194,PR-01398,4,65.7,2025-12-29,True
RV-004195,PR-01399,4,83.2,2024-10-31,False
RV-004196,PR-01399,4,67.8,2026-09-05,False
RV-004197,PR-01399,4,94.8,2026-01-04,True
RV-004198,PR-01400,1,17.4,2025-10-17,False
RV-004199,PR-01400,2,27.7,2026-05-14,True
RV-004200,PR-01400,2,22.2,2024-09-16,True
RV-004201,PR-01401,4,70.7,2025-10-28,False
RV-004202,PR-01401,3,59.1,2026-08-15,False
RV-004203,PR-01401,3,77.6,2024-12-04,True
RV-004204,PR-01402,4,78.8,2025-06-24,False
RV-004205,PR-01402,4,80.2,2025-06-15,True
RV-004206,PR-01402,4,72.5,2024-12-09,True
RV-004207,PR-01403,4,63.0,2024-11-29,True
RV-004208,PR-01403,4,83.3,2024-10-20,False
RV-004209,PR-01403,3,71.0,2025-07-03,True
RV-004210,PR-01404,3,68.0,2025-10-30,False
RV-004211,PR-01404,4,53.3,2025-11-21,True
RV-004212,PR-01404,4,60.6,2025-05-08,False
RV-004213,PR-01405,3,52.3,2026-05-03,True
RV-004214,PR-01405,3,37.5,2025-11-08,True
RV-004215,PR-01405,2,44.4,2025-12-01,True
RV-004216,PR-01406,4,59.8,2025-06-11,True
RV-004217,PR-01406,3,56.6,2025-05-20,False
RV-004218,PR-01406,3,51.3,2025-09-19,False
RV-004219,PR-01407,3,58.3,2026-03-04,False
RV-004220,PR-01407,4,61.1,2026-06-18,True
RV-004221,PR-01407,3,45.3,2026-08-07,False
RV-004222,PR-01408,2,21.0,2024-11-16,True
RV-004223,PR-01408,2,29.0,2025-08-08,True
RV-004224,PR-01408,2,30.4,2026-01-29,True
RV-004225,PR-01409,4,69.9,2025-06-23,False
RV-004226,PR-01409,3,66.0,2025-11-27,True
RV-004227,PR-01409,4,68.2,2026-08-26,False
RV-004228,PR-01410,5,74.0,2025-09-30,True
RV-004229,PR-01410,4,72.9,2025-08-25,True
RV-004230,PR-01410,4,75.7,2024-12-28,False
RV-004231,PR-01411,4,60.3,2025-08-21,True
RV-004232,PR-01411,4,72.3,2026-06-05,False
RV-004233,PR-01411,4,70.3,2026-08-15,True
RV-004234,PR-01412,3,55.0,2024-11-13,False
RV-004235,PR-01412,4,48.7,2025-01-26,True
RV-004236,PR-01412,3,49.8,2025-06-10,False
RV-004237,PR-01413,3,56.3,2025-01-11,False
RV-004238,PR-01413,3,54.8,2024-09-18,True
RV-004239,PR-01413,3,57.8,2025-05-17,True
RV-004240,PR-01414,2,21.1,2025-07-04,False
RV-004241,PR-01414,1,13.3,2026-08-13,True
RV-004242,PR-01414,3,18.5,2025-10-29,False
RV-004243,PR-01415,2,14.2,2025-07-11,True
RV-004244,PR-01415,2,15.8,2025-01-07,False
RV-004245,PR-01415,3,16.8,2025-03-06,True
RV-004246,PR-01416,4,79.1,2026-06-16,True
RV-004247,PR-01416,5,80.8,2026-03-06,True
RV-004248,PR-01416,4,80.8,2024-10-29,True
RV-004249,PR-01417,1,31.6,2025-07-07,True
RV-004250,PR-01417,3,37.1,2026-02-12,False
RV-004251,PR-01417,2,37.7,2025-01-16,True
RV-004252,PR-01418,3,36.2,2024-12-09,True
RV-004253,PR-01418,2,36.9,2026-04-19,True
RV-004254,PR-01418,3,32.0,2026-07-04,False
RV-004255,PR-01419,4,63.8,2026-05-05,True
RV-004256,PR-01419,3,64.3,2026-07-24,True
RV-004257,PR-01419,3,62.8,2025-06-03,False
RV-004258,PR-01420,4,68.5,2025-11-07,True
RV-004259,PR-01420,3,60.9,2025-07-29,False
RV-004260,PR-01420,4,61.6,2024-10-18,False
RV-004261,PR-01421,3,48.1,2026-05-14,True
RV-004262,PR-01421,3,49.6,2025-08-26,False
RV-004263,PR-01421,3,43.2,2024-09-20,True
RV-004264,PR-01422,3,52.4,2024-12-13,True
RV-004265,PR-01422,3,52.8,2026-02-26,True
RV-004266,PR-01422,3,52.5,2026-09-06,True
RV-004267,PR-01423,2,40.9,2025-06-22,True
RV-004268,PR-01423,3,50.3,2025-08-21,True
RV-004269,PR-01423,3,42.0,2025-09-22,False
RV-004270,PR-01424,3,33.0,2025-06-21,True
RV-004271,PR-01424,2,38.9,2026-07-11,True
RV-004272,PR-01424,2,22.6,2025-04-12,True
RV-004273,PR-01425,4,56.4,2026-02-23,False
RV-004274,PR-01425,4,65.8,2025-07-12,True
RV-004275,PR-01425,4,67.6,2026-04-15,True
RV-004276,PR-01426,4,79.0,2025-02-09,False
RV-004277,PR-01426,4,74.7,2025-06-21,True
RV-004278,PR-01426,3,72.9,2025-03-15,True
RV-004279,PR-01427,3,33.1,2025-02-05,True
RV-004280,PR-01427,3,44.9,2026-07-24,False
RV-004281,PR-01427,3,37.3,2026-07-25,False
RV-004282,PR-01428,3,38.0,2025-10-31,True
RV-004283,PR-01428,3,27.0,2025-09-03,False
RV-004284,PR-01428,2,35.8,2025-04-18,True
RV-004285,PR-01429,4,77.5,2026-08-10,True
RV-004286,PR-01429,3,69.5,2025-06-17,True
RV-004287,PR-01429,4,71.7,2026-06-24,False
RV-004288,PR-01430,4,53.2,2026-05-21,False
RV-004289,PR-01430,3,50.9,2026-05-20,False
RV-004290,PR-01430,3,53.5,2026-01-01,False
RV-004291,PR-01431,4,85.5,2025-01-01,False
RV-004292,PR-01431,4,80.6,2025-05-11,True
RV-004293,PR-01431,4,78.9,2026-06-15,True
RV-004294,PR-01432,3,50.6,2025-07-11,True
RV-004295,PR-01432,3,49.6,2025-07-17,True
RV-004296,PR-01432,3,50.0,2024-09-26,False
RV-004297,PR-01433,3,25.9,2024-10-20,False
RV-004298,PR-01433,3,40.1,2025-09-28,False
RV-004299,PR-01433,2,34.5,2024-10-10,True
RV-004300,PR-01434,2,33.6,2026-01-29,False
RV-004301,PR-01434,3,28.2,2026-04-03,True
RV-004302,PR-01434,3,36.3,2026-04-25,True
RV-004303,PR-01435,5,87.3,2025-09-12,True
RV-004304,PR-01435,5,89.7,2025-09-04,True
RV-004305,PR-01435,5,75.5,2026-07-25,False
RV-004306,PR-01436,4,83.1,2026-04-18,True
RV-004307,PR-01436,4,88.0,2026-08-20,False
RV-004308,PR-01436,4,69.9,2026-09-04,False
RV-004309,PR-01437,2,28.0,2025-03-09,True
RV-004310,PR-01437,2,16.7,2026-02-18,True
RV-004311,PR-01437,2,32.5,2025-01-17,True
RV-004312,PR-01438,4,80.7,2025-05-06,True
RV-004313,PR-01438,5,87.9,2026-01-24,True
RV-004314,PR-01438,5,77.1,2025-08-10,False
RV-004315,PR-01439,3,52.4,2025-07-09,True
RV-004316,PR-01439,4,60.4,2025-12-14,True
RV-004317,PR-01439,4,51.2,2025-05-05,False
RV-004318,PR-01440,3,36.6,2026-01-05,True
RV-004319,PR-01440,3,34.1,2026-02-06,False
RV-004320,PR-01440,3,54.6,2025-06-03,False
RV-004321,PR-01441,4,62.3,2026-08-15,False
RV-004322,PR-01441,3,57.7,2026-04-20,True
RV-004323,PR-01441,3,61.2,2026-06-11,True
RV-004324,PR-01442,4,67.4,2024-10-20,True
RV-004325,PR-01442,4,60.3,2026-05-19,False
RV-004326,PR-01442,4,58.1,2024-09-30,True
RV-004327,PR-01443,3,46.0,2026-01-08,False
RV-004328,PR-01443,3,42.0,2026-03-12,True
RV-004329,PR-01443,3,58.0,2025-02-09,False
RV-004330,PR-01444,4,57.0,2025-04-23,False
RV-004331,PR-01444,4,52.4,2026-02-07,False
RV-004332,PR-01444,2,58.0,2025-02-15,False
RV-004333,PR-01445,3,50.9,2025-07-03,True
RV-004334,PR-01445,3,50.3,2025-12-04,False
RV-004335,PR-01445,3,47.4,2026-02-20,False
RV-004336,PR-01446,3,71.6,2025-11-17,True
RV-004337,PR-01446,5,81.3,2024-09-23,True
RV-004338,PR-01446,4,72.0,2025-04-26,False
RV-004339,PR-01447,3,69.1,2025-04-05,False
RV-004340,PR-01447,5,65.0,2025-10-07,True
RV-004341,PR-01447,4,67.3,2025-08-03,False
RV-004342,PR-01448,5,94.7,2025-08-28,True
RV-004343,PR-01448,4,100.0,2025-09-05,True
RV-004344,PR-01448,4,88.7,2026-05-28,True
RV-004345,PR-01449,4,62.6,2024-10-21,False
RV-004346,PR-01449,3,61.1,2024-12-19,False
RV-004347,PR-01449,4,67.7,2025-02-10,True
RV-004348,PR-01450,3,61.8,2026-06-11,True
RV-004349,PR-01450,4,65.1,2026-06-15,False
RV-004350,PR-01450,4,68.5,2026-04-26,False
RV-004351,PR-01451,2,53.5,2026-05-30,False
RV-004352,PR-01451,3,60.1,2026-04-12,True
RV-004353,PR-01451,4,60.7,2026-04-28,True
RV-004354,PR-01452,4,72.7,2024-11-13,True
RV-004355,PR-01452,4,77.8,2025-06-14,True
RV-004356,PR-01452,4,75.2,2026-01-04,False
RV-004357,PR-01453,2,35.8,2024-12-01,False
RV-004358,PR-01453,3,41.9,2026-06-22,False
RV-004359,PR-01453,2,40.7,2026-04-26,False
RV-004360,PR-01454,4,50.0,2026-05-02,False
RV-004361,PR-01454,3,42.3,2026-01-11,False
RV-004362,PR-01454,3,40.2,2026-04-07,True
RV-004363,PR-01455,2,45.3,2025-08-21,False
RV-004364,PR-01455,3,48.5,2025-01-08,True
RV-004365,PR-01455,4,48.7,2025-07-23,True
RV-004366,PR-01456,2,43.4,2025-11-25,False
RV-004367,PR-01456,3,29.5,2024-11-30,True
RV-004368,PR-01456,2,29.8,2026-06-14,False
RV-004369,PR-01457,3,61.3,2026-06-29,True
RV-004370,PR-01457,3,49.1,2026-07-04,True
RV-004371,PR-01457,3,53.3,2025-10-22,True
RV-004372,PR-01458,2,33.9,2025-11-03,True
RV-004373,PR-01458,2,31.6,2025-11-20,False
RV-004374,PR-01458,2,24.5,2026-04-15,True
RV-004375,PR-01459,4,73.0,2025-05-10,False
RV-004376,PR-01459,3,70.7,2025-12-06,True
RV-004377,PR-01459,4,71.2,2026-07-19,True
RV-004378,PR-01460,3,51.6,2026-05-30,True
RV-004379,PR-01460,3,57.1,2026-02-20,True
RV-004380,PR-01460,3,63.3,2025-03-19,False
RV-004381,PR-01461,3,65.2,2025-05-14,True
RV-004382,PR-01461,3,65.3,2026-01-24,True
RV-004383,PR-01461,4,72.5,2025-10-13,True
RV-004384,PR-01462,4,95.9,2026-03-16,True
RV-004385,PR-01462,5,85.9,2025-02-02,False
RV-004386,PR-01462,5,79.8,2026-03-30,False
RV-004387,PR-01463,2,41.6,2025-12-10,False
RV-004388,PR-01463,3,45.7,2025-01-10,False
RV-004389,PR-01463,3,43.6,2025-02-12,False
RV-004390,PR-01464,5,83.1,2026-03-25,False
RV-004391,PR-01464,5,89.4,2026-07-05,True
RV-004392,PR-01464,5,88.9,2025-05-02,True
RV-004393,PR-01465,3,65.4,2025-12-18,True
RV-004394,PR-01465,4,74.1,2024-12-28,True
RV-004395,PR-01465,4,93.4,2025-04-23,False
RV-004396,PR-01466,4,64.9,2025-09-02,False
RV-004397,PR-01466,4,59.6,2024-12-14,False
RV-004398,PR-01466,4,64.0,2026-05-23,False
RV-004399,PR-01467,3,51.2,2026-04-30,True
RV-004400,PR-01467,2,53.5,2026-08-31,False
RV-004401,PR-01467,3,63.4,2026-05-23,True
RV-004402,PR-01468,3,25.1,2025-05-01,True
RV-004403,PR-01468,2,34.4,2026-01-17,True
RV-004404,PR-01468,2,39.1,2025-02-06,True
RV-004405,PR-01469,3,69.8,2026-06-07,False
RV-004406,PR-01469,2,53.1,2025-07-08,True
RV-004407,PR-01469,3,71.6,2025-05-25,False
RV-004408,PR-01470,4,70.2,2024-11-29,False
RV-004409,PR-01470,4,81.4,2025-03-24,True
RV-004410,PR-01470,4,72.0,2026-05-17,False
RV-004411,PR-01471,4,63.3,2025-03-02,True
RV-004412,PR-01471,3,57.6,2025-01-05,True
RV-004413,PR-01471,3,65.2,2026-01-28,False
RV-004414,PR-01472,2,43.2,2026-01-30,True
RV-004415,PR-01472,3,40.7,2024-10-12,True
RV-004416,PR-01472,2,51.3,2026-02-05,False
RV-004417,PR-01473,3,59.0,2025-08-21,False
RV-004418,PR-01473,4,49.6,2025-12-16,False
RV-004419,PR-01473,3,52.2,2026-01-17,True
RV-004420,PR-01474,4,53.9,2026-06-28,True
RV-004421,PR-01474,4,61.8,2026-07-12,True
RV-004422,PR-01474,4,57.7,2026-01-05,False
RV-004423,PR-01475,4,62.8,2025-12-12,True
RV-004424,PR-01475,4,64.5,2025-09-02,True
RV-004425,PR-01475,4,77.7,2025-04-20,True
RV-004426,PR-01476,4,45.4,2025-07-11,True
RV-004427,PR-01476,3,53.4,2026-05-23,False
RV-004428,PR-01476,2,48.5,2026-01-13,False
RV-004429,PR-01477,3,47.4,2025-09-19,False
RV-004430,PR-01477,3,54.9,2026-06-27,True
RV-004431,PR-01477,3,59.7,2026-05-17,True
RV-004432,PR-01478,3,37.5,2024-11-19,True
RV-004433,PR-01478,2,38.3,2026-05-07,True
RV-004434,PR-01478,2,44.0,2026-05-03,False
RV-004435,PR-01479,3,37.9,2026-02-10,True
RV-004436,PR-01479,2,38.3,2025-07-21,False
RV-004437,PR-01479,2,33.8,2026-05-05,False
RV-004438,PR-01480,3,49.0,2026-04-21,False
RV-004439,PR-01480,4,49.9,2026-01-21,False
RV-004440,PR-01480,3,52.0,2026-04-20,False
RV-004441,PR-01481,2,43.8,2026-03-18,True
RV-004442,PR-01481,2,32.1,2026-07-24,False
RV-004443,PR-01481,3,38.0,2026-05-16,False
RV-004444,PR-01482,3,35.2,2025-12-27,False
RV-004445,PR-01482,3,49.5,2025-01-03,True
RV-004446,PR-01482,3,53.0,2025-06-06,False
RV-004447,PR-01483,3,53.0,2025-10-30,False
RV-004448,PR-01483,3,58.2,2025-03-03,True
RV-004449,PR-01483,3,65.1,2026-03-11,True
RV-004450,PR-01484,2,48.5,2025-08-05,True
RV-004451,PR-01484,2,34.6,2025-10-06,True
RV-004452,PR-01484,4,39.5,2024-11-13,False
RV-004453,PR-01485,4,60.7,2025-09-03,True
RV-004454,PR-01485,3,71.0,2026-07-23,True
RV-004455,PR-01485,3,62.1,2026-05-01,True
RV-004456,PR-01486,3,45.8,2026-08-10,True
RV-004457,PR-01486,2,43.2,2026-05-24,False
RV-004458,PR-01486,2,29.3,2026-04-23,False
RV-004459,PR-01487,3,70.7,2025-01-30,True
RV-004460,PR-01487,3,62.1,2026-05-05,True
RV-004461,PR-01487,4,62.1,2026-05-25,False
RV-004462,PR-01488,4,76.2,2025-11-23,True
RV-004463,PR-01488,4,67.2,2025-03-03,False
RV-004464,PR-01488,4,71.2,2025-09-28,False
RV-004465,PR-01489,2,48.6,2026-06-13,True
RV-004466,PR-01489,3,49.3,2024-12-16,False
RV-004467,PR-01489,3,43.3,2025-04-30,False
RV-004468,PR-01490,2,31.0,2024-12-24,True
RV-004469,PR-01490,2,24.3,2026-03-01,True
RV-004470,PR-01490,2,32.8,2025-09-24,False
RV-004471,PR-01491,3,45.1,2025-09-20,True
RV-004472,PR-01491,2,43.5,2025-11-14,True
RV-004473,PR-01491,2,44.8,2025-09-12,False
RV-004474,PR-01492,3,65.1,2026-02-20,True
RV-004475,PR-01492,3,75.5,2026-02-25,False
RV-004476,PR-01492,3,70.2,2026-07-14,True
RV-004477,PR-01493,3,46.5,2025-01-15,False
RV-004478,PR-01493,3,48.9,2026-08-06,True
RV-004479,PR-01493,3,45.3,2025-06-03,True
RV-004480,PR-01494,2,35.1,2025-08-30,False
RV-004481,PR-01494,4,40.1,2025-09-05,True
RV-004482,PR-01494,3,36.2,2026-08-25,False
RV-004483,PR-01495,3,74.4,2024-09-17,True
RV-004484,PR-01495,4,56.5,2025-10-21,True
RV-004485,PR-01495,4,73.6,2026-04-18,True
RV-004486,PR-01496,2,26.0,2026-08-25,False
RV-004487,PR-01496,2,34.8,2024-10-20,False
RV-004488,PR-01496,3,38.3,2025-11-18,True
RV-004489,PR-01497,3,48.8,2026-07-02,True
RV-004490,PR-01497,3,43.3,2026-04-21,True
RV-004491,PR-01497,4,47.9,2024-10-04,False
RV-004492,PR-01498,2,39.9,2025-07-13,False
RV-004493,PR-01498,2,38.8,2024-10-28,False
RV-004494,PR-01498,3,29.6,2026-04-24,False
RV-004495,PR-01499,3,60.5,2024-09-28,True
RV-004496,PR-01499,3,50.8,2024-12-24,True
RV-004497,PR-01499,4,56.0,2026-06-26,True
RV-004498,PR-01500,3,57.8,2026-01-18,True
RV-004499,PR-01500,3,53.1,2025-09-07,False
RV-004500,PR-01500,3,59.3,2025-11-25,False
RV-004501,PR-01501,3,53.1,2025-11-16,True
RV-004502,PR-01501,3,42.4,2025-05-12,False
RV-004503,PR-01501,3,60.7,2025-06-01,True
RV-004504,PR-01502,3,80.2,2025-10-30,True
RV-004505,PR-01502,4,69.8,2026-06-09,False
RV-004506,PR-01502,4,69.0,2025-02-05,False
RV-004507,PR-01503,3,74.6,2025-03-09,True
RV-004508,PR-01503,3,73.2,2026-03-31,True
RV-004509,PR-01503,4,72.0,2025-06-10,False
RV-004510,PR-01504,4,62.9,2024-12-01,True
RV-004511,PR-01504,3,58.6,2025-07-12,False
RV-004512,PR-01504,4,58.5,2025-09-12,True
RV-004513,PR-01505,3,70.0,2024-09-17,False
RV-004514,PR-01505,4,63.7,2026-01-30,False
RV-004515,PR-01505,4,68.9,2025-09-08,False
RV-004516,PR-01506,4,78.7,2026-02-21,False
RV-004517,PR-01506,5,81.0,2025-12-22,False
RV-004518,PR-01506,4,83.7,2024-09-24,False
RV-004519,PR-01507,2,38.2,2025-11-24,False
RV-004520,PR-01507,3,34.2,2024-09-26,True
RV-004521,PR-01507,2,40.5,2024-10-29,True
RV-004522,PR-01508,2,47.4,2025-07-20,False
RV-004523,PR-01508,3,36.0,2025-01-16,False
RV-004524,PR-01508,3,43.8,2025-03-29,True
RV-004525,PR-01509,3,63.3,2026-07-15,True
RV-004526,PR-01509,4,61.2,2025-04-01,False
RV-004527,PR-01509,3,57.9,2025-05-29,True
RV-004528,PR-01510,4,57.6,2026-04-28,True
RV-004529,PR-01510,3,55.3,2025-05-05,False
RV-004530,PR-01510,3,50.5,2025-08-18,False
RV-004531,PR-01511,5,72.6,2025-12-15,True
RV-004532,PR-01511,5,83.3,2026-04-22,True
RV-004533,PR-01511,4,82.0,2026-02-01,True
RV-004534,PR-01512,3,47.1,2025-08-23,True
RV-004535,PR-01512,2,30.5,2025-01-06,False
RV-004536,PR-01512,3,29.9,2025-09-03,False
RV-004537,PR-01513,2,50.9,2024-12-06,True
RV-004538,PR-01513,3,34.8,2026-02-28,True
RV-004539,PR-01513,2,56.0,2026-05-08,True
RV-004540,PR-01514,4,74.0,2024-12-06,True
RV-004541,PR-01514,4,67.1,2026-03-11,True
RV-004542,PR-01514,4,73.1,2025-09-30,True
RV-004543,PR-01515,2,47.7,2024-12-13,False
RV-004544,PR-01515,3,49.7,2025-03-12,True
RV-004545,PR-01515,3,56.4,2025-04-15,True
RV-004546,PR-01516,3,34.7,2026-08-27,True
RV-004547,PR-01516,3,49.5,2025-05-29,True
RV-004548,PR-01516,3,56.2,2026-05-25,True
RV-004549,PR-01517,3,47.3,2026-07-13,True
RV-004550,PR-01517,3,50.9,2026-09-11,False
RV-004551,PR-01517,3,32.0,2026-05-14,False
RV-004552,PR-01518,3,43.2,2025-05-14,True
RV-004553,PR-01518,3,40.5,2025-11-05,False
RV-004554,PR-01518,2,50.7,2024-09-29,False
RV-004555,PR-01519,4,60.1,2026-09-05,True
RV-004556,PR-01519,3,63.5,2025-08-11,True
RV-004557,PR-01519,4,61.6,2026-01-14,True
RV-004558,PR-01520,3,37.7,2025-08-28,False
RV-004559,PR-01520,3,35.7,2026-03-31,False
RV-004560,PR-01520,3,33.0,2025-12-03,False
RV-004561,PR-01521,2,37.1,2025-01-11,False
RV-004562,PR-01521,3,42.0,2025-03-18,True
RV-004563,PR-01521,2,37.2,2025-12-10,False
RV-004564,PR-01522,3,56.3,2025-08-18,True
RV-004565,PR-01522,3,45.7,2025-02-27,True
RV-004566,PR-01522,3,51.1,2026-08-27,True
RV-004567,PR-01523,4,64.5,2026-03-16,False
RV-004568,PR-01523,4,59.8,2025-10-25,True
RV-004569,PR-01523,3,60.6,2025-02-02,False
RV-004570,PR-01524,3,52.5,2025-05-11,False
RV-004571,PR-01524,3,49.8,2025-09-19,False
RV-004572,PR-01524,4,45.5,2026-02-27,True
RV-004573,PR-01525,3,63.1,2025-05-24,False
RV-004574,PR-01525,3,63.1,2026-07-16,True
RV-004575,PR-01525,2,56.9,2026-08-09,False
RV-004576,PR-01526,3,57.1,2025-01-24,False
RV-004577,PR-01526,3,42.0,2026-02-19,True
RV-004578,PR-01526,2,34.4,2025-05-02,True
RV-004579,PR-01527,3,44.8,2025-04-19,False
RV-004580,PR-01527,3,38.3,2025-06-25,True
RV-004581,PR-01527,3,47.3,2026-06-30,True
RV-004582,PR-01528,2,14.3,2026-01-24,False
RV-004583,PR-01528,2,24.8,2024-12-12,False
RV-004584,PR-01528,1,24.3,2026-01-26,True
RV-004585,PR-01529,2,32.0,2024-11-24,True
RV-004586,PR-01529,2,32.7,2025-09-07,True
RV-004587,PR-01529,2,23.4,2025-12-05,False
RV-004588,PR-01530,4,56.5,2025-04-13,True
RV-004589,PR-01530,3,65.0,2025-12-07,False
RV-004590,PR-01530,3,64.0,2025-12-10,True
RV-004591,PR-01531,3,50.6,2026-03-20,False
RV-004592,PR-01531,3,36.9,2026-06-16,False
RV-004593,PR-01531,3,44.7,2026-08-27,False
RV-004594,PR-01532,3,63.5,2025-03-22,True
RV-004595,PR-01532,3,50.1,2025-05-26,True
RV-004596,PR-01532,3,50.5,2026-03-01,False
RV-004597,PR-01533,3,62.4,2026-03-03,False
RV-004598,PR-01533,3,63.6,2024-10-12,True
RV-004599,PR-01533,3,61.0,2025-08-06,False
RV-004600,PR-01534,4,91.4,2025-07-20,False
RV-004601,PR-01534,5,83.1,2026-04-05,True
RV-004602,PR-01534,5,90.8,2024-09-30,False
RV-004603,PR-01535,4,66.2,2024-12-22,True
RV-004604,PR-01535,4,55.1,2024-09-16,False
RV-004605,PR-01535,3,52.1,2024-09-30,True
RV-004606,PR-01536,2,44.5,2025-03-22,False
RV-004607,PR-01536,2,34.0,2025-03-02,True
RV-004608,PR-01536,3,33.7,2025-11-18,False
RV-004609,PR-01537,3,68.6,2025-07-15,False
RV-004610,PR-01537,3,74.3,2026-06-10,False
RV-004611,PR-01537,3,69.9,2025-08-16,True
RV-004612,PR-01538,3,27.8,2025-01-18,False
RV-004613,PR-01538,2,37.2,2026-08-16,True
RV-004614,PR-01538,3,33.5,2025-08-22,False
RV-004615,PR-01539,2,30.2,2025-01-17,False
RV-004616,PR-01539,2,39.2,2025-11-16,True
RV-004617,PR-01539,2,26.1,2026-03-06,False
RV-004618,PR-01540,5,79.4,2026-07-27,False
RV-004619,PR-01540,4,75.7,2025-05-08,False
RV-004620,PR-01540,4,82.3,2026-05-18,False
RV-004621,PR-01541,4,51.4,2026-04-10,True
RV-004622,PR-01541,4,56.3,2026-04-28,True
RV-004623,PR-01541,3,59.4,2025-01-07,True
RV-004624,PR-01542,4,80.1,2025-12-16,False
RV-004625,PR-01542,3,82.1,2026-04-30,False
RV-004626,PR-01542,4,75.7,2024-12-22,False
RV-004627,PR-01543,4,66.0,2025-01-21,True
RV-004628,PR-01543,4,76.5,2025-06-22,False
RV-004629,PR-01543,5,60.8,2025-12-03,True
RV-004630,PR-01544,2,26.1,2025-11-11,False
RV-004631,PR-01544,2,30.0,2026-07-15,False
RV-004632,PR-01544,3,18.1,2025-07-04,False
RV-004633,PR-01545,5,98.6,2026-09-07,True
RV-004634,PR-01545,5,100.0,2026-01-20,True
RV-004635,PR-01545,5,100.0,2026-08-23,False
RV-004636,PR-01546,4,71.4,2026-08-31,True
RV-004637,PR-01546,4,66.4,2025-01-29,True
RV-004638,PR-01546,4,62.9,2024-11-04,False
RV-004639,PR-01547,4,61.0,2025-09-15,False
RV-004640,PR-01547,3,58.2,2025-03-23,True
RV-004641,PR-01547,3,63.5,2025-01-22,False
RV-004642,PR-01548,4,90.2,2026-09-04,False
RV-004643,PR-01548,4,84.8,2025-09-01,False
RV-004644,PR-01548,5,86.8,2026-07-31,True
RV-004645,PR-01549,4,86.6,2024-11-29,True
RV-004646,PR-01549,4,88.2,2025-12-06,True
RV-004647,PR-01549,3,88.6,2026-06-12,True
RV-004648,PR-01550,3,39.3,2026-01-10,False
RV-004649,PR-01550,3,58.9,2024-09-14,True
RV-004650,PR-01550,4,44.4,2025-04-23,False
RV-004651,PR-01551,4,79.8,2025-09-02,False
RV-004652,PR-01551,4,64.9,2026-07-10,False
RV-004653,PR-01551,3,80.8,2026-03-17,False
RV-004654,PR-01552,4,66.2,2025-02-11,True
RV-004655,PR-01552,4,65.9,2025-04-30,True
RV-004656,PR-01552,4,65.3,2025-04-02,True
RV-004657,PR-01553,2,45.6,2025-05-03,False
RV-004658,PR-01553,3,48.7,2026-06-12,False
RV-004659,PR-01553,3,49.0,2025-10-22,True
RV-004660,PR-01554,4,64.2,2024-11-01,False
RV-004661,PR-01554,3,64.0,2026-06-17,False
RV-004662,PR-01554,3,57.3,2026-04-18,False
RV-004663,PR-01555,3,50.3,2026-04-19,False
RV-004664,PR-01555,3,52.3,2025-09-06,True
RV-004665,PR-01555,3,42.1,2024-10-26,False
RV-004666,PR-01556,4,70.5,2025-12-03,True
RV-004667,PR-01556,4,78.0,2024-12-17,False
RV-004668,PR-01556,5,80.7,2025-09-21,True
RV-004669,PR-01557,2,47.2,2026-03-26,True
RV-004670,PR-01557,3,58.1,2025-04-03,False
RV-004671,PR-01557,2,48.4,2025-06-07,False
RV-004672,PR-01558,3,34.3,2025-01-09,False
RV-004673,PR-01558,3,41.0,2025-11-15,False
RV-004674,PR-01558,2,36.1,2025-09-24,False
RV-004675,PR-01559,5,71.3,2026-03-11,False
RV-004676,PR-01559,5,80.3,2025-10-23,True
RV-004677,PR-01559,4,85.9,2025-11-17,True
RV-004678,PR-01560,5,82.9,2025-08-22,True
RV-004679,PR-01560,5,78.0,2024-12-31,True
RV-004680,PR-01560,4,78.3,2026-05-29,True
RV-004681,PR-01561,4,48.6,2025-07-14,True
RV-004682,PR-01561,3,52.4,2026-01-13,True
RV-004683,PR-01561,3,45.4,2025-03-05,False
RV-004684,PR-01562,2,31.1,2026-04-20,True
RV-004685,PR-01562,2,37.1,2026-05-06,True
RV-004686,PR-01562,2,35.5,2026-08-09,False
RV-004687,PR-01563,3,55.6,2026-09-03,True
RV-004688,PR-01563,3,59.2,2026-09-08,False
RV-004689,PR-01563,4,48.6,2025-02-23,False
RV-004690,PR-01564,4,66.8,2024-12-24,False
RV-004691,PR-01564,4,63.8,2026-06-16,False
RV-004692,PR-01564,4,70.3,2024-10-18,True
RV-004693,PR-01565,3,56.1,2025-07-08,False
RV-004694,PR-01565,3,56.4,2026-01-26,True
RV-004695,PR-01565,3,62.5,2025-04-08,False
RV-004696,PR-01566,3,36.5,2024-11-24,True
RV-004697,PR-01566,3,41.7,2025-08-11,False
RV-004698,PR-01566,3,50.8,2024-11-28,True
RV-004699,PR-01567,3,60.9,2026-01-17,True
RV-004700,PR-01567,3,51.3,2025-06-08,True
RV-004701,PR-01567,3,55.8,2026-04-18,True
RV-004702,PR-01568,4,69.9,2025-10-04,False
RV-004703,PR-01568,3,61.9,2025-07-08,False
RV-004704,PR-01568,4,69.6,2025-04-28,False
RV-004705,PR-01569,3,57.4,2025-11-22,True
RV-004706,PR-01569,3,62.9,2025-08-08,False
RV-004707,PR-01569,3,48.5,2025-03-03,True
RV-004708,PR-01570,3,57.5,2024-09-24,True
RV-004709,PR-01570,3,64.5,2025-01-03,False
RV-004710,PR-01570,4,68.8,2025-04-01,True
RV-004711,PR-01571,4,77.9,2026-01-10,True
RV-004712,PR-01571,4,77.4,2026-02-09,False
RV-004713,PR-01571,4,79.7,2025-06-04,False
RV-004714,PR-01572,4,50.4,2025-04-17,True
RV-004715,PR-01572,3,60.0,2025-03-30,False
RV-004716,PR-01572,3,58.4,2026-06-01,False
RV-004717,PR-01573,3,76.2,2026-08-15,True
RV-004718,PR-01573,3,76.9,2026-02-05,True
RV-004719,PR-01573,3,58.9,2026-05-09,True
RV-004720,PR-01574,3,51.1,2025-08-25,False
RV-004721,PR-01574,4,54.3,2026-05-12,True
RV-004722,PR-01574,3,54.4,2026-05-27,False
RV-004723,PR-01575,4,84.7,2025-01-24,True
RV-004724,PR-01575,4,90.5,2024-09-20,False
RV-004725,PR-01575,5,79.6,2025-12-25,False
RV-004726,PR-01576,3,50.0,2026-04-18,True
RV-004727,PR-01576,3,41.8,2025-02-07,True
RV-004728,PR-01576,3,46.0,2025-09-08,True
RV-004729,PR-01577,3,80.9,2026-01-29,False
RV-004730,PR-01577,3,63.9,2025-09-13,False
RV-004731,PR-01577,4,67.3,2026-08-08,False
RV-004732,PR-01578,4,79.7,2026-01-17,False
RV-004733,PR-01578,5,81.0,2025-06-26,False
RV-004734,PR-01578,4,77.6,2026-07-09,True
RV-004735,PR-01579,4,48.8,2025-01-14,False
RV-004736,PR-01579,3,43.7,2025-10-09,False
RV-004737,PR-01579,2,42.4,2026-01-11,False
RV-004738,PR-01580,3,50.9,2025-09-05,True
RV-004739,PR-01580,2,47.6,2026-07-29,False
RV-004740,PR-01580,3,50.6,2026-03-19,False
RV-004741,PR-01581,3,42.4,2025-11-25,False
RV-004742,PR-01581,3,44.8,2025-08-15,False
RV-004743,PR-01581,3,45.9,2025-07-14,True
RV-004744,PR-01582,4,53.2,2026-03-16,True
RV-004745,PR-01582,3,61.0,2025-02-13,True
RV-004746,PR-01582,4,51.2,2026-07-24,True
RV-004747,PR-01583,3,33.8,2024-11-09,True
RV-004748,PR-01583,2,40.6,2025-08-15,True
RV-004749,PR-01583,2,40.4,2026-05-28,True
RV-004750,PR-01584,3,48.9,2025-12-06,False
RV-004751,PR-01584,4,43.2,2025-02-12,True
RV-004752,PR-01584,3,47.4,2026-07-22,True
RV-004753,PR-01585,4,89.3,2024-10-03,True
RV-004754,PR-01585,4,80.3,2026-07-15,False
RV-004755,PR-01585,4,74.4,2026-05-10,True
RV-004756,PR-01586,2,30.5,2026-04-01,False
RV-004757,PR-01586,2,19.8,2025-04-24,False
RV-004758,PR-01586,3,23.1,2024-11-06,True
RV-004759,PR-01587,3,48.9,2025-12-08,False
RV-004760,PR-01587,2,53.9,2025-07-30,False
RV-004761,PR-01587,2,40.9,2025-01-21,True
RV-004762,PR-01588,3,50.1,2026-02-07,True
RV-004763,PR-01588,3,48.9,2025-02-06,False
RV-004764,PR-01588,3,50.3,2025-06-23,True
RV-004765,PR-01589,3,33.9,2025-07-23,False
RV-004766,PR-01589,3,34.5,2026-05-26,False
RV-004767,PR-01589,4,37.2,2026-02-27,True
RV-004768,PR-01590,4,55.8,2026-01-07,True
RV-004769,PR-01590,3,69.2,2026-01-04,False
RV-004770,PR-01590,3,63.8,2025-04-09,True
RV-004771,PR-01591,3,54.7,2026-01-18,True
RV-004772,PR-01591,3,29.6,2025-04-10,False
RV-004773,PR-01591,2,52.5,2026-05-06,True
RV-004774,PR-01592,2,54.0,2025-07-10,False
RV-004775,PR-01592,3,43.6,2024-09-16,False
RV-004776,PR-01592,3,46.4,2025-04-23,False
RV-004777,PR-01593,4,49.4,2026-05-08,False
RV-004778,PR-01593,4,52.7,2025-04-16,True
RV-004779,PR-01593,3,62.3,2025-03-11,False
RV-004780,PR-01594,2,54.3,2025-04-19,False
RV-004781,PR-01594,3,57.7,2025-12-24,False
RV-004782,PR-01594,4,50.3,2025-10-13,False
RV-004783,PR-01595,4,59.2,2025-01-19,False
RV-004784,PR-01595,4,48.9,2025-12-23,False
RV-004785,PR-01595,4,66.8,2025-11-01,True
RV-004786,PR-01596,5,70.4,2026-04-22,True
RV-004787,PR-01596,4,60.8,2026-01-01,True
RV-004788,PR-01596,4,69.9,2025-02-20,True
RV-004789,PR-01597,2,59.2,2024-11-30,False
RV-004790,PR-01597,4,45.5,2026-01-30,True
RV-004791,PR-01597,3,45.1,2025-09-10,False
RV-004792,PR-01598,4,85.1,2025-03-30,True
RV-004793,PR-01598,4,88.4,2024-10-30,True
RV-004794,PR-01598,5,85.3,2025-02-06,False
RV-004795,PR-01599,3,41.0,2025-04-20,False
RV-004796,PR-01599,3,41.2,2025-06-13,False
RV-004797,PR-01599,3,42.8,2026-07-28,False
RV-004798,PR-01600,3,51.6,2026-01-03,True
RV-004799,PR-01600,4,48.9,2026-05-04,True
RV-004800,PR-01600,3,57.9,2024-11-12,False
RV-004801,PR-01601,4,71.6,2026-03-29,False
RV-004802,PR-01601,4,68.5,2024-12-23,True
RV-004803,PR-01601,3,75.7,2025-03-13,False
RV-004804,PR-01602,3,38.3,2025-10-20,False
RV-004805,PR-01602,3,44.8,2025-04-24,False
RV-004806,PR-01602,3,37.2,2026-07-02,True
RV-004807,PR-01603,3,50.8,2025-04-22,False
RV-004808,PR-01603,2,42.0,2026-04-22,True
RV-004809,PR-01603,3,61.5,2026-08-31,False
RV-004810,PR-01604,4,70.4,2026-08-05,False
RV-004811,PR-01604,5,82.8,2025-06-30,False
RV-004812,PR-01604,4,74.7,2024-11-09,True
RV-004813,PR-01605,3,64.7,2025-06-25,True
RV-004814,PR-01605,2,59.0,2024-10-30,True
RV-004815,PR-01605,3,46.2,2025-09-20,True
RV-004816,PR-01606,3,46.7,2024-12-02,False
RV-004817,PR-01606,4,54.4,2026-04-09,False
RV-004818,PR-01606,3,50.6,2025-01-29,True
RV-004819,PR-01607,3,31.0,2025-02-04,False
RV-004820,PR-01607,2,42.6,2025-08-15,False
RV-004821,PR-01607,3,37.7,2024-12-30,True
RV-004822,PR-01608,1,3.7,2025-10-20,True
RV-004823,PR-01608,1,7.7,2026-05-18,False
RV-004824,PR-01608,2,5.9,2025-01-22,True
RV-004825,PR-01609,4,72.3,2025-04-11,True
RV-004826,PR-01609,3,80.1,2026-08-06,True
RV-004827,PR-01609,4,74.9,2025-02-27,True
RV-004828,PR-01610,3,59.3,2025-06-22,True
RV-004829,PR-01610,3,52.2,2026-08-31,True
RV-004830,PR-01610,3,60.5,2026-03-23,True
RV-004831,PR-01611,4,68.4,2025-07-01,True
RV-004832,PR-01611,5,67.8,2026-04-25,True
RV-004833,PR-01611,4,64.3,2024-12-10,False
RV-004834,PR-01612,3,50.0,2026-06-15,True
RV-004835,PR-01612,3,43.8,2026-08-09,True
RV-004836,PR-01612,3,57.8,2024-09-21,True
RV-004837,PR-01613,4,43.7,2025-11-18,True
RV-004838,PR-01613,3,62.2,2026-01-14,True
RV-004839,PR-01613,3,41.1,2024-10-13,True
RV-004840,PR-01614,3,45.2,2025-09-14,False
RV-004841,PR-01614,3,45.4,2026-02-12,True
RV-004842,PR-01614,2,43.1,2025-07-24,True
RV-004843,PR-01615,3,42.1,2026-07-19,True
RV-004844,PR-01615,2,36.3,2025-03-28,True
RV-004845,PR-01615,3,31.4,2025-01-16,False
RV-004846,PR-01616,3,34.7,2025-02-18,True
RV-004847,PR-01616,2,32.4,2026-01-28,True
RV-004848,PR-01616,2,38.2,2025-01-31,False
RV-004849,PR-01617,4,66.2,2026-06-03,True
RV-004850,PR-01617,3,67.3,2025-04-16,False
RV-004851,PR-01617,3,56.2,2026-08-18,False
RV-004852,PR-01618,4,57.5,2026-08-31,False
RV-004853,PR-01618,3,61.1,2025-11-13,False
RV-004854,PR-01618,3,55.0,2025-07-12,True
RV-004855,PR-01619,2,59.5,2025-03-26,False
RV-004856,PR-01619,4,57.0,2025-08-03,True
RV-004857,PR-01619,3,57.1,2024-11-23,False
RV-004858,PR-01620,3,66.5,2025-10-12,False
RV-004859,PR-01620,3,57.8,2024-09-13,False
RV-004860,PR-01620,3,61.0,2025-07-26,False
RV-004861,PR-01621,4,65.8,2025-09-23,True
RV-004862,PR-01621,3,71.1,2024-11-28,False
RV-004863,PR-01621,4,65.5,2024-10-03,False
RV-004864,PR-01622,3,45.5,2025-11-10,False
RV-004865,PR-01622,2,51.7,2024-11-08,True
RV-004866,PR-01622,2,41.7,2026-05-22,False
RV-004867,PR-01623,3,25.5,2025-04-29,True
RV-004868,PR-01623,3,23.7,2025-11-08,False
RV-004869,PR-01623,2,24.2,2025-11-28,True
RV-004870,PR-01624,3,29.2,2025-01-22,False
RV-004871,PR-01624,3,43.0,2026-09-08,True
RV-004872,PR-01624,2,46.2,2025-03-18,True
RV-004873,PR-01625,3,60.8,2025-10-17,True
RV-004874,PR-01625,3,62.5,2025-03-06,False
RV-004875,PR-01625,3,63.1,2026-07-29,False
RV-004876,PR-01626,4,42.7,2025-10-22,False
RV-004877,PR-01626,2,42.8,2025-10-03,False
RV-004878,PR-01626,2,37.2,2026-04-23,True
RV-004879,PR-01627,3,40.1,2026-08-04,False
RV-004880,PR-01627,2,37.9,2024-09-15,True
RV-004881,PR-01627,3,51.6,2025-11-16,False
RV-004882,PR-01628,3,34.8,2025-05-03,True
RV-004883,PR-01628,2,41.7,2026-03-07,False
RV-004884,PR-01628,3,33.7,2025-07-27,True
RV-004885,PR-01629,4,69.0,2025-03-26,True
RV-004886,PR-01629,4,80.0,2024-11-12,False
RV-004887,PR-01629,5,74.1,2024-09-19,False
RV-004888,PR-01630,3,43.3,2025-02-16,False
RV-004889,PR-01630,2,45.2,2026-04-26,False
RV-004890,PR-01630,2,36.4,2024-12-17,False
RV-004891,PR-01631,3,57.1,2025-11-18,False
RV-004892,PR-01631,3,67.0,2025-12-27,False
RV-004893,PR-01631,3,49.6,2025-02-02,False
RV-004894,PR-01632,3,46.9,2026-08-18,True
RV-004895,PR-01632,3,45.7,2024-12-02,False
RV-004896,PR-01632,3,51.5,2025-10-01,True
RV-004897,PR-01633,4,55.4,2025-08-25,True
RV-004898,PR-01633,3,58.1,2026-07-20,True
RV-004899,PR-01633,3,59.1,2025-11-20,False
RV-004900,PR-01634,3,60.5,2024-12-14,False
RV-004901,PR-01634,3,66.5,2025-09-22,True
RV-004902,PR-01634,3,65.4,2025-02-10,False
RV-004903,PR-01635,4,59.2,2025-05-16,False
RV-004904,PR-01635,4,69.3,2025-04-03,True
RV-004905,PR-01635,4,49.8,2025-04-08,False
RV-004906,PR-01636,2,35.3,2026-08-23,True
RV-004907,PR-01636,2,45.0,2026-02-22,True
RV-004908,PR-01636,2,53.3,2026-02-23,True
RV-004909,PR-01637,4,56.5,2025-05-27,True
RV-004910,PR-01637,4,59.0,2025-11-04,False
RV-004911,PR-01637,4,58.3,2024-10-30,False
RV-004912,PR-01638,2,19.6,2026-08-09,True
RV-004913,PR-01638,2,19.7,2024-11-26,False
RV-004914,PR-01638,2,4.7,2026-08-23,False
RV-004915,PR-01639,3,37.7,2025-07-25,True
RV-004916,PR-01639,3,42.2,2025-08-07,False
RV-004917,PR-01639,2,47.4,2025-03-27,False
RV-004918,PR-01640,4,74.7,2025-02-13,False
RV-004919,PR-01640,4,78.6,2025-04-09,True
RV-004920,PR-01640,4,73.1,2025-03-03,False
RV-004921,PR-01641,3,76.6,2026-02-21,True
RV-004922,PR-01641,4,64.8,2025-12-17,True
RV-004923,PR-01641,4,68.6,2025-04-09,False
RV-004924,PR-01642,3,53.4,2025-01-19,True
RV-004925,PR-01642,3,54.4,2024-10-13,True
RV-004926,PR-01642,3,49.3,2025-07-11,False
RV-004927,PR-01643,4,82.5,2025-07-06,False
RV-004928,PR-01643,4,85.2,2024-11-24,False
RV-004929,PR-01643,4,96.0,2026-07-10,False
RV-004930,PR-01644,2,33.6,2026-07-03,True
RV-004931,PR-01644,3,27.1,2026-09-10,True
RV-004932,PR-01644,3,35.5,2026-06-28,True
RV-004933,PR-01645,2,42.3,2025-06-29,True
RV-004934,PR-01645,3,28.3,2026-04-15,True
RV-004935,PR-01645,2,50.9,2026-01-02,False
RV-004936,PR-01646,3,32.9,2026-03-28,False
RV-004937,PR-01646,2,34.6,2025-06-24,False
RV-004938,PR-01646,2,33.5,2026-06-13,True
RV-004939,PR-01647,4,44.7,2024-12-06,False
RV-004940,PR-01647,3,46.6,2025-08-23,False
RV-004941,PR-01647,3,38.4,2024-10-17,False
RV-004942,PR-01648,4,66.8,2026-04-10,True
RV-004943,PR-01648,3,64.7,2025-12-30,False
RV-004944,PR-01648,3,69.8,2026-02-09,False
RV-004945,PR-01649,2,37.0,2026-05-11,True
RV-004946,PR-01649,3,19.1,2025-08-09,False
RV-004947,PR-01649,2,24.7,2025-12-16,True
RV-004948,PR-01650,4,82.9,2024-10-12,False
RV-004949,PR-01650,3,75.5,2026-07-13,False
RV-004950,PR-01650,4,77.7,2026-04-20,True
RV-004951,PR-01651,3,80.2,2026-06-22,False
RV-004952,PR-01651,4,82.3,2024-12-26,True
RV-004953,PR-01651,4,74.7,2026-08-22,False
RV-004954,PR-01652,3,49.3,2025-12-31,False
RV-004955,PR-01652,3,41.2,2025-09-03,True
RV-004956,PR-01652,3,42.8,2025-03-13,True
RV-004957,PR-01653,3,52.0,2026-08-15,False
RV-004958,PR-01653,3,52.1,2025-01-22,False
RV-004959,PR-01653,3,49.3,2025-10-02,True
RV-004960,PR-01654,2,37.9,2026-01-01,False
RV-004961,PR-01654,3,31.4,2026-09-10,False
RV-004962,PR-01654,1,36.4,2025-10-15,False
RV-004963,PR-01655,3,54.5,2026-06-22,True
RV-004964,PR-01655,4,61.3,2025-03-22,True
RV-004965,PR-01655,3,60.8,2025-01-20,True
RV-004966,PR-01656,4,73.9,2025-09-01,True
RV-004967,PR-01656,4,74.6,2024-11-27,False
RV-004968,PR-01656,4,68.1,2025-09-08,False
RV-004969,PR-01657,4,69.9,2025-07-11,True
RV-004970,PR-01657,4,74.0,2025-11-03,True
RV-004971,PR-01657,4,57.6,2025-04-30,False
RV-004972,PR-01658,1,34.5,2025-07-22,True
RV-004973,PR-01658,3,41.8,2026-05-24,False
RV-004974,PR-01658,3,36.2,2025-06-24,True
RV-004975,PR-01659,3,37.4,2026-07-21,True
RV-004976,PR-01659,3,24.8,2025-05-31,False
RV-004977,PR-01659,3,31.2,2024-12-31,True
RV-004978,PR-01660,2,23.8,2025-04-24,True
RV-004979,PR-01660,2,14.5,2025-12-20,False
RV-004980,PR-01660,1,21.9,2026-01-05,False
RV-004981,PR-01661,5,89.4,2026-06-30,True
RV-004982,PR-01661,5,98.4,2025-03-11,True
RV-004983,PR-01661,4,82.3,2024-10-09,True
RV-004984,PR-01662,3,53.7,2025-01-02,False
RV-004985,PR-01662,3,51.1,2025-06-03,False
RV-004986,PR-01662,3,40.5,2025-03-15,True
RV-004987,PR-01663,4,60.6,2026-07-18,True
RV-004988,PR-01663,4,59.6,2026-06-14,False
RV-004989,PR-01663,3,57.4,2026-08-05,False
RV-004990,PR-01664,3,49.0,2025-06-12,False
RV-004991,PR-01664,2,45.2,2026-07-20,False
RV-004992,PR-01664,2,48.0,2026-03-02,False
RV-004993,PR-01665,3,41.6,2024-10-26,True
RV-004994,PR-01665,2,32.0,2026-08-20,True
RV-004995,PR-01665,3,42.4,2024-12-07,False
RV-004996,PR-01666,4,70.7,2026-01-27,True
RV-004997,PR-01666,3,69.3,2025-02-18,False
RV-004998,PR-01666,4,65.4,2025-05-28,True
RV-004999,PR-01667,3,52.7,2024-12-25,True
RV-005000,PR-01667,4,58.5,2026-02-02,False
RV-005001,PR-01667,4,54.3,2025-10-27,False
RV-005002,PR-01668,4,77.9,2026-05-09,False
RV-005003,PR-01668,4,76.7,2024-09-16,False
RV-005004,PR-01668,4,93.9,2025-06-14,True
RV-005005,PR-01669,3,45.6,2026-04-18,True
RV-005006,PR-01669,3,42.3,2026-04-15,False
RV-005007,PR-01669,3,60.4,2026-07-14,True
RV-005008,PR-01670,3,49.2,2026-01-02,False
RV-005009,PR-01670,3,53.5,2026-01-31,False
RV-005010,PR-01670,4,53.6,2026-08-03,True
RV-005011,PR-01671,4,62.0,2026-04-15,False
RV-005012,PR-01671,4,63.7,2025-07-22,True
RV-005013,PR-01671,4,68.2,2024-11-24,False
RV-005014,PR-01672,3,61.6,2025-02-23,True
RV-005015,PR-01672,3,53.9,2026-03-11,False
RV-005016,PR-01672,3,48.5,2025-11-11,False
RV-005017,PR-01673,4,73.0,2026-06-09,True
RV-005018,PR-01673,4,76.6,2024-11-07,False
RV-005019,PR-01673,4,74.6,2024-10-06,False
RV-005020,PR-01674,3,60.6,2026-02-04,True
RV-005021,PR-01674,4,50.7,2026-01-18,False
RV-005022,PR-01674,3,73.9,2026-01-03,False
RV-005023,PR-01675,4,77.6,2024-11-29,False
RV-005024,PR-01675,4,86.6,2025-09-01,False
RV-005025,PR-01675,5,74.0,2025-07-04,True
RV-005026,PR-01676,3,60.2,2024-12-23,False
RV-005027,PR-01676,3,61.8,2025-02-16,False
RV-005028,PR-01676,3,59.4,2024-12-27,True
RV-005029,PR-01677,4,61.2,2024-10-26,True
RV-005030,PR-01677,4,70.3,2025-11-13,True
RV-005031,PR-01677,4,54.3,2025-04-15,True
RV-005032,PR-01678,4,79.3,2026-08-01,False
RV-005033,PR-01678,3,66.4,2026-07-06,True
RV-005034,PR-01678,4,68.8,2025-02-15,True
RV-005035,PR-01679,4,29.3,2025-03-05,True
RV-005036,PR-01679,3,39.3,2024-10-10,False
RV-005037,PR-01679,3,43.2,2024-10-03,False
RV-005038,PR-01680,4,83.5,2026-05-30,False
RV-005039,PR-01680,5,89.2,2024-09-22,False
RV-005040,PR-01680,4,76.8,2026-05-20,True
RV-005041,PR-01681,4,70.2,2025-10-03,True
RV-005042,PR-01681,3,74.5,2025-08-25,True
RV-005043,PR-01681,3,70.2,2025-01-11,True
RV-005044,PR-01682,3,56.4,2026-01-19,False
RV-005045,PR-01682,3,50.1,2026-08-21,False
RV-005046,PR-01682,3,52.0,2025-03-12,True
RV-005047,PR-01683,4,67.1,2026-08-23,False
RV-005048,PR-01683,4,64.5,2026-07-09,True
RV-005049,PR-01683,4,57.7,2025-01-14,True
RV-005050,PR-01684,3,53.8,2024-12-17,False
RV-005051,PR-01684,3,48.8,2026-05-14,True
RV-005052,PR-01684,4,58.8,2026-05-23,False
RV-005053,PR-01685,4,82.2,2026-01-23,True
RV-005054,PR-01685,4,75.2,2026-01-29,False
RV-005055,PR-01685,4,73.8,2025-09-04,False
RV-005056,PR-01686,3,44.2,2025-06-14,True
RV-005057,PR-01686,3,58.1,2026-06-22,False
RV-005058,PR-01686,3,63.8,2024-10-14,True
RV-005059,PR-01687,4,62.2,2025-12-27,True
RV-005060,PR-01687,4,49.7,2026-06-09,False
RV-005061,PR-01687,3,55.1,2025-03-21,True
RV-005062,PR-01688,2,22.3,2025-03-29,False
RV-005063,PR-01688,2,17.6,2026-03-03,True
RV-005064,PR-01688,2,24.4,2024-11-16,False
RV-005065,PR-01689,3,67.1,2024-12-14,True
RV-005066,PR-01689,4,63.9,2025-02-15,True
RV-005067,PR-01689,4,65.4,2025-10-13,False
RV-005068,PR-01690,3,54.1,2026-05-19,True
RV-005069,PR-01690,2,43.6,2024-10-24,False
RV-005070,PR-01690,3,54.2,2026-01-23,False
RV-005071,PR-01691,2,35.8,2025-11-06,True
RV-005072,PR-01691,3,29.5,2025-04-26,True
RV-005073,PR-01691,3,46.6,2026-08-12,False
RV-005074,PR-01692,4,76.2,2024-12-29,False
RV-005075,PR-01692,5,81.5,2025-06-28,True
RV-005076,PR-01692,5,84.7,2025-07-17,True
RV-005077,PR-01693,2,46.7,2024-12-25,False
RV-005078,PR-01693,3,40.7,2024-11-14,True
RV-005079,PR-01693,4,37.9,2024-10-13,False
RV-005080,PR-01694,3,29.0,2026-05-21,True
RV-005081,PR-01694,2,36.1,2026-02-03,True
RV-005082,PR-01694,2,34.8,2025-10-06,False
RV-005083,PR-01695,4,65.7,2026-01-22,True
RV-005084,PR-01695,4,69.1,2025-08-24,True
RV-005085,PR-01695,3,71.7,2024-09-14,False
RV-005086,PR-01696,1,10.4,2025-05-04,True
RV-005087,PR-01696,2,12.6,2024-12-31,False
RV-005088,PR-01696,2,12.6,2025-11-18,True
RV-005089,PR-01697,3,46.2,2026-05-18,True
RV-005090,PR-01697,2,54.6,2026-06-14,False
RV-005091,PR-01697,3,62.4,2025-07-01,True
RV-005092,PR-01698,3,51.7,2026-07-26,True
RV-005093,PR-01698,3,56.6,2026-05-14,True
RV-005094,PR-01698,3,62.6,2025-02-05,True
RV-005095,PR-01699,2,35.8,2026-04-07,False
RV-005096,PR-01699,2,31.4,2024-12-31,False
RV-005097,PR-01699,2,29.0,2026-07-15,False
RV-005098,PR-01700,4,54.4,2024-10-17,False
RV-005099,PR-01700,4,55.9,2024-12-17,False
RV-005100,PR-01700,3,52.8,2025-11-08,True
RV-005101,PR-01701,2,31.9,2025-06-01,True
RV-005102,PR-01701,2,16.2,2025-02-19,False
RV-005103,PR-01701,2,23.9,2026-09-04,False
RV-005104,PR-01702,4,73.5,2025-01-16,False
RV-005105,PR-01702,4,77.4,2026-05-08,True
RV-005106,PR-01702,4,79.8,2025-03-02,True
RV-005107,PR-01703,3,69.2,2025-05-15,True
RV-005108,PR-01703,3,66.6,2026-03-05,False
RV-005109,PR-01703,3,57.5,2026-06-13,True
RV-005110,PR-01704,4,58.0,2026-04-12,True
RV-005111,PR-01704,4,65.8,2025-02-01,False
RV-005112,PR-01704,3,55.0,2025-09-19,True
RV-005113,PR-01705,3,59.2,2025-09-19,True
RV-005114,PR-01705,3,51.8,2024-09-17,False
RV-005115,PR-01705,2,47.5,2024-10-12,False
RV-005116,PR-01706,3,51.8,2025-10-31,True
RV-005117,PR-01706,3,55.3,2025-06-07,True
RV-005118,PR-01706,4,62.9,2025-02-26,False
RV-005119,PR-01707,4,59.3,2025-09-18,False
RV-005120,PR-01707,3,62.2,2025-03-28,True
RV-005121,PR-01707,3,59.5,2025-03-08,True
RV-005122,PR-01708,2,38.4,2025-02-27,True
RV-005123,PR-01708,3,46.9,2026-05-14,True
RV-005124,PR-01708,2,30.3,2025-11-10,True
RV-005125,PR-01709,4,79.0,2024-12-01,True
RV-005126,PR-01709,4,77.4,2025-06-16,True
RV-005127,PR-01709,4,72.5,2025-01-30,True
RV-005128,PR-01710,3,51.3,2025-10-16,False
RV-005129,PR-01710,3,51.0,2025-10-19,True
RV-005130,PR-01710,3,60.8,2026-07-12,False
RV-005131,PR-01711,2,47.9,2025-11-27,False
RV-005132,PR-01711,3,38.4,2025-08-05,True
RV-005133,PR-01711,3,57.6,2025-07-24,False
RV-005134,PR-01712,4,82.6,2025-10-18,False
RV-005135,PR-01712,3,79.9,2026-04-09,False
RV-005136,PR-01712,4,73.4,2026-06-02,True
RV-005137,PR-01713,3,46.2,2026-04-12,True
RV-005138,PR-01713,3,39.5,2026-08-06,False
RV-005139,PR-01713,3,45.1,2025-07-22,False
RV-005140,PR-01714,4,71.0,2025-10-26,False
RV-005141,PR-01714,3,78.8,2025-11-21,True
RV-005142,PR-01714,4,69.2,2025-02-06,False
RV-005143,PR-01715,3,56.0,2025-08-18,False
RV-005144,PR-01715,3,53.5,2026-01-10,False
RV-005145,PR-01715,4,67.6,2026-04-13,True
RV-005146,PR-01716,4,72.6,2026-04-11,False
RV-005147,PR-01716,3,72.4,2025-06-12,False
RV-005148,PR-01716,4,73.2,2024-10-21,False
RV-005149,PR-01717,3,55.7,2024-12-11,True
RV-005150,PR-01717,3,57.6,2025-09-08,True
RV-005151,PR-01717,3,55.1,2025-02-18,True
RV-005152,PR-01718,4,61.3,2025-11-01,True
RV-005153,PR-01718,3,70.8,2024-11-20,False
RV-005154,PR-01718,3,65.4,2025-07-16,True
RV-005155,PR-01719,3,54.5,2024-11-08,False
RV-005156,PR-01719,2,48.8,2024-11-10,True
RV-005157,PR-01719,3,49.6,2026-03-18,False
RV-005158,PR-01720,3,43.0,2026-02-02,True
RV-005159,PR-01720,3,50.1,2025-11-21,True
RV-005160,PR-01720,2,43.7,2025-09-09,False
RV-005161,PR-01721,4,72.3,2026-01-21,True
RV-005162,PR-01721,4,70.1,2025-10-31,True
RV-005163,PR-01721,4,63.3,2025-08-10,False
RV-005164,PR-01722,4,84.3,2025-09-23,False
RV-005165,PR-01722,4,73.0,2025-08-19,False
RV-005166,PR-01722,4,81.4,2026-02-16,True
RV-005167,PR-01723,4,74.2,2026-06-27,True
RV-005168,PR-01723,4,62.6,2024-09-16,False
RV-005169,PR-01723,4,67.3,2025-02-08,False
RV-005170,PR-01724,4,63.5,2025-04-23,True
RV-005171,PR-01724,4,64.3,2025-05-28,True
RV-005172,PR-01724,4,62.9,2025-11-09,True
RV-005173,PR-01725,3,52.0,2024-11-10,False
RV-005174,PR-01725,3,41.2,2026-07-17,False
RV-005175,PR-01725,3,51.7,2025-09-30,False
RV-005176,PR-01726,3,51.0,2025-06-16,False
RV-005177,PR-01726,3,49.4,2026-03-23,False
RV-005178,PR-01726,3,45.9,2026-05-27,True
RV-005179,PR-01727,2,33.5,2026-05-23,False
RV-005180,PR-01727,3,41.1,2026-09-07,True
RV-005181,PR-01727,2,33.8,2025-06-03,False
RV-005182,PR-01728,3,43.8,2026-06-07,True
RV-005183,PR-01728,3,39.0,2025-10-11,True
RV-005184,PR-01728,2,56.7,2024-10-27,False
RV-005185,PR-01729,3,42.5,2024-10-29,True
RV-005186,PR-01729,2,40.5,2025-10-11,False
RV-005187,PR-01729,3,40.2,2025-07-21,False
RV-005188,PR-01730,3,54.5,2024-11-21,True
RV-005189,PR-01730,3,42.5,2025-11-26,True
RV-005190,PR-01730,3,46.6,2025-11-18,True
RV-005191,PR-01731,3,57.8,2025-08-13,False
RV-005192,PR-01731,3,68.6,2025-01-09,True
RV-005193,PR-01731,3,61.2,2025-08-06,False
RV-005194,PR-01732,3,66.1,2024-11-06,True
RV-005195,PR-01732,3,56.5,2026-02-09,False
RV-005196,PR-01732,4,71.8,2026-07-25,False
RV-005197,PR-01733,3,49.0,2026-04-29,True
RV-005198,PR-01733,3,55.1,2024-12-11,False
RV-005199,PR-01733,3,70.6,2024-11-17,True
RV-005200,PR-01734,3,71.0,2026-01-30,True
RV-005201,PR-01734,4,65.9,2026-01-26,False
RV-005202,PR-01734,4,67.4,2025-07-04,False
RV-005203,PR-01735,4,48.8,2026-04-06,True
RV-005204,PR-01735,3,54.2,2025-11-18,False
RV-005205,PR-01735,3,50.0,2026-01-23,False
RV-005206,PR-01736,4,82.2,2025-11-03,True
RV-005207,PR-01736,4,66.8,2026-08-10,True
RV-005208,PR-01736,4,59.1,2025-01-12,True
RV-005209,PR-01737,3,57.0,2024-09-24,False
RV-005210,PR-01737,4,66.2,2025-12-24,False
RV-005211,PR-01737,4,66.1,2025-03-14,True
RV-005212,PR-01738,3,53.1,2025-12-10,False
RV-005213,PR-01738,4,68.0,2026-05-18,True
RV-005214,PR-01738,3,51.7,2026-01-04,False
RV-005215,PR-01739,3,65.3,2026-09-08,True
RV-005216,PR-01739,3,70.7,2025-12-07,True
RV-005217,PR-01739,4,55.8,2025-01-08,False
RV-005218,PR-01740,3,63.4,2026-01-28,False
RV-005219,PR-01740,4,66.8,2025-01-14,False
RV-005220,PR-01740,4,65.7,2025-07-19,True
RV-005221,PR-01741,1,13.3,2025-10-03,False
RV-005222,PR-01741,1,4.1,2025-03-06,False
RV-005223,PR-01741,1,8.6,2025-01-10,True
RV-005224,PR-01742,3,51.0,2025-10-27,True
RV-005225,PR-01742,4,69.9,2026-04-06,False
RV-005226,PR-01742,3,58.9,2025-01-24,False
RV-005227,PR-01743,3,58.8,2025-07-11,False
RV-005228,PR-01743,2,47.6,2025-04-25,False
RV-005229,PR-01743,3,51.2,2025-03-21,True
RV-005230,PR-01744,3,41.7,2025-11-10,False
RV-005231,PR-01744,3,47.5,2025-03-02,True
RV-005232,PR-01744,3,41.9,2025-05-29,False
RV-005233,PR-01745,4,91.0,2025-05-01,False
RV-005234,PR-01745,5,84.6,2025-12-30,False
RV-005235,PR-01745,5,83.6,2024-12-11,False
RV-005236,PR-01746,2,21.9,2025-04-29,True
RV-005237,PR-01746,1,12.1,2025-07-10,True
RV-005238,PR-01746,2,25.8,2026-07-02,False
RV-005239,PR-01747,4,73.4,2024-09-27,False
RV-005240,PR-01747,3,61.9,2024-10-27,False
RV-005241,PR-01747,4,66.5,2026-08-25,True
RV-005242,PR-01748,5,78.8,2025-08-08,True
RV-005243,PR-01748,4,72.7,2025-08-27,True
RV-005244,PR-01748,4,72.7,2024-10-02,False
RV-005245,PR-01749,4,62.7,2025-05-03,False
RV-005246,PR-01749,3,67.9,2025-01-19,True
RV-005247,PR-01749,5,61.9,2025-09-15,False
RV-005248,PR-01750,4,73.1,2025-08-01,True
RV-005249,PR-01750,4,73.3,2025-08-24,True
RV-005250,PR-01750,4,81.2,2024-10-03,True
RV-005251,PR-01751,3,60.1,2025-10-03,False
RV-005252,PR-01751,4,59.6,2025-11-30,True
RV-005253,PR-01751,4,48.0,2024-10-22,True
RV-005254,PR-01752,4,72.3,2026-07-01,True
RV-005255,PR-01752,4,69.5,2025-11-21,False
RV-005256,PR-01752,4,77.8,2026-09-03,False
RV-005257,PR-01753,3,43.0,2024-12-21,True
RV-005258,PR-01753,3,40.0,2025-05-14,True
RV-005259,PR-01753,3,38.3,2024-12-13,False
RV-005260,PR-01754,4,71.8,2026-04-09,False
RV-005261,PR-01754,4,79.4,2026-08-21,False
RV-005262,PR-01754,4,76.4,2024-09-22,False
RV-005263,PR-01755,4,68.6,2025-08-09,False
RV-005264,PR-01755,4,74.3,2026-05-08,True
RV-005265,PR-01755,3,62.6,2025-06-20,True
RV-005266,PR-01756,1,10.6,2025-02-16,True
RV-005267,PR-01756,2,19.5,2026-07-28,False
RV-005268,PR-01756,1,18.4,2025-05-17,False
RV-005269,PR-01757,3,55.7,2025-11-23,False
RV-005270,PR-01757,3,50.2,2026-04-05,False
RV-005271,PR-01757,3,62.1,2025-04-15,True
RV-005272,PR-01758,3,41.8,2026-05-22,True
RV-005273,PR-01758,3,44.4,2026-05-31,True
RV-005274,PR-01758,3,32.6,2025-09-19,False
RV-005275,PR-01759,2,50.1,2024-11-17,True
RV-005276,PR-01759,3,44.5,2026-06-04,True
RV-005277,PR-01759,3,51.8,2025-02-01,True
RV-005278,PR-01760,3,56.6,2026-06-16,False
RV-005279,PR-01760,3,59.2,2025-12-29,True
RV-005280,PR-01760,3,54.0,2025-02-19,False
RV-005281,PR-01761,2,53.0,2025-01-13,True
RV-005282,PR-01761,3,38.1,2025-04-03,True
RV-005283,PR-01761,3,43.3,2025-09-27,False
RV-005284,PR-01762,3,55.4,2024-09-22,False
RV-005285,PR-01762,3,47.8,2025-05-27,False
RV-005286,PR-01762,4,54.6,2025-08-25,True
RV-005287,PR-01763,3,49.1,2025-04-24,True
RV-005288,PR-01763,3,46.4,2025-01-08,False
RV-005289,PR-01763,3,54.7,2025-07-21,True
RV-005290,PR-01764,3,82.5,2025-12-22,True
RV-005291,PR-01764,3,72.6,2025-09-30,True
RV-005292,PR-01764,4,69.7,2026-08-20,True
RV-005293,PR-01765,4,61.3,2025-12-20,True
RV-005294,PR-01765,4,60.4,2024-12-07,True
RV-005295,PR-01765,3,55.5,2024-12-21,False
RV-005296,PR-01766,3,85.8,2024-09-17,True
RV-005297,PR-01766,4,72.9,2025-07-12,True
RV-005298,PR-01766,3,73.5,2024-10-23,False
RV-005299,PR-01767,3,34.5,2025-07-23,False
RV-005300,PR-01767,3,35.9,2025-05-17,False
RV-005301,PR-01767,2,40.8,2026-08-10,True
RV-005302,PR-01768,2,22.8,2024-12-08,True
RV-005303,PR-01768,2,37.9,2026-06-21,True
RV-005304,PR-01768,2,25.6,2026-09-11,True
RV-005305,PR-01769,4,86.4,2025-01-14,True
RV-005306,PR-01769,5,94.7,2025-06-20,False
RV-005307,PR-01769,5,94.2,2025-05-19,False
RV-005308,PR-01770,2,19.9,2025-11-25,True
RV-005309,PR-01770,3,24.5,2024-10-29,True
RV-005310,PR-01770,2,38.8,2025-10-04,True
RV-005311,PR-01771,2,29.6,2024-09-13,True
RV-005312,PR-01771,2,13.6,2024-09-20,True
RV-005313,PR-01771,2,27.8,2025-02-28,True
RV-005314,PR-01772,3,34.3,2025-06-24,True
RV-005315,PR-01772,2,41.8,2026-08-04,False
RV-005316,PR-01772,2,45.6,2024-12-11,True
RV-005317,PR-01773,2,32.6,2026-04-29,True
RV-005318,PR-01773,3,31.6,2025-10-02,True
RV-005319,PR-01773,2,24.4,2025-03-19,False
RV-005320,PR-01774,3,46.9,2024-12-14,False
RV-005321,PR-01774,3,44.3,2026-02-17,True
RV-005322,PR-01774,2,47.6,2026-02-12,True
RV-005323,PR-01775,3,45.8,2025-10-29,False
RV-005324,PR-01775,3,43.6,2026-01-09,False
RV-005325,PR-01775,3,51.2,2026-01-25,True
RV-005326,PR-01776,4,54.4,2025-10-24,False
RV-005327,PR-01776,4,55.0,2025-12-09,False
RV-005328,PR-01776,4,65.5,2026-05-01,True
RV-005329,PR-01777,3,49.5,2025-05-05,True
RV-005330,PR-01777,3,56.3,2025-03-26,False
RV-005331,PR-01777,3,53.1,2024-10-08,False
RV-005332,PR-01778,3,60.6,2025-05-24,False
RV-005333,PR-01778,4,60.8,2024-11-29,True
RV-005334,PR-01778,4,60.0,2024-12-26,False
RV-005335,PR-01779,3,79.8,2024-12-18,True
RV-005336,PR-01779,4,70.1,2026-03-07,True
RV-005337,PR-01779,3,73.8,2026-04-22,True
RV-005338,PR-01780,4,90.3,2024-09-26,False
RV-005339,PR-01780,5,77.7,2025-01-16,True
RV-005340,PR-01780,4,75.1,2025-09-22,False
RV-005341,PR-01781,5,94.7,2024-09-25,True
RV-005342,PR-01781,5,86.6,2025-02-20,False
RV-005343,PR-01781,5,86.7,2026-05-31,True
RV-005344,PR-01782,3,37.4,2024-10-27,False
RV-005345,PR-01782,3,42.1,2025-03-17,True
RV-005346,PR-01782,3,39.6,2026-07-14,True
RV-005347,PR-01783,2,48.2,2025-05-03,False
RV-005348,PR-01783,3,30.1,2026-03-19,False
RV-005349,PR-01783,2,28.2,2026-07-28,False
RV-005350,PR-01784,3,53.4,2026-06-30,False
RV-005351,PR-01784,2,52.2,2026-01-12,False
RV-005352,PR-01784,3,49.9,2026-05-16,True
RV-005353,PR-01785,4,82.1,2025-02-13,True
RV-005354,PR-01785,5,82.5,2025-07-21,True
RV-005355,PR-01785,4,74.2,2025-09-19,False
RV-005356,PR-01786,4,66.3,2026-03-12,False
RV-005357,PR-01786,4,73.3,2025-11-17,False
RV-005358,PR-01786,3,75.6,2024-11-06,False
RV-005359,PR-01787,2,41.1,2025-05-27,True
RV-005360,PR-01787,3,48.6,2025-02-13,False
RV-005361,PR-01787,3,43.5,2025-06-03,False
RV-005362,PR-01788,2,39.2,2026-08-26,False
RV-005363,PR-01788,3,41.7,2025-06-12,False
RV-005364,PR-01788,2,35.9,2025-05-18,False
RV-005365,PR-01789,4,76.4,2026-08-08,True
RV-005366,PR-01789,4,64.9,2024-12-01,True
RV-005367,PR-01789,3,74.6,2026-04-28,True
RV-005368,PR-01790,4,66.4,2025-02-12,True
RV-005369,PR-01790,3,72.8,2026-08-09,True
RV-005370,PR-01790,3,64.3,2024-09-19,False
RV-005371,PR-01791,2,30.7,2025-04-02,True
RV-005372,PR-01791,2,12.6,2025-06-23,True
RV-005373,PR-01791,2,31.8,2025-03-18,False
RV-005374,PR-01792,3,40.0,2025-08-03,False
RV-005375,PR-01792,3,45.6,2026-05-16,True
RV-005376,PR-01792,3,40.0,2026-03-25,True
RV-005377,PR-01793,4,64.7,2026-04-08,False
RV-005378,PR-01793,3,68.5,2025-05-25,False
RV-005379,PR-01793,4,67.2,2024-11-30,False
RV-005380,PR-01794,3,44.3,2025-10-13,True
RV-005381,PR-01794,3,29.2,2025-02-17,False
RV-005382,PR-01794,3,47.3,2025-11-27,False
RV-005383,PR-01795,4,72.8,2026-04-03,False
RV-005384,PR-01795,3,69.6,2026-03-28,True
RV-005385,PR-01795,4,67.6,2026-05-11,False
RV-005386,PR-01796,3,74.3,2024-10-12,False
RV-005387,PR-01796,4,57.8,2025-02-02,True
RV-005388,PR-01796,4,69.8,2025-03-09,False
RV-005389,PR-01797,4,55.4,2025-09-09,True
RV-005390,PR-01797,3,55.3,2024-12-09,False
RV-005391,PR-01797,4,61.1,2025-09-17,True
RV-005392,PR-01798,4,64.4,2025-07-29,True
RV-005393,PR-01798,5,85.4,2025-01-06,False
RV-005394,PR-01798,4,84.9,2026-08-31,True
RV-005395,PR-01799,3,36.9,2025-01-13,True
RV-005396,PR-01799,2,32.0,2026-02-14,False
RV-005397,PR-01799,3,43.3,2026-02-09,False
RV-005398,PR-01800,2,41.0,2024-11-03,True
RV-005399,PR-01800,2,44.4,2025-03-29,False
RV-005400,PR-01800,3,38.2,2026-03-20,False
RV-005401,PR-01801,4,87.5,2025-08-10,False
RV-005402,PR-01801,4,78.7,2025-08-19,True
RV-005403,PR-01801,4,79.5,2026-08-30,True
RV-005404,PR-01802,4,57.4,2026-03-19,False
RV-005405,PR-01802,4,73.2,2026-07-20,True
RV-005406,PR-01802,3,72.1,2025-01-20,True
RV-005407,PR-01803,3,61.0,2025-03-05,True
RV-005408,PR-01803,3,50.1,2025-10-23,False
RV-005409,PR-01803,3,57.3,2026-06-05,False
RV-005410,PR-01804,4,66.6,2025-11-18,True
RV-005411,PR-01804,4,79.6,2026-06-21,True
RV-005412,PR-01804,4,87.1,2025-05-16,True
RV-005413,PR-01805,4,54.5,2025-10-30,True
RV-005414,PR-01805,4,53.7,2025-05-09,True
RV-005415,PR-01805,3,54.8,2026-05-19,False
RV-005416,PR-01806,3,69.2,2025-04-30,False
RV-005417,PR-01806,3,62.6,2026-04-12,False
RV-005418,PR-01806,4,57.0,2024-10-29,False
RV-005419,PR-01807,5,85.5,2026-07-20,True
RV-005420,PR-01807,5,95.2,2026-03-31,False
RV-005421,PR-01807,4,90.8,2025-09-30,False
RV-005422,PR-01808,3,45.8,2024-10-27,True
RV-005423,PR-01808,3,48.4,2026-05-14,False
RV-005424,PR-01808,4,58.3,2024-10-03,True
RV-005425,PR-01809,2,32.5,2025-08-28,True
RV-005426,PR-01809,2,22.4,2026-05-16,False
RV-005427,PR-01809,1,23.2,2025-07-26,False
RV-005428,PR-01810,3,61.6,2024-10-05,True
RV-005429,PR-01810,4,54.8,2024-11-19,True
RV-005430,PR-01810,3,50.9,2026-03-16,False
RV-005431,PR-01811,4,55.6,2024-10-09,True
RV-005432,PR-01811,4,57.7,2026-01-02,False
RV-005433,PR-01811,3,60.9,2024-10-15,False
RV-005434,PR-01812,4,72.2,2026-01-24,True
RV-005435,PR-01812,3,83.7,2026-03-10,False
RV-005436,PR-01812,4,78.0,2026-09-06,False
RV-005437,PR-01813,3,34.1,2026-07-17,False
RV-005438,PR-01813,2,49.2,2025-04-08,True
RV-005439,PR-01813,3,35.6,2025-05-28,True
RV-005440,PR-01814,3,52.7,2026-02-02,True
RV-005441,PR-01814,3,51.1,2025-09-02,False
RV-005442,PR-01814,4,82.9,2026-04-27,False
RV-005443,PR-01815,3,57.6,2024-10-19,True
RV-005444,PR-01815,3,57.9,2026-01-26,True
RV-005445,PR-01815,4,56.3,2026-04-15,True
RV-005446,PR-01816,2,45.1,2026-04-10,True
RV-005447,PR-01816,2,43.0,2025-07-05,True
RV-005448,PR-01816,2,46.0,2024-10-15,False
RV-005449,PR-01817,3,66.9,2025-05-23,False
RV-005450,PR-01817,4,68.6,2025-09-09,True
RV-005451,PR-01817,4,71.7,2026-06-10,True
RV-005452,PR-01818,3,40.7,2026-08-17,False
RV-005453,PR-01818,3,38.8,2026-06-06,False
RV-005454,PR-01818,2,47.2,2025-10-18,False
RV-005455,PR-01819,5,85.5,2025-08-03,True
RV-005456,PR-01819,5,84.5,2025-04-06,False
RV-005457,PR-01819,4,80.5,2026-03-13,False
RV-005458,PR-01820,4,79.2,2025-12-09,False
RV-005459,PR-01820,5,75.5,2026-03-11,False
RV-005460,PR-01820,4,85.2,2024-12-17,False
RV-005461,PR-01821,4,46.7,2025-06-09,False
RV-005462,PR-01821,4,50.2,2026-01-11,False
RV-005463,PR-01821,3,58.7,2026-01-01,False
RV-005464,PR-01822,3,65.1,2025-06-21,False
RV-005465,PR-01822,4,65.7,2024-12-30,True
RV-005466,PR-01822,3,62.0,2025-12-27,False
RV-005467,PR-01823,5,86.4,2025-02-03,True
RV-005468,PR-01823,4,72.1,2025-12-27,False
RV-005469,PR-01823,5,88.3,2025-01-06,False
RV-005470,PR-01824,2,45.0,2026-07-23,False
RV-005471,PR-01824,3,51.6,2025-11-04,False
RV-005472,PR-01824,3,48.9,2026-01-26,True
RV-005473,PR-01825,2,7.3,2025-03-27,False
RV-005474,PR-01825,2,13.7,2024-10-05,True
RV-005475,PR-01825,2,8.1,2025-06-27,False
RV-005476,PR-01826,4,60.3,2025-07-11,True
RV-005477,PR-01826,4,56.6,2024-11-28,True
RV-005478,PR-01826,4,60.9,2024-12-29,True
RV-005479,PR-01827,5,94.3,2025-07-06,False
RV-005480,PR-01827,4,96.6,2026-03-23,False
RV-005481,PR-01827,4,91.8,2026-05-09,False
RV-005482,PR-01828,4,73.0,2026-05-18,False
RV-005483,PR-01828,4,69.1,2025-08-26,False
RV-005484,PR-01828,5,77.4,2025-10-23,True
RV-005485,PR-01829,2,38.3,2025-03-07,False
RV-005486,PR-01829,3,41.0,2025-10-13,True
RV-005487,PR-01829,3,31.1,2024-10-10,False
RV-005488,PR-01830,3,59.5,2026-07-26,False
RV-005489,PR-01830,4,53.5,2025-07-19,True
RV-005490,PR-01830,3,44.2,2025-08-02,False
RV-005491,PR-01831,3,55.0,2026-01-21,False
RV-005492,PR-01831,3,63.5,2025-12-28,False
RV-005493,PR-01831,3,61.4,2026-07-28,False
RV-005494,PR-01832,4,77.7,2026-03-20,True
RV-005495,PR-01832,4,76.0,2025-04-08,False
RV-005496,PR-01832,5,95.7,2025-01-26,False
RV-005497,PR-01833,2,42.0,2025-03-17,False
RV-005498,PR-01833,2,32.5,2024-12-27,True
RV-005499,PR-01833,3,48.5,2026-02-15,True
RV-005500,PR-01834,3,58.0,2025-09-05,False
RV-005501,PR-01834,4,62.3,2025-01-21,False
RV-005502,PR-01834,4,66.5,2024-12-07,False
RV-005503,PR-01835,3,56.4,2026-04-24,False
RV-005504,PR-01835,3,58.3,2025-08-17,True
RV-005505,PR-01835,3,68.1,2025-09-04,False
RV-005506,PR-01836,3,52.4,2025-04-19,False
RV-005507,PR-01836,2,45.4,2026-08-02,False
RV-005508,PR-01836,3,44.7,2026-06-26,True
RV-005509,PR-01837,3,53.0,2025-01-06,True
RV-005510,PR-01837,3,66.1,2026-02-10,True
RV-005511,PR-01837,3,64.6,2026-07-11,False
RV-005512,PR-01838,3,44.2,2025-11-23,True
RV-005513,PR-01838,3,45.2,2024-12-11,False
RV-005514,PR-01838,2,41.0,2026-05-22,True
RV-005515,PR-01839,2,49.4,2026-02-14,False
RV-005516,PR-01839,3,47.1,2026-02-04,True
RV-005517,PR-01839,2,46.5,2026-02-12,True
RV-005518,PR-01840,3,46.5,2024-09-20,True
RV-005519,PR-01840,3,46.3,2026-08-08,True
RV-005520,PR-01840,3,40.3,2026-06-14,True
RV-005521,PR-01841,2,28.2,2025-05-23,False
RV-005522,PR-01841,2,28.2,2025-02-09,False
RV-005523,PR-01841,3,31.3,2024-10-22,True
RV-005524,PR-01842,3,63.6,2026-02-27,False
RV-005525,PR-01842,3,45.7,2026-03-14,False
RV-005526,PR-01842,4,60.8,2025-11-21,False
RV-005527,PR-01843,2,32.1,2025-11-05,False
RV-005528,PR-01843,2,29.5,2025-09-02,True
RV-005529,PR-01843,2,41.9,2025-10-21,False
RV-005530,PR-01844,3,58.0,2024-10-19,True
RV-005531,PR-01844,3,61.9,2026-05-21,False
RV-005532,PR-01844,3,53.7,2024-09-23,True
RV-005533,PR-01845,3,46.7,2025-02-03,False
RV-005534,PR-01845,3,37.9,2026-02-02,True
RV-005535,PR-01845,3,63.9,2025-06-13,True
RV-005536,PR-01846,3,55.6,2026-02-21,True
RV-005537,PR-01846,4,64.5,2024-10-22,True
RV-005538,PR-01846,3,64.9,2025-11-14,True
RV-005539,PR-01847,4,77.6,2026-04-28,True
RV-005540,PR-01847,4,66.0,2026-03-28,False
RV-005541,PR-01847,5,76.9,2025-09-16,False
RV-005542,PR-01848,2,39.8,2024-12-10,False
RV-005543,PR-01848,2,32.5,2026-05-26,False
RV-005544,PR-01848,2,21.7,2026-04-26,True
RV-005545,PR-01849,4,74.0,2025-05-30,False
RV-005546,PR-01849,4,85.7,2025-03-15,False
RV-005547,PR-01849,4,80.2,2026-05-13,True
RV-005548,PR-01850,4,83.7,2026-02-08,True
RV-005549,PR-01850,3,66.6,2026-06-16,False
RV-005550,PR-01850,4,71.4,2024-10-05,False
RV-005551,PR-01851,3,47.9,2025-08-27,False
RV-005552,PR-01851,2,47.3,2026-04-16,True
RV-005553,PR-01851,3,31.4,2026-01-31,False
RV-005554,PR-01852,3,83.9,2026-06-07,False
RV-005555,PR-01852,4,75.2,2026-09-10,True
RV-005556,PR-01852,4,92.6,2025-08-14,True
RV-005557,PR-01853,3,67.2,2025-10-16,False
RV-005558,PR-01853,3,64.9,2025-05-10,False
RV-005559,PR-01853,4,68.0,2024-10-30,True
RV-005560,PR-01854,4,67.2,2024-11-12,False
RV-005561,PR-01854,3,58.1,2025-05-29,True
RV-005562,PR-01854,3,54.0,2025-05-17,False
RV-005563,PR-01855,2,20.4,2025-09-02,True
RV-005564,PR-01855,2,35.7,2025-09-23,False
RV-005565,PR-01855,1,28.3,2025-02-07,False
RV-005566,PR-01856,3,72.7,2025-09-14,True
RV-005567,PR-01856,4,72.8,2025-03-30,False
RV-005568,PR-01856,5,85.1,2026-02-21,True
RV-005569,PR-01857,4,74.7,2025-09-29,True
RV-005570,PR-01857,3,70.5,2025-07-21,False
RV-005571,PR-01857,3,64.0,2025-04-09,False
RV-005572,PR-01858,2,32.5,2026-01-04,True
RV-005573,PR-01858,3,37.1,2025-09-01,False
RV-005574,PR-01858,2,24.6,2025-01-14,False
RV-005575,PR-01859,3,51.5,2025-11-10,True
RV-005576,PR-01859,3,47.6,2024-11-06,True
RV-005577,PR-01859,4,53.6,2026-03-26,True
RV-005578,PR-01860,2,35.8,2026-02-18,True
RV-005579,PR-01860,2,34.6,2025-02-17,False
RV-005580,PR-01860,2,25.0,2025-03-19,False
RV-005581,PR-01861,3,50.0,2024-11-03,True
RV-005582,PR-01861,2,36.6,2024-09-27,True
RV-005583,PR-01861,3,62.3,2024-10-18,False
RV-005584,PR-01862,2,29.5,2024-12-14,True
RV-005585,PR-01862,3,34.3,2025-06-23,False
RV-005586,PR-01862,2,35.1,2024-10-02,False
RV-005587,PR-01863,4,69.4,2026-06-11,True
RV-005588,PR-01863,4,71.1,2024-11-26,True
RV-005589,PR-01863,4,75.0,2026-06-13,True
RV-005590,PR-01864,3,42.3,2026-04-28,True
RV-005591,PR-01864,3,50.3,2024-09-12,False
RV-005592,PR-01864,3,41.2,2026-06-04,True
RV-005593,PR-01865,3,58.0,2026-04-07,False
RV-005594,PR-01865,4,60.0,2026-08-23,False
RV-005595,PR-01865,3,63.6,2026-03-15,True
RV-005596,PR-01866,4,55.3,2024-12-24,False
RV-005597,PR-01866,4,66.0,2025-04-13,False
RV-005598,PR-01866,2,54.6,2024-11-27,False
RV-005599,PR-01867,2,39.4,2025-08-28,True
RV-005600,PR-01867,2,45.4,2025-09-13,False
RV-005601,PR-01867,2,39.5,2025-08-06,True
RV-005602,PR-01868,4,77.0,2026-03-22,False
RV-005603,PR-01868,4,77.5,2026-02-17,True
RV-005604,PR-01868,4,84.0,2025-03-19,False
RV-005605,PR-01869,4,78.5,2026-05-19,False
RV-005606,PR-01869,5,75.7,2025-01-28,False
RV-005607,PR-01869,4,80.8,2025-08-23,True
RV-005608,PR-01870,3,50.5,2026-06-30,True
RV-005609,PR-01870,4,53.6,2026-02-28,False
RV-005610,PR-01870,3,57.8,2026-05-18,False
RV-005611,PR-01871,5,89.9,2025-09-05,False
RV-005612,PR-01871,5,85.7,2025-09-14,False
RV-005613,PR-01871,4,78.4,2025-04-05,True
RV-005614,PR-01872,4,75.5,2026-03-07,False
RV-005615,PR-01872,3,64.4,2024-12-22,False
RV-005616,PR-01872,4,72.3,2026-01-25,True
RV-005617,PR-01873,5,89.2,2026-04-14,False
RV-005618,PR-01873,5,80.4,2026-04-22,True
RV-005619,PR-01873,4,78.0,2025-06-24,False
RV-005620,PR-01874,2,33.6,2024-10-19,True
RV-005621,PR-01874,2,29.3,2026-03-30,False
RV-005622,PR-01874,2,15.9,2026-04-01,True
RV-005623,PR-01875,3,80.4,2025-01-27,True
RV-005624,PR-01875,4,71.6,2025-10-20,False
RV-005625,PR-01875,4,67.0,2026-04-06,True
RV-005626,PR-01876,3,46.3,2026-02-23,True
RV-005627,PR-01876,3,52.6,2026-04-06,True
RV-005628,PR-01876,3,36.7,2026-06-06,False
RV-005629,PR-01877,4,70.1,2026-01-30,True
RV-005630,PR-01877,3,48.9,2025-03-22,False
RV-005631,PR-01877,3,60.8,2026-01-07,True
RV-005632,PR-01878,3,55.2,2025-10-31,False
RV-005633,PR-01878,3,53.7,2025-06-22,False
RV-005634,PR-01878,3,56.9,2025-02-19,False
RV-005635,PR-01879,3,61.9,2025-06-16,False
RV-005636,PR-01879,3,56.3,2025-09-28,False
RV-005637,PR-01879,3,33.5,2025-10-22,False
RV-005638,PR-01880,3,52.2,2026-06-05,True
RV-005639,PR-01880,2,47.7,2026-03-07,True
RV-005640,PR-01880,2,37.8,2024-11-09,True
RV-005641,PR-01881,3,69.6,2025-01-01,True
RV-005642,PR-01881,4,69.1,2024-10-14,True
RV-005643,PR-01881,4,68.7,2025-01-19,False
RV-005644,PR-01882,5,96.5,2025-06-23,False
RV-005645,PR-01882,4,90.3,2025-02-27,False
RV-005646,PR-01882,5,93.3,2024-10-05,False
RV-005647,PR-01883,4,67.0,2026-01-01,True
RV-005648,PR-01883,4,73.2,2026-03-02,True
RV-005649,PR-01883,3,69.7,2025-04-17,False
RV-005650,PR-01884,4,66.4,2026-01-11,False
RV-005651,PR-01884,3,65.9,2025-07-04,False
RV-005652,PR-01884,3,58.6,2025-04-20,True
RV-005653,PR-01885,3,36.3,2026-06-03,True
RV-005654,PR-01885,3,47.7,2025-10-14,True
RV-005655,PR-01885,3,36.8,2025-06-14,True
RV-005656,PR-01886,4,80.6,2026-06-27,True
RV-005657,PR-01886,4,79.8,2026-07-31,True
RV-005658,PR-01886,5,74.5,2024-11-27,False
RV-005659,PR-01887,2,23.5,2025-04-23,True
RV-005660,PR-01887,2,22.2,2024-09-21,True
RV-005661,PR-01887,2,22.1,2026-02-14,False
RV-005662,PR-01888,5,78.4,2026-05-04,True
RV-005663,PR-01888,5,75.2,2025-02-05,True
RV-005664,PR-01888,4,82.2,2025-02-11,False
RV-005665,PR-01889,2,6.5,2025-05-20,False
RV-005666,PR-01889,1,14.2,2025-08-23,False
RV-005667,PR-01889,2,13.7,2025-01-17,True
RV-005668,PR-01890,4,76.7,2026-03-08,False
RV-005669,PR-01890,4,62.8,2025-02-06,True
RV-005670,PR-01890,3,67.8,2025-01-31,True
RV-005671,PR-01891,4,63.8,2024-11-27,False
RV-005672,PR-01891,4,56.3,2024-10-03,False
RV-005673,PR-01891,4,50.4,2025-06-17,True
RV-005674,PR-01892,2,57.1,2025-03-16,False
RV-005675,PR-01892,3,55.5,2024-09-27,True
RV-005676,PR-01892,3,55.9,2024-12-04,False
RV-005677,PR-01893,2,46.7,2025-10-17,False
RV-005678,PR-01893,3,42.2,2025-07-09,True
RV-005679,PR-01893,2,42.2,2025-03-28,False
RV-005680,PR-01894,3,49.9,2026-07-12,True
RV-005681,PR-01894,3,53.1,2025-05-07,True
RV-005682,PR-01894,3,38.0,2025-09-19,True
RV-005683,PR-01895,5,63.7,2025-08-03,True
RV-005684,PR-01895,4,75.7,2025-05-09,True
RV-005685,PR-01895,4,64.8,2024-09-13,False
RV-005686,PR-01896,4,64.8,2026-01-17,True
RV-005687,PR-01896,4,66.8,2025-09-22,True
RV-005688,PR-01896,4,63.5,2026-04-13,False
RV-005689,PR-01897,3,47.2,2025-12-05,True
RV-005690,PR-01897,3,39.9,2026-07-03,True
RV-005691,PR-01897,2,39.1,2026-06-26,False
RV-005692,PR-01898,3,63.3,2025-12-30,False
RV-005693,PR-01898,4,69.2,2026-07-28,False
RV-005694,PR-01898,3,60.0,2025-04-18,False
RV-005695,PR-01899,4,73.1,2026-05-27,True
RV-005696,PR-01899,4,73.9,2025-08-14,True
RV-005697,PR-01899,4,70.0,2025-05-06,False
RV-005698,PR-01900,3,49.2,2025-02-17,True
RV-005699,PR-01900,2,45.5,2025-09-26,False
RV-005700,PR-01900,3,46.1,2025-09-03,False
RV-005701,PR-01901,3,66.4,2025-06-25,False
RV-005702,PR-01901,3,66.4,2026-04-16,False
RV-005703,PR-01901,3,57.9,2026-06-02,True
RV-005704,PR-01902,3,53.4,2026-03-27,True
RV-005705,PR-01902,3,37.5,2025-09-26,True
RV-005706,PR-01902,3,31.7,2025-07-16,False
RV-005707,PR-01903,4,67.2,2026-08-04,False
RV-005708,PR-01903,4,77.2,2026-05-12,True
RV-005709,PR-01903,3,83.8,2025-08-27,True
RV-005710,PR-01904,3,60.3,2024-12-16,True
RV-005711,PR-01904,3,58.4,2025-07-22,True
RV-005712,PR-01904,4,67.8,2026-03-04,False
RV-005713,PR-01905,3,40.9,2025-02-07,False
RV-005714,PR-01905,3,44.6,2026-02-26,False
RV-005715,PR-01905,3,44.5,2025-05-25,True
RV-005716,PR-01906,2,45.1,2025-07-06,False
RV-005717,PR-01906,4,39.9,2025-01-09,False
RV-005718,PR-01906,2,35.6,2025-09-26,False
RV-005719,PR-01907,4,76.8,2025-09-28,False
RV-005720,PR-01907,5,68.6,2026-02-22,False
RV-005721,PR-01907,4,79.4,2026-06-27,False
RV-005722,PR-01908,3,61.7,2025-05-02,True
RV-005723,PR-01908,4,56.5,2025-02-12,True
RV-005724,PR-01908,3,54.4,2026-03-15,False
RV-005725,PR-01909,5,83.3,2026-03-09,True
RV-005726,PR-01909,4,83.6,2026-02-01,False
RV-005727,PR-01909,4,84.4,2026-01-14,False
RV-005728,PR-01910,4,60.5,2026-01-26,True
RV-005729,PR-01910,4,82.7,2025-06-13,True
RV-005730,PR-01910,4,58.1,2026-05-16,False
RV-005731,PR-01911,5,70.8,2025-10-25,True
RV-005732,PR-01911,4,83.2,2025-03-30,True
RV-005733,PR-01911,4,80.2,2026-04-14,False
RV-005734,PR-01912,2,34.8,2025-06-23,True
RV-005735,PR-01912,2,22.1,2026-07-02,False
RV-005736,PR-01912,2,24.2,2025-06-18,True
RV-005737,PR-01913,4,69.9,2026-02-19,False
RV-005738,PR-01913,5,81.2,2026-04-24,False
RV-005739,PR-01913,4,73.6,2026-08-10,False
RV-005740,PR-01914,3,29.1,2025-04-16,False
RV-005741,PR-01914,3,32.8,2025-11-15,False
RV-005742,PR-01914,2,47.7,2025-10-12,False
RV-005743,PR-01915,5,72.0,2025-12-18,False
RV-005744,PR-01915,4,78.3,2026-01-08,True
RV-005745,PR-01915,4,74.7,2024-09-13,False
RV-005746,PR-01916,4,64.4,2026-08-16,True
RV-005747,PR-01916,4,65.0,2024-09-25,True
RV-005748,PR-01916,3,69.5,2026-08-23,True
RV-005749,PR-01917,3,36.0,2026-01-16,False
RV-005750,PR-01917,3,44.9,2025-11-10,False
RV-005751,PR-01917,2,43.6,2024-09-24,True
RV-005752,PR-01918,3,61.1,2025-08-29,True
RV-005753,PR-01918,3,63.9,2026-01-16,True
RV-005754,PR-01918,3,56.2,2025-10-11,True
RV-005755,PR-01919,4,73.0,2025-12-03,True
RV-005756,PR-01919,4,76.2,2025-02-25,True
RV-005757,PR-01919,4,75.2,2026-03-24,False
RV-005758,PR-01920,4,68.4,2025-01-21,False
RV-005759,PR-01920,4,63.9,2026-09-09,True
RV-005760,PR-01920,4,67.7,2026-07-31,True
RV-005761,PR-01921,2,42.3,2025-08-19,False
RV-005762,PR-01921,3,41.1,2026-03-22,False
RV-005763,PR-01921,2,42.5,2026-01-03,False
RV-005764,PR-01922,3,42.5,2026-01-10,False
RV-005765,PR-01922,2,47.0,2024-10-22,False
RV-005766,PR-01922,3,47.9,2024-12-10,True
RV-005767,PR-01923,3,56.2,2025-11-25,True
RV-005768,PR-01923,3,59.4,2024-12-24,True
RV-005769,PR-01923,3,59.5,2025-02-24,False
RV-005770,PR-01924,4,75.8,2025-05-23,False
RV-005771,PR-01924,4,70.3,2025-03-16,False
RV-005772,PR-01924,4,76.5,2025-05-27,True
RV-005773,PR-01925,3,63.0,2025-01-20,True
RV-005774,PR-01925,4,57.3,2024-09-11,True
RV-005775,PR-01925,3,62.8,2026-05-24,False
RV-005776,PR-01926,4,79.1,2025-10-05,True
RV-005777,PR-01926,4,75.8,2025-08-22,True
RV-005778,PR-01926,5,94.1,2025-01-03,True
RV-005779,PR-01927,4,79.7,2026-06-10,False
RV-005780,PR-01927,4,75.1,2025-08-20,False
RV-005781,PR-01927,4,75.5,2026-06-28,True
RV-005782,PR-01928,2,51.8,2026-02-07,True
RV-005783,PR-01928,3,48.8,2026-01-31,False
RV-005784,PR-01928,2,48.5,2025-02-25,True
RV-005785,PR-01929,3,48.1,2024-10-14,False
RV-005786,PR-01929,3,61.7,2025-07-24,True
RV-005787,PR-01929,3,59.0,2025-09-26,True
RV-005788,PR-01930,4,80.5,2026-02-26,False
RV-005789,PR-01930,4,84.3,2026-05-31,False
RV-005790,PR-01930,4,70.2,2026-05-12,True
RV-005791,PR-01931,4,65.5,2025-10-16,False
RV-005792,PR-01931,4,74.4,2026-03-27,False
RV-005793,PR-01931,4,68.7,2025-08-01,True
RV-005794,PR-01932,3,64.7,2026-01-18,True
RV-005795,PR-01932,5,81.6,2025-05-31,False
RV-005796,PR-01932,4,78.2,2025-08-23,False
RV-005797,PR-01933,5,86.7,2026-05-04,False
RV-005798,PR-01933,4,93.3,2026-06-21,False
RV-005799,PR-01933,5,87.9,2026-07-02,False
RV-005800,PR-01934,3,35.6,2025-04-10,True
RV-005801,PR-01934,3,43.5,2024-11-06,True
RV-005802,PR-01934,3,40.1,2026-02-28,False
RV-005803,PR-01935,3,35.9,2026-01-17,True
RV-005804,PR-01935,3,36.0,2024-12-06,False
RV-005805,PR-01935,2,35.9,2025-04-27,True
RV-005806,PR-01936,4,48.4,2024-09-30,True
RV-005807,PR-01936,3,49.7,2025-12-09,False
RV-005808,PR-01936,3,43.7,2025-07-23,True
RV-005809,PR-01937,3,66.4,2025-09-07,False
RV-005810,PR-01937,4,59.6,2026-01-11,False
RV-005811,PR-01937,3,66.5,2025-03-10,False
RV-005812,PR-01938,4,74.1,2026-06-07,True
RV-005813,PR-01938,3,75.5,2025-09-10,True
RV-005814,PR-01938,4,80.3,2025-06-07,True
RV-005815,PR-01939,1,26.9,2026-05-11,False
RV-005816,PR-01939,2,34.4,2026-02-09,False
RV-005817,PR-01939,2,18.5,2026-09-11,True
RV-005818,PR-01940,3,54.8,2026-03-15,False
RV-005819,PR-01940,3,54.0,2025-10-14,False
RV-005820,PR-01940,3,49.7,2024-12-05,True
RV-005821,PR-01941,3,54.2,2025-08-05,False
RV-005822,PR-01941,4,56.8,2025-11-11,False
RV-005823,PR-01941,3,54.8,2026-02-17,True
RV-005824,PR-01942,3,56.0,2026-06-19,True
RV-005825,PR-01942,4,61.8,2026-07-06,False
RV-005826,PR-01942,3,66.5,2025-07-09,False
RV-005827,PR-01943,4,71.2,2025-05-29,True
RV-005828,PR-01943,4,74.2,2025-02-17,True
RV-005829,PR-01943,4,78.3,2025-02-15,True
RV-005830,PR-01944,3,43.7,2026-06-21,False
RV-005831,PR-01944,3,40.2,2026-01-28,False
RV-005832,PR-01944,3,55.4,2025-01-13,True
RV-005833,PR-01945,2,36.0,2026-01-20,False
RV-005834,PR-01945,3,51.1,2026-03-18,True
RV-005835,PR-01945,3,46.5,2024-11-18,False
RV-005836,PR-01946,4,73.9,2025-12-17,False
RV-005837,PR-01946,4,82.4,2025-05-28,False
RV-005838,PR-01946,4,86.4,2025-11-25,False
RV-005839,PR-01947,3,59.5,2026-08-31,False
RV-005840,PR-01947,3,51.1,2026-05-14,False
RV-005841,PR-01947,2,51.1,2025-08-03,False
RV-005842,PR-01948,3,64.0,2026-08-21,True
RV-005843,PR-01948,3,47.0,2024-11-22,False
RV-005844,PR-01948,3,54.0,2026-02-04,True
RV-005845,PR-01949,2,39.5,2025-10-21,False
RV-005846,PR-01949,3,30.6,2026-03-26,True
RV-005847,PR-01949,1,37.7,2025-07-06,False
RV-005848,PR-01950,3,63.6,2025-03-06,False
RV-005849,PR-01950,4,67.9,2026-09-11,True
RV-005850,PR-01950,4,71.6,2026-04-10,True
RV-005851,PR-01951,4,77.8,2026-09-03,False
RV-005852,PR-01951,4,73.0,2025-03-11,False
RV-005853,PR-01951,4,84.7,2026-02-04,True
RV-005854,PR-01952,4,56.5,2026-08-02,False
RV-005855,PR-01952,4,57.1,2026-05-11,False
RV-005856,PR-01952,3,63.3,2025-02-22,False
RV-005857,PR-01953,4,59.4,2025-08-14,False
RV-005858,PR-01953,4,57.2,2025-09-22,False
RV-005859,PR-01953,3,53.9,2024-09-11,True
RV-005860,PR-01954,4,84.5,2025-11-03,True
RV-005861,PR-01954,4,81.7,2025-04-28,False
RV-005862,PR-01954,4,92.9,2026-02-07,False
RV-005863,PR-01955,2,38.1,2025-12-07,True
RV-005864,PR-01955,2,28.3,2025-07-14,True
RV-005865,PR-01955,3,30.8,2026-05-26,True
RV-005866,PR-01956,3,44.9,2025-09-30,True
RV-005867,PR-01956,2,48.7,2025-03-19,False
RV-005868,PR-01956,2,47.5,2024-11-13,True
RV-005869,PR-01957,3,52.9,2026-07-05,False
RV-005870,PR-01957,2,39.7,2026-06-01,False
RV-005871,PR-01957,3,49.8,2024-10-06,False
RV-005872,PR-01958,4,71.5,2025-08-24,True
RV-005873,PR-01958,4,67.8,2026-07-12,False
RV-005874,PR-01958,4,80.4,2026-03-23,False
RV-005875,PR-01959,3,69.0,2026-07-09,False
RV-005876,PR-01959,4,67.4,2024-09-29,False
RV-005877,PR-01959,4,66.1,2026-05-06,True
RV-005878,PR-01960,3,36.6,2026-07-24,False
RV-005879,PR-01960,3,24.2,2024-10-29,True
RV-005880,PR-01960,3,44.7,2026-04-02,True
RV-005881,PR-01961,5,84.1,2025-12-24,False
RV-005882,PR-01961,4,82.6,2025-09-01,True
RV-005883,PR-01961,4,85.9,2025-02-02,False
RV-005884,PR-01962,3,57.8,2026-01-20,True
RV-005885,PR-01962,4,63.5,2025-05-24,False
RV-005886,PR-01962,4,68.6,2025-08-28,False
RV-005887,PR-01963,4,70.4,2025-09-05,True
RV-005888,PR-01963,4,74.8,2025-01-07,False
RV-005889,PR-01963,4,68.4,2026-05-27,True
RV-005890,PR-01964,4,70.1,2026-08-08,True
RV-005891,PR-01964,5,78.8,2025-10-20,True
RV-005892,PR-01964,4,73.3,2026-05-10,True
RV-005893,PR-01965,3,67.4,2026-03-11,True
RV-005894,PR-01965,4,60.6,2024-10-01,True
RV-005895,PR-01965,4,63.2,2024-11-04,False
RV-005896,PR-01966,2,34.1,2025-12-12,False
RV-005897,PR-01966,2,29.4,2026-03-24,True
RV-005898,PR-01966,1,18.1,2025-08-19,False
RV-005899,PR-01967,3,67.4,2026-06-21,False
RV-005900,PR-01967,4,63.1,2026-05-23,False
RV-005901,PR-01967,4,47.0,2026-08-02,True
RV-005902,PR-01968,5,91.6,2024-11-02,True
RV-005903,PR-01968,5,95.0,2024-10-16,True
RV-005904,PR-01968,5,91.0,2024-09-18,False
RV-005905,PR-01969,2,46.6,2026-09-05,True
RV-005906,PR-01969,2,43.1,2025-01-13,False
RV-005907,PR-01969,2,38.2,2025-03-24,True
RV-005908,PR-01970,2,12.7,2026-02-18,True
RV-005909,PR-01970,2,9.6,2025-07-31,True
RV-005910,PR-01970,2,19.5,2025-04-19,True
RV-005911,PR-01971,3,69.5,2026-05-21,False
RV-005912,PR-01971,3,62.7,2025-09-21,True
RV-005913,PR-01971,3,65.2,2024-12-27,True
RV-005914,PR-01972,3,23.4,2025-09-09,True
RV-005915,PR-01972,3,37.8,2024-10-21,True
RV-005916,PR-01972,2,33.1,2024-09-14,False
RV-005917,PR-01973,3,63.8,2025-11-23,True
RV-005918,PR-01973,4,49.0,2025-09-13,True
RV-005919,PR-01973,3,56.4,2025-12-04,False
RV-005920,PR-01974,2,42.4,2025-07-30,True
RV-005921,PR-01974,3,34.9,2025-09-04,True
RV-005922,PR-01974,2,40.6,2026-02-02,False
RV-005923,PR-01975,4,71.7,2024-10-04,False
RV-005924,PR-01975,4,87.9,2025-11-28,False
RV-005925,PR-01975,4,84.4,2024-12-13,False
RV-005926,PR-01976,3,34.7,2026-04-15,True
RV-005927,PR-01976,3,41.0,2026-08-13,False
RV-005928,PR-01976,2,26.0,2025-12-23,True
RV-005929,PR-01977,3,52.6,2025-03-24,True
RV-005930,PR-01977,4,53.0,2024-10-05,True
RV-005931,PR-01977,4,42.1,2025-06-03,False
RV-005932,PR-01978,1,3.0,2026-05-10,True
RV-005933,PR-01978,1,7.0,2024-12-02,False
RV-005934,PR-01978,1,8.8,2024-09-14,True
RV-005935,PR-01979,3,48.2,2026-05-27,False
RV-005936,PR-01979,3,58.1,2024-10-21,True
RV-005937,PR-01979,3,62.1,2026-04-01,False
RV-005938,PR-01980,5,74.9,2025-08-10,False
RV-005939,PR-01980,4,78.8,2025-01-08,True
RV-005940,PR-01980,5,70.8,2024-12-14,True
RV-005941,PR-01981,4,68.9,2025-06-17,False
RV-005942,PR-01981,4,69.8,2026-01-31,False
RV-005943,PR-01981,4,67.5,2026-07-02,True
RV-005944,PR-01982,4,69.2,2026-08-01,True
RV-005945,PR-01982,5,83.3,2025-06-28,False
RV-005946,PR-01982,4,66.1,2024-10-04,False
RV-005947,PR-01983,3,47.7,2024-09-16,True
RV-005948,PR-01983,3,32.2,2024-09-19,True
RV-005949,PR-01983,2,50.2,2025-01-11,False
RV-005950,PR-01984,5,84.4,2025-07-24,False
RV-005951,PR-01984,4,86.5,2025-04-07,False
RV-005952,PR-01984,4,92.0,2026-05-29,False
RV-005953,PR-01985,3,47.9,2025-07-15,True
RV-005954,PR-01985,3,53.8,2026-07-29,True
RV-005955,PR-01985,3,58.8,2025-12-23,True
RV-005956,PR-01986,2,52.2,2024-11-04,True
RV-005957,PR-01986,2,54.1,2026-05-06,True
RV-005958,PR-01986,3,35.9,2025-02-12,False
RV-005959,PR-01987,3,67.7,2025-09-09,True
RV-005960,PR-01987,3,52.9,2026-02-05,False
RV-005961,PR-01987,3,56.9,2025-04-14,True
RV-005962,PR-01988,3,41.2,2025-01-20,True
RV-005963,PR-01988,3,33.8,2024-10-31,False
RV-005964,PR-01988,2,37.7,2025-08-26,True
RV-005965,PR-01989,2,45.2,2025-08-08,True
RV-005966,PR-01989,3,42.1,2026-07-29,True
RV-005967,PR-01989,3,37.8,2026-06-27,True
RV-005968,PR-01990,3,53.1,2026-02-12,True
RV-005969,PR-01990,3,50.2,2026-01-27,True
RV-005970,PR-01990,3,52.2,2026-05-28,True
RV-005971,PR-01991,3,57.0,2025-02-24,True
RV-005972,PR-01991,3,61.1,2026-03-04,True
RV-005973,PR-01991,2,52.6,2025-11-18,True
RV-005974,PR-01992,3,51.8,2026-04-11,True
RV-005975,PR-01992,3,43.5,2026-01-08,True
RV-005976,PR-01992,2,42.1,2024-12-17,True
RV-005977,PR-01993,3,30.5,2026-06-16,True
RV-005978,PR-01993,2,25.0,2025-05-11,True
RV-005979,PR-01993,2,32.7,2024-11-03,False
RV-005980,PR-01994,2,56.4,2026-01-20,True
RV-005981,PR-01994,3,57.9,2025-07-24,False
RV-005982,PR-01994,2,55.9,2025-01-04,True
RV-005983,PR-01995,4,51.7,2026-05-21,False
RV-005984,PR-01995,3,70.5,2024-09-13,False
RV-005985,PR-01995,3,59.9,2025-01-16,True
RV-005986,PR-01996,3,64.0,2026-06-22,False
RV-005987,PR-01996,4,60.6,2025-03-28,True
RV-005988,PR-01996,3,62.5,2025-07-12,True
RV-005989,PR-01997,2,34.9,2024-12-01,True
RV-005990,PR-01997,2,33.8,2026-09-10,False
RV-005991,PR-01997,3,34.0,2026-05-29,False
RV-005992,PR-01998,4,72.8,2026-02-07,False
RV-005993,PR-01998,4,70.4,2026-04-22,True
RV-005994,PR-01998,5,73.7,2026-05-20,True
RV-005995,PR-01999,3,58.9,2026-03-09,True
RV-005996,PR-01999,3,64.3,2025-12-25,True
RV-005997,PR-01999,4,65.2,2026-01-16,True
RV-005998,PR-02000,4,72.9,2025-08-23,False
RV-005999,PR-02000,4,59.1,2024-12-20,True
RV-006000,PR-02000,3,75.2,2026-02-16,True
RV-006001,PR-02001,2,52.8,2026-05-08,False
RV-006002,PR-02001,2,49.1,2026-07-29,False
RV-006003,PR-02001,3,35.6,2025-04-27,True
RV-006004,PR-02002,4,70.0,2026-06-30,False
RV-006005,PR-02002,4,68.8,2026-06-08,True
RV-006006,PR-02002,4,71.5,2026-07-09,False
RV-006007,PR-02003,4,71.4,2024-11-30,False
RV-006008,PR-02003,4,70.0,2025-04-26,True
RV-006009,PR-02003,5,78.9,2025-09-27,True
RV-006010,PR-02004,3,42.3,2026-07-02,True
RV-006011,PR-02004,3,41.9,2025-06-14,False
RV-006012,PR-02004,3,41.0,2025-04-30,False
RV-006013,PR-02005,2,23.2,2026-02-26,False
RV-006014,PR-02005,2,22.2,2025-06-25,True
RV-006015,PR-02005,2,18.6,2025-07-22,True
RV-006016,PR-02006,2,39.9,2024-12-29,False
RV-006017,PR-02006,3,37.7,2026-05-20,False
RV-006018,PR-02006,3,46.8,2025-11-13,True
RV-006019,PR-02007,4,73.9,2025-12-24,True
RV-006020,PR-02007,3,52.8,2025-02-23,False
RV-006021,PR-02007,3,51.5,2025-12-16,False
RV-006022,PR-02008,3,61.0,2026-01-14,False
RV-006023,PR-02008,2,52.4,2025-04-19,True
RV-006024,PR-02008,3,50.5,2025-01-29,True
RV-006025,PR-02009,3,50.9,2024-12-15,True
RV-006026,PR-02009,2,42.1,2024-11-12,True
RV-006027,PR-02009,3,51.8,2025-01-21,False
RV-006028,PR-02010,4,82.3,2026-08-29,True
RV-006029,PR-02010,4,81.5,2026-07-25,False
RV-006030,PR-02010,4,93.1,2025-03-19,False
RV-006031,PR-02011,3,49.3,2025-04-12,True
RV-006032,PR-02011,4,48.6,2025-04-28,True
RV-006033,PR-02011,3,55.0,2025-11-05,False
RV-006034,PR-02012,3,34.4,2025-10-31,False
RV-006035,PR-02012,3,38.3,2026-01-27,True
RV-006036,PR-02012,2,23.8,2025-03-28,True
RV-006037,PR-02013,4,92.9,2026-09-06,True
RV-006038,PR-02013,4,72.6,2024-09-14,False
RV-006039,PR-02013,5,78.2,2026-09-03,True
RV-006040,PR-02014,3,63.5,2026-07-27,False
RV-006041,PR-02014,3,66.4,2026-08-27,True
RV-006042,PR-02014,4,61.1,2025-03-07,True
RV-006043,PR-02015,3,57.0,2026-08-23,False
RV-006044,PR-02015,3,67.4,2025-12-16,True
RV-006045,PR-02015,4,74.7,2025-04-17,False
RV-006046,PR-02016,2,39.9,2026-01-19,False
RV-006047,PR-02016,2,46.7,2026-03-05,True
RV-006048,PR-02016,3,42.7,2025-02-11,False
RV-006049,PR-02017,4,52.6,2025-07-12,False
RV-006050,PR-02017,3,57.2,2026-05-26,True
RV-006051,PR-02017,3,45.1,2025-09-10,True
RV-006052,PR-02018,3,48.0,2026-08-03,True
RV-006053,PR-02018,3,52.0,2026-03-17,True
RV-006054,PR-02018,3,56.5,2026-08-04,False
RV-006055,PR-02019,4,59.9,2026-01-22,True
RV-006056,PR-02019,3,52.9,2025-10-09,False
RV-006057,PR-02019,3,49.8,2026-01-18,False
RV-006058,PR-02020,4,43.6,2026-07-02,False
RV-006059,PR-02020,3,45.1,2025-06-25,False
RV-006060,PR-02020,3,45.4,2026-07-05,False
RV-006061,PR-02021,3,53.4,2025-01-14,False
RV-006062,PR-02021,3,48.0,2024-12-22,True
RV-006063,PR-02021,3,59.0,2025-06-28,False
RV-006064,PR-02022,2,50.1,2026-02-23,False
RV-006065,PR-02022,2,42.3,2026-03-11,False
RV-006066,PR-02022,2,50.5,2026-02-12,False
RV-006067,PR-02023,2,42.1,2025-08-09,False
RV-006068,PR-02023,2,41.4,2026-08-30,False
RV-006069,PR-02023,3,32.9,2026-03-29,True
RV-006070,PR-02024,3,46.9,2024-12-11,True
RV-006071,PR-02024,3,40.7,2025-07-25,True
RV-006072,PR-02024,3,44.2,2024-12-14,True
RV-006073,PR-02025,3,65.3,2025-08-01,True
RV-006074,PR-02025,3,61.6,2026-09-07,False
RV-006075,PR-02025,3,66.9,2025-10-02,False
RV-006076,PR-02026,3,44.1,2025-09-10,False
RV-006077,PR-02026,2,33.8,2025-07-10,False
RV-006078,PR-02026,2,35.6,2026-08-26,True
RV-006079,PR-02027,3,49.5,2026-08-22,False
RV-006080,PR-02027,3,61.8,2026-06-18,True
RV-006081,PR-02027,3,39.0,2024-11-21,True
RV-006082,PR-02028,4,58.5,2025-12-26,True
RV-006083,PR-02028,4,57.9,2025-04-11,True
RV-006084,PR-02028,4,65.9,2025-12-22,True
RV-006085,PR-02029,4,58.7,2025-01-25,False
RV-006086,PR-02029,3,41.8,2026-02-19,True
RV-006087,PR-02029,3,47.1,2026-05-26,False
RV-006088,PR-02030,4,67.4,2025-03-21,False
RV-006089,PR-02030,4,72.1,2025-10-08,False
RV-006090,PR-02030,4,78.1,2024-12-10,True
RV-006091,PR-02031,4,82.9,2026-02-12,True
RV-006092,PR-02031,4,74.2,2025-08-06,False
RV-006093,PR-02031,4,82.0,2026-01-01,True
RV-006094,PR-02032,3,65.6,2025-05-04,False
RV-006095,PR-02032,3,57.4,2025-04-06,False
RV-006096,PR-02032,4,52.5,2025-08-02,True
RV-006097,PR-02033,3,62.1,2026-07-24,True
RV-006098,PR-02033,3,65.5,2026-03-12,True
RV-006099,PR-02033,3,64.6,2025-01-06,False
RV-006100,PR-02034,3,42.5,2025-04-12,False
RV-006101,PR-02034,2,56.7,2024-12-27,False
RV-006102,PR-02034,3,53.7,2025-06-12,False
RV-006103,PR-02035,3,68.5,2026-01-24,False
RV-006104,PR-02035,4,54.0,2026-06-17,True
RV-006105,PR-02035,4,58.2,2024-09-14,False
RV-006106,PR-02036,4,61.9,2025-07-22,True
RV-006107,PR-02036,3,61.4,2026-08-27,False
RV-006108,PR-02036,3,62.6,2025-08-02,False
RV-006109,PR-02037,4,85.7,2025-06-09,False
RV-006110,PR-02037,4,67.2,2026-05-08,False
RV-006111,PR-02037,4,78.1,2025-08-04,True
RV-006112,PR-02038,4,73.1,2025-06-21,True
RV-006113,PR-02038,4,81.5,2026-03-04,True
RV-006114,PR-02038,3,74.8,2026-02-19,False
RV-006115,PR-02039,4,67.3,2025-03-17,False
RV-006116,PR-02039,4,66.0,2024-11-03,False
RV-006117,PR-02039,4,55.4,2024-10-07,False
RV-006118,PR-02040,2,9.2,2025-09-22,False
RV-006119,PR-02040,1,15.5,2026-01-31,True
RV-006120,PR-02040,2,24.0,2024-12-18,True
RV-006121,PR-02041,4,74.7,2025-07-23,True
RV-006122,PR-02041,3,69.0,2026-01-19,True
RV-006123,PR-02041,4,76.3,2024-09-26,False
RV-006124,PR-02042,2,54.7,2025-02-06,True
RV-006125,PR-02042,2,50.8,2024-09-11,True
RV-006126,PR-02042,3,48.4,2025-09-28,True
RV-006127,PR-02043,3,54.2,2024-10-28,False
RV-006128,PR-02043,4,69.3,2024-10-01,False
RV-006129,PR-02043,4,70.2,2026-03-24,False
RV-006130,PR-02044,4,69.9,2025-07-20,True
RV-006131,PR-02044,4,73.0,2025-01-06,True
RV-006132,PR-02044,4,92.0,2026-05-10,False
RV-006133,PR-02045,3,42.0,2026-02-22,True
RV-006134,PR-02045,3,46.0,2026-02-16,False
RV-006135,PR-02045,3,42.9,2024-10-20,True
RV-006136,PR-02046,2,26.6,2025-03-11,True
RV-006137,PR-02046,3,36.8,2026-03-22,False
RV-006138,PR-02046,2,27.8,2025-01-25,False
RV-006139,PR-02047,4,77.2,2025-12-18,False
RV-006140,PR-02047,3,72.6,2026-04-26,False
RV-006141,PR-02047,4,73.9,2025-08-05,False
RV-006142,PR-02048,2,49.9,2026-03-23,False
RV-006143,PR-02048,3,38.6,2025-02-06,False
RV-006144,PR-02048,2,29.3,2025-05-08,False
RV-006145,PR-02049,3,24.8,2025-12-01,False
RV-006146,PR-02049,2,30.0,2026-05-18,False
RV-006147,PR-02049,2,39.1,2025-01-18,True
RV-006148,PR-02050,3,43.6,2025-09-12,True
RV-006149,PR-02050,3,52.7,2026-02-23,True
RV-006150,PR-02050,3,47.5,2025-10-30,True
RV-006151,PR-02051,4,77.8,2025-07-22,True
RV-006152,PR-02051,4,67.1,2024-09-21,True
RV-006153,PR-02051,4,71.1,2026-07-17,True
RV-006154,PR-02052,3,57.3,2026-01-28,False
RV-006155,PR-02052,3,65.2,2024-10-07,True
RV-006156,PR-02052,3,69.3,2026-03-20,False
RV-006157,PR-02053,4,62.8,2025-12-13,False
RV-006158,PR-02053,4,64.5,2026-09-08,False
RV-006159,PR-02053,4,63.0,2025-07-20,False
RV-006160,PR-02054,4,93.8,2025-12-27,True
RV-006161,PR-02054,5,76.7,2025-05-06,False
RV-006162,PR-02054,5,81.1,2025-08-15,True
RV-006163,PR-02055,3,48.5,2026-04-28,True
RV-006164,PR-02055,3,57.1,2025-01-15,False
RV-006165,PR-02055,3,48.8,2025-11-17,False
RV-006166,PR-02056,3,68.1,2025-09-01,True
RV-006167,PR-02056,4,72.2,2025-09-30,False
RV-006168,PR-02056,4,64.1,2025-08-18,True
RV-006169,PR-02057,3,58.5,2025-09-13,True
RV-006170,PR-02057,3,42.8,2024-10-24,True
RV-006171,PR-02057,4,61.4,2025-08-07,True
RV-006172,PR-02058,2,42.0,2025-10-02,False
RV-006173,PR-02058,2,37.3,2025-06-12,False
RV-006174,PR-02058,2,36.4,2026-06-17,True
RV-006175,PR-02059,3,52.3,2025-11-06,False
RV-006176,PR-02059,2,43.1,2025-09-27,True
RV-006177,PR-02059,3,56.1,2025-12-28,False
RV-006178,PR-02060,2,23.0,2024-11-21,False
RV-006179,PR-02060,2,12.6,2025-03-19,True
RV-006180,PR-02060,3,21.2,2025-12-08,True
RV-006181,PR-02061,3,49.6,2025-10-12,True
RV-006182,PR-02061,3,53.5,2026-08-28,False
RV-006183,PR-02061,3,56.3,2025-10-06,True
RV-006184,PR-02062,4,72.0,2024-12-14,True
RV-006185,PR-02062,3,61.4,2024-12-05,True
RV-006186,PR-02062,3,66.3,2026-02-12,True
RV-006187,PR-02063,2,28.4,2025-03-06,True
RV-006188,PR-02063,2,23.3,2026-03-04,False
RV-006189,PR-02063,3,23.0,2024-10-19,True
RV-006190,PR-02064,3,50.1,2025-04-09,True
RV-006191,PR-02064,3,32.3,2025-11-10,False
RV-006192,PR-02064,3,52.4,2024-11-15,False
RV-006193,PR-02065,3,59.3,2026-08-02,False
RV-006194,PR-02065,3,42.6,2026-02-24,True
RV-006195,PR-02065,3,51.6,2024-12-23,True
RV-006196,PR-02066,3,27.8,2025-10-19,True
RV-006197,PR-02066,2,27.0,2026-08-11,True
RV-006198,PR-02066,3,33.1,2026-07-16,True
RV-006199,PR-02067,2,28.9,2026-05-31,True
RV-006200,PR-02067,3,46.7,2026-04-06,True
RV-006201,PR-02067,2,44.6,2025-09-27,False
RV-006202,PR-02068,4,57.0,2026-07-24,True
RV-006203,PR-02068,4,71.0,2026-02-11,False
RV-006204,PR-02068,3,58.5,2024-11-06,False
RV-006205,PR-02069,2,26.6,2025-04-04,True
RV-006206,PR-02069,2,20.2,2025-09-08,True
RV-006207,PR-02069,2,21.3,2025-10-11,True
RV-006208,PR-02070,3,74.8,2026-04-26,False
RV-006209,PR-02070,3,69.1,2024-12-27,True
RV-006210,PR-02070,3,67.9,2026-04-11,True
RV-006211,PR-02071,3,39.5,2025-08-03,True
RV-006212,PR-02071,3,25.0,2026-05-10,False
RV-006213,PR-02071,3,34.4,2025-12-22,True
RV-006214,PR-02072,3,38.0,2025-03-24,True
RV-006215,PR-02072,3,51.0,2025-01-09,False
RV-006216,PR-02072,3,51.8,2026-07-19,False
RV-006217,PR-02073,3,41.8,2026-08-12,False
RV-006218,PR-02073,3,35.1,2024-12-18,True
RV-006219,PR-02073,2,36.7,2025-09-27,True
RV-006220,PR-02074,3,63.2,2026-02-05,True
RV-006221,PR-02074,4,54.9,2025-02-05,True
RV-006222,PR-02074,3,60.0,2026-03-10,False
RV-006223,PR-02075,4,61.9,2026-07-07,False
RV-006224,PR-02075,3,56.5,2024-10-15,True
RV-006225,PR-02075,4,58.0,2024-11-28,True
RV-006226,PR-02076,3,50.9,2026-03-26,True
RV-006227,PR-02076,3,56.1,2025-09-07,True
RV-006228,PR-02076,2,47.1,2024-09-20,True
RV-006229,PR-02077,1,30.2,2025-12-26,False
RV-006230,PR-02077,3,33.7,2025-07-09,True
RV-006231,PR-02077,2,43.0,2025-02-19,True
RV-006232,PR-02078,3,61.2,2026-03-11,True
RV-006233,PR-02078,4,60.9,2025-04-12,True
RV-006234,PR-02078,3,61.3,2026-07-18,True
RV-006235,PR-02079,3,56.1,2024-09-24,True
RV-006236,PR-02079,4,75.5,2026-07-29,False
RV-006237,PR-02079,4,59.5,2024-11-07,False
RV-006238,PR-02080,2,36.7,2024-12-11,True
RV-006239,PR-02080,2,17.6,2026-02-12,True
RV-006240,PR-02080,2,21.3,2025-05-23,False
RV-006241,PR-02081,4,96.0,2025-03-18,False
RV-006242,PR-02081,5,95.2,2024-09-20,True
RV-006243,PR-02081,5,96.0,2025-05-30,True
RV-006244,PR-02082,3,45.9,2024-10-09,True
RV-006245,PR-02082,3,31.2,2026-06-04,True
RV-006246,PR-02082,3,30.3,2025-11-13,False
RV-006247,PR-02083,5,97.9,2026-04-06,True
RV-006248,PR-02083,4,79.4,2026-05-04,True
RV-006249,PR-02083,4,89.0,2025-12-21,True
RV-006250,PR-02084,3,59.3,2026-03-10,True
RV-006251,PR-02084,3,54.6,2025-01-23,True
RV-006252,PR-02084,3,53.7,2024-10-20,False
RV-006253,PR-02085,3,45.8,2026-08-24,False
RV-006254,PR-02085,3,55.2,2024-11-07,True
RV-006255,PR-02085,4,51.8,2025-03-21,False
RV-006256,PR-02086,3,41.7,2025-01-15,False
RV-006257,PR-02086,2,32.4,2026-06-30,True
RV-006258,PR-02086,3,42.7,2025-01-16,True
RV-006259,PR-02087,2,45.0,2025-10-11,True
RV-006260,PR-02087,2,39.3,2026-03-31,False
RV-006261,PR-02087,3,23.1,2025-05-25,True
RV-006262,PR-02088,4,86.3,2025-03-25,False
RV-006263,PR-02088,4,88.4,2025-03-14,True
RV-006264,PR-02088,4,84.0,2025-01-21,False
RV-006265,PR-02089,3,25.6,2026-02-23,True
RV-006266,PR-02089,2,28.9,2025-10-04,True
RV-006267,PR-02089,3,30.5,2026-03-21,True
RV-006268,PR-02090,4,84.4,2025-08-14,True
RV-006269,PR-02090,4,89.4,2026-08-26,True
RV-006270,PR-02090,4,74.3,2024-10-20,False
RV-006271,PR-02091,2,45.3,2025-05-14,False
RV-006272,PR-02091,3,51.5,2025-03-13,False
RV-006273,PR-02091,3,50.8,2026-01-27,True
RV-006274,PR-02092,4,57.1,2025-10-20,True
RV-006275,PR-02092,3,47.5,2026-08-10,True
RV-006276,PR-02092,2,57.3,2024-11-18,True
RV-006277,PR-02093,4,80.8,2026-01-07,False
RV-006278,PR-02093,4,77.6,2025-10-02,False
RV-006279,PR-02093,4,78.1,2026-01-11,True
RV-006280,PR-02094,4,59.3,2025-07-02,True
RV-006281,PR-02094,4,66.6,2025-12-04,False
RV-006282,PR-02094,3,48.2,2025-10-19,True
RV-006283,PR-02095,2,35.2,2025-12-22,True
RV-006284,PR-02095,2,25.2,2026-07-14,False
RV-006285,PR-02095,2,31.9,2025-07-10,True
RV-006286,PR-02096,3,69.4,2025-11-06,True
RV-006287,PR-02096,5,76.0,2025-05-19,False
RV-006288,PR-02096,4,71.9,2025-03-08,False
RV-006289,PR-02097,3,51.0,2025-02-01,False
RV-006290,PR-02097,3,48.0,2026-06-17,True
RV-006291,PR-02097,3,50.6,2025-10-30,True
RV-006292,PR-02098,3,35.2,2025-05-25,False
RV-006293,PR-02098,3,46.8,2026-07-08,True
RV-006294,PR-02098,3,39.8,2025-06-02,True
RV-006295,PR-02099,3,52.9,2024-09-25,False
RV-006296,PR-02099,3,55.8,2026-01-19,False
RV-006297,PR-02099,3,49.3,2026-02-16,True
RV-006298,PR-02100,4,68.0,2026-08-20,True
RV-006299,PR-02100,3,53.5,2025-12-01,False
RV-006300,PR-02100,3,58.2,2026-06-06,True
RV-006301,PR-02101,4,64.9,2025-05-12,False
RV-006302,PR-02101,4,73.6,2024-12-29,True
RV-006303,PR-02101,3,63.3,2026-01-29,False
RV-006304,PR-02102,4,79.5,2025-10-29,True
RV-006305,PR-02102,3,74.6,2025-04-18,False
RV-006306,PR-02102,4,73.3,2025-03-24,True
RV-006307,PR-02103,3,36.6,2024-12-01,False
RV-006308,PR-02103,2,36.2,2026-03-14,False
RV-006309,PR-02103,3,45.3,2025-12-03,False
RV-006310,PR-02104,3,72.7,2026-09-11,True
RV-006311,PR-02104,3,53.0,2025-07-07,False
RV-006312,PR-02104,4,57.0,2024-12-04,True
RV-006313,PR-02105,3,56.5,2025-01-13,False
RV-006314,PR-02105,3,55.3,2026-02-14,True
RV-006315,PR-02105,4,53.4,2026-02-15,True
RV-006316,PR-02106,2,32.9,2026-01-08,False
RV-006317,PR-02106,2,26.1,2026-02-10,False
RV-006318,PR-02106,3,16.4,2025-02-06,True
RV-006319,PR-02107,5,88.4,2025-09-28,False
RV-006320,PR-02107,4,84.2,2025-01-21,False
RV-006321,PR-02107,5,86.4,2026-07-31,True
RV-006322,PR-02108,2,52.1,2025-02-06,True
RV-006323,PR-02108,3,53.5,2024-12-29,True
RV-006324,PR-02108,3,43.6,2026-06-19,False
RV-006325,PR-02109,3,65.4,2025-10-11,False
RV-006326,PR-02109,3,75.0,2026-09-10,False
RV-006327,PR-02109,4,75.4,2025-09-04,True
RV-006328,PR-02110,2,41.8,2026-05-21,False
RV-006329,PR-02110,3,36.5,2026-07-26,True
RV-006330,PR-02110,3,42.7,2026-02-24,False
RV-006331,PR-02111,4,70.7,2025-06-26,True
RV-006332,PR-02111,3,69.3,2026-01-25,True
RV-006333,PR-02111,4,67.9,2026-01-24,True
RV-006334,PR-02112,3,49.7,2025-09-02,False
RV-006335,PR-02112,3,58.3,2026-06-16,True
RV-006336,PR-02112,3,56.1,2025-03-30,True
RV-006337,PR-02113,3,52.7,2025-06-21,True
RV-006338,PR-02113,3,45.1,2025-11-26,False
RV-006339,PR-02113,2,39.9,2025-02-13,False
RV-006340,PR-02114,3,26.4,2025-06-12,False
RV-006341,PR-02114,2,45.2,2024-12-02,True
RV-006342,PR-02114,2,40.5,2025-02-11,True
RV-006343,PR-02115,2,47.1,2026-05-03,False
RV-006344,PR-02115,4,50.5,2026-05-05,True
RV-006345,PR-02115,4,46.6,2025-08-02,False
RV-006346,PR-02116,3,46.0,2024-10-23,False
RV-006347,PR-02116,2,46.3,2025-06-17,True
RV-006348,PR-02116,3,53.8,2025-09-16,False
RV-006349,PR-02117,4,60.5,2024-10-02,True
RV-006350,PR-02117,4,65.6,2026-05-13,True
RV-006351,PR-02117,4,52.4,2024-09-25,False
RV-006352,PR-02118,4,60.3,2025-04-30,True
RV-006353,PR-02118,3,63.1,2026-04-29,False
RV-006354,PR-02118,3,71.2,2026-09-07,False
RV-006355,PR-02119,4,66.2,2025-09-22,True
RV-006356,PR-02119,4,70.4,2024-11-10,True
RV-006357,PR-02119,3,66.1,2025-01-01,True
RV-006358,PR-02120,2,12.6,2026-05-04,False
RV-006359,PR-02120,2,23.7,2026-02-04,True
RV-006360,PR-02120,2,16.4,2026-08-12,False
RV-006361,PR-02121,3,53.1,2025-10-27,True
RV-006362,PR-02121,3,61.3,2024-10-13,True
RV-006363,PR-02121,3,58.1,2026-09-11,True
RV-006364,PR-02122,3,46.9,2025-09-01,True
RV-006365,PR-02122,3,56.4,2025-07-30,True
RV-006366,PR-02122,3,36.6,2026-05-27,True
RV-006367,PR-02123,4,81.1,2025-03-09,True
RV-006368,PR-02123,4,78.3,2025-05-24,True
RV-006369,PR-02123,3,84.6,2026-08-17,True
RV-006370,PR-02124,2,22.0,2026-01-23,False
RV-006371,PR-02124,2,27.8,2026-08-23,False
RV-006372,PR-02124,2,26.9,2026-08-02,True
RV-006373,PR-02125,3,48.1,2026-08-28,True
RV-006374,PR-02125,2,51.8,2025-04-18,True
RV-006375,PR-02125,3,56.7,2025-08-14,False
RV-006376,PR-02126,4,68.6,2024-09-29,False
RV-006377,PR-02126,4,64.7,2024-11-22,False
RV-006378,PR-02126,3,67.4,2026-05-14,True
RV-006379,PR-02127,1,44.2,2025-02-19,True
RV-006380,PR-02127,3,20.2,2024-10-09,True
RV-006381,PR-02127,2,37.1,2026-08-15,False
RV-006382,PR-02128,2,31.5,2025-12-28,True
RV-006383,PR-02128,2,35.8,2025-08-06,True
RV-006384,PR-02128,2,39.8,2026-01-18,True
RV-006385,PR-02129,3,77.6,2026-04-04,True
RV-006386,PR-02129,4,67.7,2025-04-22,False
RV-006387,PR-02129,3,68.4,2025-10-07,True
RV-006388,PR-02130,4,71.1,2025-11-27,True
RV-006389,PR-02130,4,64.2,2025-09-07,False
RV-006390,PR-02130,4,70.6,2025-12-23,False
RV-006391,PR-02131,4,72.0,2024-12-01,False
RV-006392,PR-02131,4,64.6,2024-11-26,False
RV-006393,PR-02131,4,75.2,2025-03-26,False
RV-006394,PR-02132,4,38.1,2025-11-19,False
RV-006395,PR-02132,3,23.2,2026-07-03,False
RV-006396,PR-02132,3,43.4,2025-09-13,True
RV-006397,PR-02133,3,42.1,2025-09-09,False
RV-006398,PR-02133,3,47.8,2026-07-14,True
RV-006399,PR-02133,3,52.2,2025-03-28,False
RV-006400,PR-02134,3,49.8,2024-11-26,True
RV-006401,PR-02134,4,47.4,2026-09-01,False
RV-006402,PR-02134,2,43.7,2026-07-05,False
RV-006403,PR-02135,4,91.4,2026-06-14,True
RV-006404,PR-02135,4,80.8,2026-06-23,True
RV-006405,PR-02135,4,65.2,2026-04-11,False
RV-006406,PR-02136,5,77.4,2025-11-22,True
RV-006407,PR-02136,5,88.9,2024-12-13,False
RV-006408,PR-02136,5,79.4,2025-08-21,True
RV-006409,PR-02137,3,53.9,2026-02-26,False
RV-006410,PR-02137,3,57.1,2024-12-12,True
RV-006411,PR-02137,4,57.3,2024-12-16,False
RV-006412,PR-02138,4,71.6,2025-08-17,False
RV-006413,PR-02138,3,76.2,2025-08-31,True
RV-006414,PR-02138,4,55.6,2025-04-28,True
RV-006415,PR-02139,3,68.9,2025-11-27,True
RV-006416,PR-02139,2,57.5,2025-01-27,True
RV-006417,PR-02139,2,47.3,2026-04-20,False
RV-006418,PR-02140,4,53.2,2026-08-06,False
RV-006419,PR-02140,2,43.1,2025-09-11,False
RV-006420,PR-02140,4,37.0,2025-07-12,True
RV-006421,PR-02141,4,70.9,2026-04-15,True
RV-006422,PR-02141,4,73.0,2026-03-04,True
RV-006423,PR-02141,3,77.0,2025-09-27,True
RV-006424,PR-02142,4,90.6,2025-07-16,True
RV-006425,PR-02142,5,79.6,2025-10-09,False
RV-006426,PR-02142,4,82.9,2024-10-11,False
RV-006427,PR-02143,4,62.6,2025-08-22,False
RV-006428,PR-02143,4,63.2,2026-06-12,True
RV-006429,PR-02143,3,63.5,2024-10-06,False
RV-006430,PR-02144,3,61.8,2026-08-11,False
RV-006431,PR-02144,3,59.9,2025-07-29,False
RV-006432,PR-02144,3,54.2,2026-04-13,True
RV-006433,PR-02145,3,33.2,2025-03-22,True
RV-006434,PR-02145,3,37.3,2026-04-01,False
RV-006435,PR-02145,3,50.1,2024-12-28,False
RV-006436,PR-02146,3,36.1,2025-10-30,False
RV-006437,PR-02146,2,25.9,2025-09-11,False
RV-006438,PR-02146,3,34.9,2026-03-26,False
RV-006439,PR-02147,3,48.1,2026-05-19,False
RV-006440,PR-02147,2,50.9,2026-03-15,False
RV-006441,PR-02147,4,42.9,2025-07-25,True
RV-006442,PR-02148,3,33.7,2026-06-04,False
RV-006443,PR-02148,3,40.0,2025-10-21,False
RV-006444,PR-02148,2,30.0,2025-09-28,True
RV-006445,PR-02149,3,45.2,2026-03-23,False
RV-006446,PR-02149,3,43.6,2025-04-12,True
RV-006447,PR-02149,3,31.7,2024-12-01,True
RV-006448,PR-02150,1,5.2,2025-09-16,False
RV-006449,PR-02150,2,20.6,2026-07-28,True
RV-006450,PR-02150,2,12.0,2026-05-20,True
RV-006451,PR-02151,3,41.4,2026-01-08,True
RV-006452,PR-02151,3,52.1,2025-08-30,False
RV-006453,PR-02151,3,45.7,2025-05-26,False
RV-006454,PR-02152,3,60.6,2025-10-04,False
RV-006455,PR-02152,3,43.2,2026-01-13,False
RV-006456,PR-02152,3,43.9,2025-05-31,False
RV-006457,PR-02153,5,71.7,2024-09-24,True
RV-006458,PR-02153,4,76.1,2025-03-05,True
RV-006459,PR-02153,4,72.6,2025-10-21,True
RV-006460,PR-02154,4,82.4,2025-08-25,False
RV-006461,PR-02154,4,83.5,2026-07-10,False
RV-006462,PR-02154,4,70.8,2025-04-13,True
RV-006463,PR-02155,4,59.6,2024-10-30,True
RV-006464,PR-02155,3,58.3,2024-10-14,False
RV-006465,PR-02155,3,55.9,2024-10-10,True
RV-006466,PR-02156,3,66.8,2026-06-20,False
RV-006467,PR-02156,4,64.0,2024-12-13,False
RV-006468,PR-02156,4,71.4,2025-06-03,True
RV-006469,PR-02157,3,46.6,2025-03-26,False
RV-006470,PR-02157,2,35.5,2025-01-05,False
RV-006471,PR-02157,2,40.1,2025-11-28,False
RV-006472,PR-02158,3,65.6,2024-10-06,False
RV-006473,PR-02158,4,67.0,2025-12-18,False
RV-006474,PR-02158,4,63.1,2026-04-11,False
RV-006475,PR-02159,3,52.2,2024-10-29,True
RV-006476,PR-02159,3,55.8,2024-10-09,True
RV-006477,PR-02159,3,59.8,2025-01-13,True
RV-006478,PR-02160,3,61.9,2025-04-23,False
RV-006479,PR-02160,4,54.4,2025-07-15,False
RV-006480,PR-02160,3,68.4,2025-02-15,True
RV-006481,PR-02161,3,33.1,2025-12-31,True
RV-006482,PR-02161,2,33.9,2025-10-08,True
RV-006483,PR-02161,2,20.5,2026-01-16,True
RV-006484,PR-02162,4,57.9,2025-08-09,True
RV-006485,PR-02162,3,61.9,2026-07-23,True
RV-006486,PR-02162,3,55.8,2026-04-15,False
RV-006487,PR-02163,4,82.0,2026-06-30,False
RV-006488,PR-02163,4,61.2,2025-11-07,False
RV-006489,PR-02163,3,79.0,2025-08-30,True
RV-006490,PR-02164,4,67.2,2026-05-07,False
RV-006491,PR-02164,4,64.6,2026-04-27,True
RV-006492,PR-02164,3,63.1,2025-06-24,False
RV-006493,PR-02165,3,30.8,2025-02-03,True
RV-006494,PR-02165,2,28.3,2025-06-18,True
RV-006495,PR-02165,3,33.2,2025-02-07,False
RV-006496,PR-02166,3,33.6,2026-03-27,False
RV-006497,PR-02166,3,19.1,2025-08-01,False
RV-006498,PR-02166,2,32.4,2025-01-04,False
RV-006499,PR-02167,2,35.2,2025-11-30,False
RV-006500,PR-02167,2,33.0,2025-12-09,True
RV-006501,PR-02167,2,30.0,2026-05-20,False
RV-006502,PR-02168,2,23.1,2024-09-28,False
RV-006503,PR-02168,3,26.0,2024-11-27,True
RV-006504,PR-02168,2,18.8,2026-02-19,True
RV-006505,PR-02169,3,44.1,2025-07-28,True
RV-006506,PR-02169,3,54.8,2025-09-07,True
RV-006507,PR-02169,3,41.9,2026-05-18,True
RV-006508,PR-02170,4,80.7,2024-11-03,False
RV-006509,PR-02170,4,89.4,2026-02-11,False
RV-006510,PR-02170,5,84.7,2025-11-01,True
RV-006511,PR-02171,3,55.5,2024-12-12,False
RV-006512,PR-02171,2,58.2,2025-08-06,True
RV-006513,PR-02171,3,53.9,2025-02-06,True
RV-006514,PR-02172,4,63.5,2026-07-06,False
RV-006515,PR-02172,3,83.6,2026-02-17,True
RV-006516,PR-02172,4,71.9,2024-09-25,True
RV-006517,PR-02173,4,63.6,2025-10-14,True
RV-006518,PR-02173,4,80.4,2025-02-09,True
RV-006519,PR-02173,3,73.5,2026-03-21,False
RV-006520,PR-02174,3,55.3,2026-07-08,False
RV-006521,PR-02174,4,55.0,2024-09-23,True
RV-006522,PR-02174,3,46.3,2026-08-05,True
RV-006523,PR-02175,3,46.7,2024-11-16,False
RV-006524,PR-02175,3,48.6,2025-09-21,False
RV-006525,PR-02175,3,43.6,2024-10-06,True
RV-006526,PR-02176,4,70.4,2025-01-04,False
RV-006527,PR-02176,5,76.0,2026-03-17,True
RV-006528,PR-02176,3,69.1,2026-07-16,True
RV-006529,PR-02177,3,39.7,2026-03-10,False
RV-006530,PR-02177,3,45.2,2026-04-23,True
RV-006531,PR-02177,2,49.4,2025-04-03,False
RV-006532,PR-02178,2,34.0,2025-10-18,True
RV-006533,PR-02178,3,20.5,2024-12-26,True
RV-006534,PR-02178,1,33.1,2026-09-02,False
RV-006535,PR-02179,3,38.6,2025-07-06,False
RV-006536,PR-02179,3,39.1,2024-12-06,True
RV-006537,PR-02179,3,58.0,2026-06-29,True
RV-006538,PR-02180,3,46.5,2026-06-01,False
RV-006539,PR-02180,2,47.3,2025-10-12,True
RV-006540,PR-02180,3,64.0,2026-03-25,False
RV-006541,PR-02181,3,55.4,2026-02-24,True
RV-006542,PR-02181,3,40.6,2024-11-16,True
RV-006543,PR-02181,3,47.4,2025-02-07,True
RV-006544,PR-02182,3,48.1,2025-06-02,False
RV-006545,PR-02182,3,51.0,2025-12-03,False
RV-006546,PR-02182,4,65.6,2024-09-30,False
RV-006547,PR-02183,4,66.3,2025-05-11,True
RV-006548,PR-02183,5,78.5,2025-06-03,True
RV-006549,PR-02183,4,79.7,2025-09-15,True
RV-006550,PR-02184,5,79.0,2026-06-26,True
RV-006551,PR-02184,4,73.5,2025-01-08,False
RV-006552,PR-02184,4,65.6,2026-08-09,True
RV-006553,PR-02185,4,76.6,2026-06-25,True
RV-006554,PR-02185,5,81.1,2025-01-26,False
RV-006555,PR-02185,5,70.5,2024-12-09,False
RV-006556,PR-02186,2,50.3,2026-05-04,False
RV-006557,PR-02186,3,37.4,2025-08-27,False
RV-006558,PR-02186,3,35.9,2025-01-18,False
RV-006559,PR-02187,2,45.9,2026-01-01,False
RV-006560,PR-02187,3,38.7,2025-12-05,False
RV-006561,PR-02187,2,31.1,2025-09-11,False
RV-006562,PR-02188,2,38.7,2025-12-16,False
RV-006563,PR-02188,2,38.3,2025-03-04,True
RV-006564,PR-02188,2,37.8,2025-05-07,False
RV-006565,PR-02189,3,43.3,2025-03-27,False
RV-006566,PR-02189,3,40.6,2026-07-08,False
RV-006567,PR-02189,3,39.6,2025-01-27,True
RV-006568,PR-02190,2,11.7,2026-03-09,True
RV-006569,PR-02190,2,12.0,2025-11-25,True
RV-006570,PR-02190,2,20.9,2025-12-02,False
RV-006571,PR-02191,1,17.2,2026-02-19,False
RV-006572,PR-02191,2,18.1,2026-07-06,True
RV-006573,PR-02191,2,6.5,2024-11-27,False
RV-006574,PR-02192,2,17.9,2026-02-23,False
RV-006575,PR-02192,2,23.3,2026-02-12,False
RV-006576,PR-02192,2,33.8,2025-08-03,True
RV-006577,PR-02193,2,33.3,2025-10-03,False
RV-006578,PR-02193,3,36.3,2025-09-18,False
RV-006579,PR-02193,2,37.0,2025-08-01,False
RV-006580,PR-02194,3,33.4,2025-12-20,True
RV-006581,PR-02194,4,56.9,2026-06-02,False
RV-006582,PR-02194,2,55.7,2024-12-20,True
RV-006583,PR-02195,3,68.7,2026-02-24,True
RV-006584,PR-02195,4,71.5,2025-06-11,False
RV-006585,PR-02195,4,60.3,2025-10-05,False
RV-006586,PR-02196,3,43.2,2025-10-23,False
RV-006587,PR-02196,3,49.1,2025-08-10,False
RV-006588,PR-02196,3,35.3,2026-05-07,False
RV-006589,PR-02197,4,68.1,2024-10-15,False
RV-006590,PR-02197,4,73.2,2026-05-09,True
RV-006591,PR-02197,3,77.6,2026-06-26,False
RV-006592,PR-02198,4,92.2,2025-09-05,True
RV-006593,PR-02198,5,78.4,2026-06-23,True
RV-006594,PR-02198,4,89.3,2025-06-18,False
RV-006595,PR-02199,4,80.1,2026-06-22,False
RV-006596,PR-02199,5,76.1,2026-04-07,False
RV-006597,PR-02199,4,72.1,2025-09-04,False
RV-006598,PR-02200,2,32.7,2025-08-06,False
RV-006599,PR-02200,2,27.6,2024-10-07,False
RV-006600,PR-02200,2,26.7,2025-01-27,False
RV-006601,PR-02201,3,70.5,2026-01-30,True
RV-006602,PR-02201,4,61.0,2025-07-12,True
RV-006603,PR-02201,4,53.9,2026-07-14,False
RV-006604,PR-02202,3,62.4,2024-12-26,True
RV-006605,PR-02202,3,67.7,2026-06-10,False
RV-006606,PR-02202,4,69.3,2026-06-02,False
RV-006607,PR-02203,2,48.9,2025-08-03,True
RV-006608,PR-02203,2,34.0,2025-07-18,True
RV-006609,PR-02203,3,50.3,2025-04-28,True
RV-006610,PR-02204,3,43.4,2024-10-20,True
RV-006611,PR-02204,2,36.7,2024-09-16,False
RV-006612,PR-02204,2,39.4,2026-05-27,False
RV-006613,PR-02205,2,37.0,2025-02-25,True
RV-006614,PR-02205,3,40.2,2026-06-26,True
RV-006615,PR-02205,3,34.8,2025-06-05,True
RV-006616,PR-02206,5,68.1,2025-07-20,True
RV-006617,PR-02206,4,73.5,2026-07-07,False
RV-006618,PR-02206,4,84.0,2025-11-03,False
RV-006619,PR-02207,3,34.4,2026-01-07,False
RV-006620,PR-02207,3,39.2,2025-09-18,False
RV-006621,PR-02207,3,43.2,2025-12-27,False
RV-006622,PR-02208,3,54.9,2026-02-27,True
RV-006623,PR-02208,3,43.5,2026-06-22,False
RV-006624,PR-02208,3,50.7,2025-05-13,True
RV-006625,PR-02209,2,25.4,2026-09-02,True
RV-006626,PR-02209,2,38.5,2025-03-10,False
RV-006627,PR-02209,2,29.5,2026-02-20,True
RV-006628,PR-02210,3,55.2,2026-04-11,True
RV-006629,PR-02210,3,52.4,2026-04-04,False
RV-006630,PR-02210,2,43.5,2025-12-30,True
RV-006631,PR-02211,4,74.1,2025-10-14,True
RV-006632,PR-02211,4,69.5,2025-06-18,False
RV-006633,PR-02211,4,85.7,2025-06-01,False
RV-006634,PR-02212,4,86.7,2025-01-21,True
RV-006635,PR-02212,4,100.0,2026-08-19,False
RV-006636,PR-02212,5,86.9,2026-07-31,False
RV-006637,PR-02213,3,65.8,2025-05-13,False
RV-006638,PR-02213,3,57.1,2026-07-08,False
RV-006639,PR-02213,4,60.2,2024-12-06,True
RV-006640,PR-02214,3,62.6,2025-09-21,False
RV-006641,PR-02214,4,61.9,2024-10-09,False
RV-006642,PR-02214,3,61.6,2025-05-08,True
RV-006643,PR-02215,3,33.4,2025-01-15,False
RV-006644,PR-02215,3,35.6,2026-01-05,False
RV-006645,PR-02215,2,40.6,2024-11-10,False
RV-006646,PR-02216,5,85.1,2025-10-14,True
RV-006647,PR-02216,4,88.1,2026-01-15,True
RV-006648,PR-02216,4,82.0,2025-05-23,False
RV-006649,PR-02217,4,69.9,2026-07-23,False
RV-006650,PR-02217,4,72.6,2024-10-19,True
RV-006651,PR-02217,4,83.7,2024-11-10,False
RV-006652,PR-02218,2,36.1,2025-05-02,True
RV-006653,PR-02218,3,36.1,2024-10-10,True
RV-006654,PR-02218,3,32.6,2025-11-14,False
RV-006655,PR-02219,3,47.2,2025-11-21,True
RV-006656,PR-02219,3,49.9,2025-07-15,False
RV-006657,PR-02219,3,44.4,2024-10-16,True
RV-006658,PR-02220,3,35.4,2025-09-19,True
RV-006659,PR-02220,3,43.9,2026-07-29,False
RV-006660,PR-02220,3,42.4,2025-08-05,True
RV-006661,PR-02221,3,56.6,2025-10-02,False
RV-006662,PR-02221,4,41.6,2025-07-25,True
RV-006663,PR-02221,4,50.4,2025-05-13,True
RV-006664,PR-02222,4,63.1,2024-09-14,True
RV-006665,PR-02222,4,76.3,2025-07-24,True
RV-006666,PR-02222,4,58.4,2025-04-18,True
RV-006667,PR-02223,2,62.5,2026-09-03,False
RV-006668,PR-02223,3,63.0,2025-08-23,False
RV-006669,PR-02223,4,41.6,2026-06-16,False
RV-006670,PR-02224,3,76.4,2025-12-08,True
RV-006671,PR-02224,4,76.4,2026-02-24,True
RV-006672,PR-02224,4,73.6,2025-05-19,False
RV-006673,PR-02225,2,40.1,2024-09-20,True
RV-006674,PR-02225,3,34.5,2025-01-21,False
RV-006675,PR-02225,2,40.8,2025-02-09,True
RV-006676,PR-02226,3,63.5,2026-01-23,True
RV-006677,PR-02226,4,71.3,2025-12-01,False
RV-006678,PR-02226,3,57.6,2025-11-14,False
RV-006679,PR-02227,4,61.4,2024-11-22,False
RV-006680,PR-02227,4,63.8,2026-06-26,True
RV-006681,PR-02227,3,65.5,2025-05-29,False
RV-006682,PR-02228,2,41.3,2026-05-06,False
RV-006683,PR-02228,3,45.8,2024-09-14,True
RV-006684,PR-02228,3,24.3,2024-12-09,True
RV-006685,PR-02229,4,53.0,2026-01-05,False
RV-006686,PR-02229,4,49.4,2026-04-10,True
RV-006687,PR-02229,4,50.7,2025-12-29,False
RV-006688,PR-02230,2,47.7,2025-06-09,True
RV-006689,PR-02230,3,44.3,2025-01-30,True
RV-006690,PR-02230,3,45.7,2025-05-12,True
RV-006691,PR-02231,4,61.0,2024-10-13,False
RV-006692,PR-02231,4,74.3,2026-01-16,False
RV-006693,PR-02231,4,72.8,2025-04-13,False
RV-006694,PR-02232,3,45.3,2024-12-25,True
RV-006695,PR-02232,3,45.8,2025-09-01,True
RV-006696,PR-02232,2,47.7,2024-12-16,False
RV-006697,PR-02233,4,74.6,2025-07-14,False
RV-006698,PR-02233,4,67.7,2024-09-18,True
RV-006699,PR-02233,4,64.5,2025-09-20,True
RV-006700,PR-02234,2,40.9,2025-08-11,False
RV-006701,PR-02234,3,50.8,2024-12-20,True
RV-006702,PR-02234,3,51.1,2025-08-30,True
RV-006703,PR-02235,4,78.3,2025-12-26,True
RV-006704,PR-02235,4,68.5,2025-11-29,True
RV-006705,PR-02235,5,81.2,2025-04-23,False
RV-006706,PR-02236,4,90.0,2024-12-24,False
RV-006707,PR-02236,4,79.4,2026-04-15,True
RV-006708,PR-02236,4,72.0,2025-02-20,False
RV-006709,PR-02237,5,100.0,2024-10-22,True
RV-006710,PR-02237,5,97.7,2025-10-21,True
RV-006711,PR-02237,5,100.0,2024-11-15,True
RV-006712,PR-02238,1,0.0,2025-04-29,False
RV-006713,PR-02238,2,15.5,2025-12-28,True
RV-006714,PR-02238,1,12.0,2025-06-19,False
RV-006715,PR-02239,4,71.4,2026-06-02,False
RV-006716,PR-02239,4,61.2,2026-03-27,False
RV-006717,PR-02239,3,66.8,2026-07-20,True
RV-006718,PR-02240,3,39.4,2024-11-05,True
RV-006719,PR-02240,2,45.2,2026-03-26,False
RV-006720,PR-02240,2,40.5,2024-12-17,False
RV-006721,PR-02241,4,69.5,2025-04-02,False
RV-006722,PR-02241,4,62.4,2025-01-26,True
RV-006723,PR-02241,4,65.6,2025-12-07,False
RV-006724,PR-02242,1,6.6,2026-07-05,True
RV-006725,PR-02242,1,4.7,2026-03-06,True
RV-006726,PR-02242,1,0.0,2025-03-25,False
RV-006727,PR-02243,2,12.2,2026-03-31,True
RV-006728,PR-02243,2,6.4,2025-06-22,True
RV-006729,PR-02243,2,16.5,2026-06-14,False
RV-006730,PR-02244,4,54.4,2026-04-19,False
RV-006731,PR-02244,3,65.5,2025-03-15,False
RV-006732,PR-02244,3,62.7,2025-06-04,True
RV-006733,PR-02245,4,73.7,2025-10-03,True
RV-006734,PR-02245,3,64.2,2025-10-03,True
RV-006735,PR-02245,4,69.3,2025-03-24,False
RV-006736,PR-02246,4,58.3,2026-05-12,True
RV-006737,PR-02246,3,49.5,2024-12-03,True
RV-006738,PR-02246,3,44.5,2025-05-02,True
RV-006739,PR-02247,3,57.9,2025-06-18,True
RV-006740,PR-02247,3,51.8,2026-03-15,True
RV-006741,PR-02247,3,54.6,2024-10-01,True
RV-006742,PR-02248,3,36.0,2026-08-16,False
RV-006743,PR-02248,3,46.5,2025-05-31,True
RV-006744,PR-02248,3,45.3,2024-10-05,True
RV-006745,PR-02249,2,54.8,2026-05-22,True
RV-006746,PR-02249,3,39.6,2024-12-15,True
RV-006747,PR-02249,3,47.6,2025-10-23,False
RV-006748,PR-02250,3,59.5,2025-01-14,True
RV-006749,PR-02250,4,74.0,2025-03-11,False
RV-006750,PR-02250,3,57.3,2026-07-09,False
RV-006751,PR-02251,4,79.7,2026-08-02,False
RV-006752,PR-02251,4,75.3,2024-11-05,False
RV-006753,PR-02251,4,73.5,2024-11-05,False
RV-006754,PR-02252,3,38.8,2025-12-07,False
RV-006755,PR-02252,2,37.6,2025-09-18,False
RV-006756,PR-02252,3,40.6,2026-05-16,False
RV-006757,PR-02253,2,34.4,2024-11-20,False
RV-006758,PR-02253,3,38.4,2025-12-23,True
RV-006759,PR-02253,2,32.1,2025-08-17,False
RV-006760,PR-02254,4,55.8,2026-01-29,False
RV-006761,PR-02254,3,75.2,2026-03-11,True
RV-006762,PR-02254,3,61.7,2024-11-06,True
RV-006763,PR-02255,3,71.9,2025-11-24,True
RV-006764,PR-02255,4,82.8,2025-08-23,True
RV-006765,PR-02255,5,80.4,2025-09-24,True
RV-006766,PR-02256,3,77.8,2025-10-04,False
RV-006767,PR-02256,4,71.0,2025-07-22,False
RV-006768,PR-02256,3,63.3,2025-11-13,True
RV-006769,PR-02257,3,58.4,2025-03-31,False
RV-006770,PR-02257,3,60.7,2026-02-19,True
RV-006771,PR-02257,3,61.5,2025-02-09,True
RV-006772,PR-02258,3,80.0,2025-04-08,False
RV-006773,PR-02258,3,70.4,2026-02-19,False
RV-006774,PR-02258,4,65.1,2026-04-01,True
RV-006775,PR-02259,4,84.9,2026-02-18,True
RV-006776,PR-02259,4,82.5,2025-12-06,True
RV-006777,PR-02259,4,75.9,2026-08-27,False
RV-006778,PR-02260,3,37.5,2025-02-16,True
RV-006779,PR-02260,3,43.2,2024-09-23,True
RV-006780,PR-02260,3,42.8,2024-11-28,False
RV-006781,PR-02261,3,38.3,2025-03-14,True
RV-006782,PR-02261,2,42.1,2026-02-23,True
RV-006783,PR-02261,2,45.8,2026-03-21,True
RV-006784,PR-02262,3,60.7,2026-03-07,False
RV-006785,PR-02262,3,68.8,2025-03-09,True
RV-006786,PR-02262,4,67.4,2025-05-13,False
RV-006787,PR-02263,3,59.1,2025-01-17,True
RV-006788,PR-02263,4,54.8,2025-12-30,True
RV-006789,PR-02263,4,62.2,2025-01-24,False
RV-006790,PR-02264,3,49.1,2025-08-24,True
RV-006791,PR-02264,3,49.1,2025-01-22,True
RV-006792,PR-02264,3,40.4,2026-03-15,True
RV-006793,PR-02265,2,53.4,2024-10-22,True
RV-006794,PR-02265,3,60.9,2025-07-27,False
RV-006795,PR-02265,3,62.7,2024-12-08,False
RV-006796,PR-02266,2,46.9,2025-08-15,False
RV-006797,PR-02266,3,44.8,2026-02-19,False
RV-006798,PR-02266,2,44.3,2025-07-30,True
RV-006799,PR-02267,2,45.6,2026-01-01,True
RV-006800,PR-02267,4,56.1,2025-01-16,True
RV-006801,PR-02267,3,38.6,2026-05-19,True
RV-006802,PR-02268,3,49.3,2024-11-26,True
RV-006803,PR-02268,3,44.4,2025-04-03,True
RV-006804,PR-02268,3,47.5,2024-09-16,False
RV-006805,PR-02269,3,41.9,2026-02-01,False
RV-006806,PR-02269,3,44.7,2024-10-13,True
RV-006807,PR-02269,3,47.1,2025-08-05,False
RV-006808,PR-02270,3,60.8,2025-06-14,False
RV-006809,PR-02270,3,59.8,2025-08-31,False
RV-006810,PR-02270,4,62.0,2024-12-08,True
RV-006811,PR-02271,3,55.8,2025-08-28,True
RV-006812,PR-02271,3,53.2,2026-03-10,True
RV-006813,PR-02271,3,43.1,2025-09-15,False
RV-006814,PR-02272,3,29.4,2025-02-25,True
RV-006815,PR-02272,2,32.3,2026-03-14,False
RV-006816,PR-02272,3,43.5,2025-09-26,False
RV-006817,PR-02273,4,74.5,2025-07-10,True
RV-006818,PR-02273,4,82.3,2025-03-12,True
RV-006819,PR-02273,4,83.4,2026-04-02,False
RV-006820,PR-02274,2,68.6,2026-07-27,False
RV-006821,PR-02274,4,79.8,2025-03-22,True
RV-006822,PR-02274,4,74.0,2025-05-08,False
RV-006823,PR-02275,4,70.0,2025-01-12,False
RV-006824,PR-02275,4,65.4,2025-01-21,True
RV-006825,PR-02275,4,72.0,2026-04-14,False
RV-006826,PR-02276,3,63.6,2026-05-12,True
RV-006827,PR-02276,3,64.2,2026-05-04,True
RV-006828,PR-02276,4,73.0,2025-03-21,True
RV-006829,PR-02277,4,76.4,2025-12-08,True
RV-006830,PR-02277,4,70.6,2026-04-01,True
RV-006831,PR-02277,4,71.3,2025-11-13,True
RV-006832,PR-02278,3,47.8,2024-09-12,False
RV-006833,PR-02278,2,45.1,2026-08-31,True
RV-006834,PR-02278,3,53.6,2025-06-20,False
RV-006835,PR-02279,4,68.4,2025-07-11,False
RV-006836,PR-02279,4,68.4,2025-05-07,False
RV-006837,PR-02279,4,77.2,2025-11-24,False
RV-006838,PR-02280,4,69.2,2024-12-18,True
RV-006839,PR-02280,4,72.2,2026-03-08,True
RV-006840,PR-02280,4,71.7,2026-07-11,True
RV-006841,PR-02281,3,42.2,2025-11-18,False
RV-006842,PR-02281,3,49.6,2025-05-14,True
RV-006843,PR-02281,3,48.1,2026-02-27,True
RV-006844,PR-02282,2,27.7,2025-01-19,True
RV-006845,PR-02282,2,19.3,2026-05-22,False
RV-006846,PR-02282,2,21.3,2025-07-26,True
RV-006847,PR-02283,4,61.0,2025-10-01,True
RV-006848,PR-02283,4,68.6,2024-10-18,False
RV-006849,PR-02283,4,61.1,2026-06-03,True
RV-006850,PR-02284,3,54.4,2025-01-13,False
RV-006851,PR-02284,3,61.1,2026-08-12,False
RV-006852,PR-02284,3,59.0,2025-01-27,False
RV-006853,PR-02285,3,57.4,2025-10-10,False
RV-006854,PR-02285,3,55.2,2025-03-03,False
RV-006855,PR-02285,3,51.8,2025-04-26,False
RV-006856,PR-02286,4,41.0,2025-04-07,False
RV-006857,PR-02286,3,48.9,2025-04-15,False
RV-006858,PR-02286,3,51.1,2025-03-19,True
RV-006859,PR-02287,2,40.2,2024-10-18,False
RV-006860,PR-02287,3,34.5,2025-06-05,False
RV-006861,PR-02287,2,42.7,2026-04-18,False
RV-006862,PR-02288,2,36.3,2026-01-12,True
RV-006863,PR-02288,4,41.9,2025-07-20,False
RV-006864,PR-02288,3,38.3,2026-01-29,True
RV-006865,PR-02289,4,61.1,2026-07-17,True
RV-006866,PR-02289,3,52.4,2025-05-02,True
RV-006867,PR-02289,3,67.7,2026-02-04,True
RV-006868,PR-02290,2,46.7,2024-09-20,True
RV-006869,PR-02290,2,39.0,2025-09-14,True
RV-006870,PR-02290,3,43.8,2025-11-27,False
RV-006871,PR-02291,3,64.4,2025-08-07,True
RV-006872,PR-02291,4,71.7,2026-06-16,True
RV-006873,PR-02291,3,66.6,2025-12-08,True
RV-006874,PR-02292,2,39.8,2026-03-27,True
RV-006875,PR-02292,3,46.2,2026-01-03,True
RV-006876,PR-02292,3,28.8,2026-03-07,False
RV-006877,PR-02293,3,53.4,2025-10-08,True
RV-006878,PR-02293,3,52.6,2026-01-21,True
RV-006879,PR-02293,3,55.4,2025-12-13,False
RV-006880,PR-02294,3,68.4,2025-03-12,True
RV-006881,PR-02294,4,64.2,2026-06-21,False
RV-006882,PR-02294,4,66.5,2026-06-02,False
RV-006883,PR-02295,3,27.9,2026-01-17,True
RV-006884,PR-02295,2,34.3,2026-07-17,False
RV-006885,PR-02295,2,28.1,2026-03-12,True
RV-006886,PR-02296,3,55.4,2025-05-15,False
RV-006887,PR-02296,3,55.4,2026-04-14,False
RV-006888,PR-02296,3,63.5,2025-09-08,True
RV-006889,PR-02297,2,39.3,2025-08-28,True
RV-006890,PR-02297,3,29.3,2025-08-25,True
RV-006891,PR-02297,2,31.5,2026-05-04,True
RV-006892,PR-02298,2,42.4,2025-12-05,True
RV-006893,PR-02298,2,34.6,2026-01-24,True
RV-006894,PR-02298,3,38.7,2025-03-29,False
RV-006895,PR-02299,3,44.6,2026-03-26,True
RV-006896,PR-02299,2,57.5,2026-03-07,True
RV-006897,PR-02299,3,51.0,2025-10-03,False
RV-006898,PR-02300,4,65.4,2026-04-30,True
RV-006899,PR-02300,4,62.7,2024-12-09,False
RV-006900,PR-02300,3,69.1,2025-07-22,False
RV-006901,PR-02301,3,55.8,2026-04-03,False
RV-006902,PR-02301,3,55.6,2026-07-22,False
RV-006903,PR-02301,3,40.5,2026-04-18,True
RV-006904,PR-02302,4,60.9,2026-05-19,False
RV-006905,PR-02302,3,62.3,2026-07-25,False
RV-006906,PR-02302,3,54.9,2025-12-12,False
RV-006907,PR-02303,2,49.4,2026-01-08,False
RV-006908,PR-02303,3,42.9,2025-11-30,True
RV-006909,PR-02303,2,34.3,2026-07-27,False
RV-006910,PR-02304,1,14.2,2025-12-31,False
RV-006911,PR-02304,1,18.7,2026-08-23,False
RV-006912,PR-02304,2,10.9,2025-02-09,False
RV-006913,PR-02305,2,35.1,2025-07-07,False
RV-006914,PR-02305,3,30.3,2026-08-18,True
RV-006915,PR-02305,3,30.6,2026-07-20,False
RV-006916,PR-02306,3,51.7,2025-06-22,False
RV-006917,PR-02306,3,50.8,2024-11-20,False
RV-006918,PR-02306,3,43.5,2026-01-17,True
RV-006919,PR-02307,2,70.0,2026-07-11,False
RV-006920,PR-02307,4,72.9,2026-04-26,False
RV-006921,PR-02307,4,77.2,2026-03-31,False
RV-006922,PR-02308,2,27.8,2025-10-16,False
RV-006923,PR-02308,2,33.6,2025-08-21,True
RV-006924,PR-02308,2,30.3,2025-11-01,False
RV-006925,PR-02309,4,60.5,2026-05-29,False
RV-006926,PR-02309,4,64.4,2025-12-12,False
RV-006927,PR-02309,3,58.6,2025-09-11,False
RV-006928,PR-02310,4,66.5,2024-09-30,False
RV-006929,PR-02310,3,70.3,2026-02-25,False
RV-006930,PR-02310,4,67.0,2026-03-02,False
RV-006931,PR-02311,2,24.3,2025-02-15,False
RV-006932,PR-02311,2,33.9,2024-10-17,False
RV-006933,PR-02311,3,26.4,2025-08-05,False
RV-006934,PR-02312,3,57.6,2026-06-01,True
RV-006935,PR-02312,3,57.1,2024-12-18,False
RV-006936,PR-02312,3,64.2,2025-02-06,True
RV-006937,PR-02313,4,84.1,2025-08-13,True
RV-006938,PR-02313,4,72.5,2025-10-19,True
RV-006939,PR-02313,4,86.9,2025-05-17,False
RV-006940,PR-02314,3,62.4,2026-03-18,False
RV-006941,PR-02314,4,60.8,2025-10-18,False
RV-006942,PR-02314,3,63.4,2026-07-19,True
RV-006943,PR-02315,3,58.1,2024-10-20,True
RV-006944,PR-02315,3,54.2,2024-11-05,False
RV-006945,PR-02315,3,64.8,2025-02-23,True
RV-006946,PR-02316,5,87.6,2026-04-07,False
RV-006947,PR-02316,5,81.0,2025-12-13,False
RV-006948,PR-02316,5,79.1,2026-02-12,False
RV-006949,PR-02317,1,15.2,2026-06-21,True
RV-006950,PR-02317,1,14.9,2026-06-24,False
RV-006951,PR-02317,2,16.9,2026-07-12,False
RV-006952,PR-02318,2,37.2,2025-09-24,False
RV-006953,PR-02318,2,40.8,2026-05-03,True
RV-006954,PR-02318,2,34.7,2026-02-16,False
RV-006955,PR-02319,2,37.1,2024-12-05,True
RV-006956,PR-02319,2,41.7,2025-03-27,True
RV-006957,PR-02319,2,24.0,2026-03-24,False
RV-006958,PR-02320,4,69.1,2026-03-30,False
RV-006959,PR-02320,5,72.9,2026-06-08,False
RV-006960,PR-02320,4,76.8,2025-01-29,True
RV-006961,PR-02321,3,51.3,2025-02-18,True
RV-006962,PR-02321,3,54.8,2024-10-16,True
RV-006963,PR-02321,4,58.0,2025-05-01,False
RV-006964,PR-02322,4,85.7,2025-06-04,False
RV-006965,PR-02322,4,71.8,2025-11-11,False
RV-006966,PR-02322,4,80.4,2026-07-12,False
RV-006967,PR-02323,3,65.3,2025-01-21,True
RV-006968,PR-02323,3,37.1,2026-04-08,True
RV-006969,PR-02323,2,47.4,2025-09-16,True
RV-006970,PR-02324,4,70.6,2025-02-11,False
RV-006971,PR-02324,4,73.0,2025-06-18,True
RV-006972,PR-02324,4,82.4,2025-11-06,True
RV-006973,PR-02325,4,80.2,2026-02-28,True
RV-006974,PR-02325,4,83.6,2025-04-17,True
RV-006975,PR-02325,4,80.3,2026-03-01,False
RV-006976,PR-02326,3,51.8,2025-11-14,False
RV-006977,PR-02326,3,47.8,2025-01-16,False
RV-006978,PR-02326,2,44.1,2026-02-18,True
RV-006979,PR-02327,3,37.4,2026-08-06,False
RV-006980,PR-02327,2,28.4,2024-10-11,True
RV-006981,PR-02327,2,38.4,2025-05-16,False
RV-006982,PR-02328,2,42.3,2026-03-26,True
RV-006983,PR-02328,2,37.1,2025-03-09,True
RV-006984,PR-02328,3,39.7,2025-07-15,True
RV-006985,PR-02329,4,56.1,2025-12-26,False
RV-006986,PR-02329,3,48.6,2026-06-15,True
RV-006987,PR-02329,3,58.5,2025-11-06,False
RV-006988,PR-02330,5,81.2,2024-10-01,True
RV-006989,PR-02330,4,79.5,2025-02-16,False
RV-006990,PR-02330,4,80.7,2025-02-22,False
RV-006991,PR-02331,3,46.2,2024-09-11,True
RV-006992,PR-02331,2,60.9,2025-12-25,True
RV-006993,PR-02331,3,51.6,2025-02-24,False
RV-006994,PR-02332,2,30.0,2026-06-05,True
RV-006995,PR-02332,2,20.6,2026-07-26,False
RV-006996,PR-02332,2,34.2,2025-09-28,True
RV-006997,PR-02333,3,49.0,2026-05-03,False
RV-006998,PR-02333,3,63.4,2026-01-31,True
RV-006999,PR-02333,4,60.1,2025-02-21,True
RV-007000,PR-02334,3,43.1,2026-08-02,True
RV-007001,PR-02334,3,57.3,2026-07-28,False
RV-007002,PR-02334,3,38.5,2025-07-22,True
RV-007003,PR-02335,3,60.2,2026-03-20,False
RV-007004,PR-02335,3,52.2,2026-06-22,False
RV-007005,PR-02335,3,60.5,2026-02-25,False
RV-007006,PR-02336,4,70.6,2025-02-27,True
RV-007007,PR-02336,4,66.8,2026-07-21,False
RV-007008,PR-02336,4,72.7,2025-03-12,False
RV-007009,PR-02337,4,46.3,2024-09-18,False
RV-007010,PR-02337,4,68.2,2026-03-03,False
RV-007011,PR-02337,4,62.5,2025-08-31,True
RV-007012,PR-02338,2,46.0,2025-09-11,True
RV-007013,PR-02338,3,44.2,2026-01-24,False
RV-007014,PR-02338,2,47.2,2025-09-24,False
RV-007015,PR-02339,3,47.8,2025-03-14,False
RV-007016,PR-02339,3,55.7,2025-04-19,False
RV-007017,PR-02339,3,53.9,2024-12-05,True
RV-007018,PR-02340,3,67.3,2025-05-07,True
RV-007019,PR-02340,3,58.2,2025-07-12,True
RV-007020,PR-02340,3,61.6,2025-06-04,True
RV-007021,PR-02341,3,53.4,2026-03-12,True
RV-007022,PR-02341,3,64.5,2024-09-19,False
RV-007023,PR-02341,3,57.7,2025-09-04,False
RV-007024,PR-02342,2,26.1,2026-05-23,True
RV-007025,PR-02342,2,29.4,2025-11-12,False
RV-007026,PR-02342,2,31.6,2025-06-16,False
RV-007027,PR-02343,5,74.9,2025-08-13,True
RV-007028,PR-02343,4,81.2,2025-05-03,False
RV-007029,PR-02343,5,67.8,2026-03-02,False
RV-007030,PR-02344,3,42.7,2026-07-02,True
RV-007031,PR-02344,2,30.1,2025-08-27,True
RV-007032,PR-02344,3,37.4,2025-01-15,False
RV-007033,PR-02345,4,77.2,2026-07-14,True
RV-007034,PR-02345,4,64.5,2025-04-06,True
RV-007035,PR-02345,4,63.6,2025-03-17,True
RV-007036,PR-02346,2,38.3,2024-10-27,True
RV-007037,PR-02346,2,29.6,2024-11-24,True
RV-007038,PR-02346,2,37.5,2026-06-16,False
RV-007039,PR-02347,4,67.7,2026-05-11,True
RV-007040,PR-02347,4,65.8,2025-06-20,False
RV-007041,PR-02347,3,55.8,2026-06-18,True
RV-007042,PR-02348,3,47.3,2025-03-07,False
RV-007043,PR-02348,2,37.7,2026-02-11,False
RV-007044,PR-02348,3,48.8,2025-01-30,False
RV-007045,PR-02349,2,31.2,2026-08-12,True
RV-007046,PR-02349,2,11.0,2025-08-01,False
RV-007047,PR-02349,2,29.1,2025-08-02,False
RV-007048,PR-02350,2,52.9,2025-10-23,True
RV-007049,PR-02350,3,60.0,2024-10-15,True
RV-007050,PR-02350,3,57.9,2025-06-21,True
RV-007051,PR-02351,4,71.6,2025-07-29,False
RV-007052,PR-02351,3,59.5,2025-11-22,False
RV-007053,PR-02351,4,60.3,2025-08-24,True
RV-007054,PR-02352,3,65.1,2025-08-17,False
RV-007055,PR-02352,4,58.6,2025-09-03,False
RV-007056,PR-02352,3,66.2,2025-07-16,False
RV-007057,PR-02353,3,69.8,2026-08-25,True
RV-007058,PR-02353,5,60.6,2025-10-16,False
RV-007059,PR-02353,4,76.3,2025-10-19,True
RV-007060,PR-02354,3,61.1,2024-09-12,False
RV-007061,PR-02354,3,54.6,2025-08-12,True
RV-007062,PR-02354,3,53.7,2024-09-13,True
RV-007063,PR-02355,3,50.9,2025-03-16,False
RV-007064,PR-02355,3,68.7,2024-10-04,False
RV-007065,PR-02355,4,65.6,2026-06-23,False
RV-007066,PR-02356,4,94.0,2026-06-07,False
RV-007067,PR-02356,4,84.9,2024-12-30,False
RV-007068,PR-02356,4,80.3,2025-09-08,True
RV-007069,PR-02357,4,63.2,2025-01-01,False
RV-007070,PR-02357,4,74.8,2025-08-24,True
RV-007071,PR-02357,4,69.3,2025-11-15,False
RV-007072,PR-02358,4,54.3,2024-12-28,True
RV-007073,PR-02358,4,72.3,2024-12-04,True
RV-007074,PR-02358,4,77.5,2024-12-05,False
RV-007075,PR-02359,5,96.0,2024-11-30,True
RV-007076,PR-02359,5,96.6,2026-03-29,True
RV-007077,PR-02359,5,100.0,2026-09-03,False
RV-007078,PR-02360,4,57.1,2025-08-19,False
RV-007079,PR-02360,3,54.5,2025-08-10,True
RV-007080,PR-02360,3,58.6,2025-07-05,False
RV-007081,PR-02361,5,63.9,2025-10-10,False
RV-007082,PR-02361,3,63.6,2026-09-09,True
RV-007083,PR-02361,4,67.2,2025-04-03,True
RV-007084,PR-02362,2,33.7,2025-09-09,False
RV-007085,PR-02362,3,35.5,2026-03-22,True
RV-007086,PR-02362,2,28.6,2025-04-20,True
RV-007087,PR-02363,3,53.1,2025-05-22,False
RV-007088,PR-02363,3,57.0,2026-03-07,True
RV-007089,PR-02363,4,61.9,2025-09-06,True
RV-007090,PR-02364,3,54.3,2025-04-04,True
RV-007091,PR-02364,2,47.2,2024-11-10,True
RV-007092,PR-02364,3,39.8,2024-10-02,False
RV-007093,PR-02365,3,47.9,2025-11-30,False
RV-007094,PR-02365,3,41.2,2026-08-12,False
RV-007095,PR-02365,3,40.8,2024-12-23,True
RV-007096,PR-02366,3,55.2,2025-07-27,True
RV-007097,PR-02366,3,56.1,2025-07-15,True
RV-007098,PR-02366,3,53.5,2026-03-10,False
RV-007099,PR-02367,3,44.4,2026-04-12,False
RV-007100,PR-02367,2,39.2,2026-05-31,True
RV-007101,PR-02367,2,43.3,2025-03-28,False
RV-007102,PR-02368,3,64.1,2026-08-22,True
RV-007103,PR-02368,3,56.4,2026-05-02,False
RV-007104,PR-02368,4,69.1,2025-08-06,False
RV-007105,PR-02369,2,52.0,2026-02-20,False
RV-007106,PR-02369,3,41.6,2025-10-28,False
RV-007107,PR-02369,3,57.3,2025-08-28,True
RV-007108,PR-02370,2,39.6,2026-01-18,True
RV-007109,PR-02370,2,39.8,2026-06-28,True
RV-007110,PR-02370,2,41.6,2026-03-13,True
RV-007111,PR-02371,4,52.4,2026-01-02,True
RV-007112,PR-02371,3,62.1,2024-10-23,False
RV-007113,PR-02371,3,69.7,2025-08-13,True
RV-007114,PR-02372,2,38.1,2026-03-29,True
RV-007115,PR-02372,3,42.3,2024-11-19,True
RV-007116,PR-02372,3,43.6,2025-06-05,False
RV-007117,PR-02373,4,98.8,2026-04-01,True
RV-007118,PR-02373,4,89.7,2025-11-06,True
RV-007119,PR-02373,4,79.4,2025-09-17,True
RV-007120,PR-02374,2,35.1,2025-12-26,True
RV-007121,PR-02374,3,45.4,2026-07-30,True
RV-007122,PR-02374,2,32.9,2026-04-15,True
RV-007123,PR-02375,3,29.8,2025-02-09,False
RV-007124,PR-02375,2,38.9,2026-05-09,True
RV-007125,PR-02375,2,34.4,2026-07-20,False
RV-007126,PR-02376,3,68.4,2025-01-07,False
RV-007127,PR-02376,3,60.1,2025-08-31,True
RV-007128,PR-02376,3,35.4,2025-11-08,True
RV-007129,PR-02377,3,68.5,2024-12-26,False
RV-007130,PR-02377,3,54.1,2025-05-25,True
RV-007131,PR-02377,3,44.5,2024-12-01,True
RV-007132,PR-02378,3,44.5,2025-09-08,False
RV-007133,PR-02378,3,44.9,2025-06-16,True
RV-007134,PR-02378,2,33.1,2026-04-01,True
RV-007135,PR-02379,4,52.7,2025-10-05,True
RV-007136,PR-02379,3,52.7,2024-10-29,False
RV-007137,PR-02379,3,62.2,2025-11-15,True
RV-007138,PR-02380,3,67.4,2026-07-02,False
RV-007139,PR-02380,3,64.7,2026-08-21,False
RV-007140,PR-02380,4,54.5,2024-12-03,False
RV-007141,PR-02381,4,65.6,2025-07-28,False
RV-007142,PR-02381,3,69.8,2025-01-28,False
RV-007143,PR-02381,4,64.7,2026-01-22,True
RV-007144,PR-02382,4,50.6,2025-02-26,False
RV-007145,PR-02382,4,49.0,2025-05-09,False
RV-007146,PR-02382,4,58.1,2025-12-10,False
RV-007147,PR-02383,4,71.8,2025-03-09,True
RV-007148,PR-02383,4,62.8,2025-11-18,False
RV-007149,PR-02383,4,64.5,2024-11-06,True
RV-007150,PR-02384,5,87.7,2025-11-24,False
RV-007151,PR-02384,4,95.9,2025-09-17,True
RV-007152,PR-02384,4,91.7,2026-05-11,True
RV-007153,PR-02385,3,48.9,2025-10-07,False
RV-007154,PR-02385,3,40.6,2026-04-01,False
RV-007155,PR-02385,2,52.3,2025-12-17,False
RV-007156,PR-02386,5,76.5,2025-07-19,False
RV-007157,PR-02386,4,68.5,2026-04-24,False
RV-007158,PR-02386,4,72.8,2026-07-25,True
RV-007159,PR-02387,5,86.8,2026-08-26,True
RV-007160,PR-02387,3,77.0,2026-04-24,True
RV-007161,PR-02387,4,83.4,2026-04-13,True
RV-007162,PR-02388,3,38.6,2025-03-10,False
RV-007163,PR-02388,3,35.5,2025-07-11,True
RV-007164,PR-02388,2,35.2,2026-05-31,True
RV-007165,PR-02389,3,48.3,2026-01-30,False
RV-007166,PR-02389,3,48.4,2024-12-08,True
RV-007167,PR-02389,3,56.2,2025-12-09,True
RV-007168,PR-02390,3,61.5,2025-09-12,True
RV-007169,PR-02390,3,50.8,2024-11-18,True
RV-007170,PR-02390,3,58.1,2026-04-01,True
RV-007171,PR-02391,3,48.7,2025-05-29,True
RV-007172,PR-02391,4,47.9,2026-03-15,False
RV-007173,PR-02391,3,42.5,2026-01-21,True
RV-007174,PR-02392,4,85.7,2025-01-13,False
RV-007175,PR-02392,4,74.2,2024-10-04,True
RV-007176,PR-02392,4,65.8,2025-12-26,True
RV-007177,PR-02393,4,90.8,2025-04-10,False
RV-007178,PR-02393,5,70.8,2026-06-24,True
RV-007179,PR-02393,4,79.0,2025-11-03,True
RV-007180,PR-02394,4,59.3,2026-04-03,True
RV-007181,PR-02394,3,55.5,2026-06-05,True
RV-007182,PR-02394,4,50.3,2025-01-25,False
RV-007183,PR-02395,3,53.2,2026-06-05,False
RV-007184,PR-02395,3,47.8,2026-02-12,True
RV-007185,PR-02395,3,60.4,2025-04-25,False
RV-007186,PR-02396,4,75.9,2025-09-01,False
RV-007187,PR-02396,4,69.4,2025-04-25,True
RV-007188,PR-02396,3,66.5,2025-01-06,False
RV-007189,PR-02397,3,40.8,2025-02-12,True
RV-007190,PR-02397,4,43.1,2026-02-04,False
RV-007191,PR-02397,3,59.5,2026-02-16,False
RV-007192,PR-02398,2,31.2,2025-06-06,True
RV-007193,PR-02398,3,23.9,2024-10-09,True
RV-007194,PR-02398,2,20.6,2026-08-22,False
RV-007195,PR-02399,3,58.3,2025-05-30,False
RV-007196,PR-02399,2,67.3,2024-10-16,True
RV-007197,PR-02399,3,43.3,2025-12-11,False
RV-007198,PR-02400,4,60.9,2026-01-13,False
RV-007199,PR-02400,4,60.1,2026-04-25,True
RV-007200,PR-02400,4,65.1,2026-02-17,True
RV-007201,PR-02401,3,41.8,2025-02-23,False
RV-007202,PR-02401,3,39.6,2026-06-07,False
RV-007203,PR-02401,2,38.9,2025-12-15,True
RV-007204,PR-02402,2,31.9,2026-02-03,True
RV-007205,PR-02402,2,19.6,2026-01-17,False
RV-007206,PR-02402,2,27.9,2026-04-21,True
RV-007207,PR-02403,3,52.2,2026-04-24,False
RV-007208,PR-02403,3,48.9,2024-10-21,False
RV-007209,PR-02403,3,51.8,2025-03-02,False
RV-007210,PR-02404,3,39.1,2025-04-26,False
RV-007211,PR-02404,2,38.1,2026-07-31,True
RV-007212,PR-02404,2,41.7,2025-02-23,True
RV-007213,PR-02405,2,22.8,2026-04-17,True
RV-007214,PR-02405,2,33.0,2025-09-28,False
RV-007215,PR-02405,2,27.7,2026-06-09,False
RV-007216,PR-02406,2,16.2,2026-07-28,True
RV-007217,PR-02406,2,18.4,2025-01-09,True
RV-007218,PR-02406,2,24.9,2026-05-14,True
RV-007219,PR-02407,4,67.6,2026-03-31,False
RV-007220,PR-02407,4,63.6,2026-07-03,True
RV-007221,PR-02407,4,79.1,2026-01-01,False
RV-007222,PR-02408,3,64.9,2026-01-01,False
RV-007223,PR-02408,4,63.5,2025-02-18,False
RV-007224,PR-02408,4,60.5,2024-11-27,True
RV-007225,PR-02409,4,83.1,2025-09-03,False
RV-007226,PR-02409,4,81.6,2024-10-28,True
RV-007227,PR-02409,4,82.6,2026-09-02,False
RV-007228,PR-02410,3,64.9,2025-07-27,False
RV-007229,PR-02410,3,59.0,2025-08-14,False
RV-007230,PR-02410,4,62.0,2024-10-10,False
RV-007231,PR-02411,3,63.9,2025-04-17,True
RV-007232,PR-02411,3,61.1,2025-08-18,False
RV-007233,PR-02411,4,56.9,2025-02-26,True
RV-007234,PR-02412,5,76.5,2025-11-16,False
RV-007235,PR-02412,4,72.8,2025-06-05,True
RV-007236,PR-02412,4,73.7,2025-03-24,False
RV-007237,PR-02413,4,63.8,2026-06-20,False
RV-007238,PR-02413,3,71.8,2025-04-23,False
RV-007239,PR-02413,4,77.6,2024-09-24,True
RV-007240,PR-02414,3,47.9,2026-04-17,True
RV-007241,PR-02414,4,46.6,2024-10-17,False
RV-007242,PR-02414,3,60.7,2025-05-29,False
RV-007243,PR-02415,4,64.0,2025-11-29,False
RV-007244,PR-02415,4,68.9,2025-08-18,True
RV-007245,PR-02415,4,61.1,2025-08-15,True
RV-007246,PR-02416,4,64.2,2025-09-19,True
RV-007247,PR-02416,4,67.1,2026-01-01,True
RV-007248,PR-02416,4,70.1,2025-09-02,True
RV-007249,PR-02417,3,63.9,2025-01-18,True
RV-007250,PR-02417,3,59.9,2026-03-08,False
RV-007251,PR-02417,3,62.6,2024-09-27,True
RV-007252,PR-02418,3,42.3,2026-06-19,True
RV-007253,PR-02418,3,41.5,2026-01-12,False
RV-007254,PR-02418,3,42.2,2025-07-10,False
RV-007255,PR-02419,3,45.9,2026-06-22,False
RV-007256,PR-02419,3,45.6,2026-08-02,True
RV-007257,PR-02419,3,34.1,2025-09-24,True
RV-007258,PR-02420,2,21.7,2026-04-08,False
RV-007259,PR-02420,2,28.2,2024-09-20,False
RV-007260,PR-02420,2,26.0,2025-11-22,False
RV-007261,PR-02421,3,63.7,2025-10-05,True
RV-007262,PR-02421,4,56.7,2026-04-30,True
RV-007263,PR-02421,4,59.9,2025-03-05,True
RV-007264,PR-02422,4,43.0,2025-08-09,True
RV-007265,PR-02422,3,45.7,2025-01-02,False
RV-007266,PR-02422,3,38.8,2025-02-24,True
RV-007267,PR-02423,2,37.7,2025-08-09,True
RV-007268,PR-02423,1,33.3,2026-05-30,False
RV-007269,PR-02423,2,34.0,2024-10-21,False
RV-007270,PR-02424,4,67.6,2025-06-27,True
RV-007271,PR-02424,4,65.3,2026-07-20,True
RV-007272,PR-02424,3,57.1,2025-10-13,False
RV-007273,PR-02425,4,71.0,2025-01-09,False
RV-007274,PR-02425,4,82.3,2026-08-04,False
RV-007275,PR-02425,4,82.4,2026-05-22,False
RV-007276,PR-02426,4,53.0,2025-09-03,True
RV-007277,PR-02426,4,60.8,2026-01-10,False
RV-007278,PR-02426,3,63.7,2025-08-01,True
RV-007279,PR-02427,4,50.8,2025-01-21,False
RV-007280,PR-02427,3,67.5,2024-09-23,False
RV-007281,PR-02427,4,47.8,2025-07-16,True
RV-007282,PR-02428,2,33.9,2026-01-04,False
RV-007283,PR-02428,3,33.7,2025-05-22,False
RV-007284,PR-02428,2,30.2,2025-02-23,True
RV-007285,PR-02429,3,56.5,2025-12-03,True
RV-007286,PR-02429,3,48.7,2026-08-26,True
RV-007287,PR-02429,4,52.2,2025-12-06,False
RV-007288,PR-02430,4,64.4,2025-05-12,True
RV-007289,PR-02430,4,56.5,2026-05-19,True
RV-007290,PR-02430,3,69.2,2024-11-28,False
RV-007291,PR-02431,4,83.8,2025-06-10,False
RV-007292,PR-02431,4,79.9,2025-08-27,True
RV-007293,PR-02431,5,83.7,2026-04-12,False
RV-007294,PR-02432,2,33.0,2025-07-10,False
RV-007295,PR-02432,1,32.0,2025-10-11,False
RV-007296,PR-02432,2,30.4,2026-02-20,False
RV-007297,PR-02433,3,51.5,2025-04-30,True
RV-007298,PR-02433,2,44.4,2026-05-24,False
RV-007299,PR-02433,3,46.1,2026-06-04,True
RV-007300,PR-02434,4,86.8,2025-08-02,True
RV-007301,PR-02434,3,68.2,2025-02-13,True
RV-007302,PR-02434,4,83.9,2026-05-21,False
RV-007303,PR-02435,3,80.6,2026-03-16,True
RV-007304,PR-02435,5,76.3,2025-02-28,True
RV-007305,PR-02435,5,82.9,2025-07-16,True
RV-007306,PR-02436,2,45.9,2026-05-16,False
RV-007307,PR-02436,3,45.3,2025-06-17,False
RV-007308,PR-02436,2,51.9,2026-05-13,False
RV-007309,PR-02437,5,82.3,2025-11-06,False
RV-007310,PR-02437,5,94.2,2025-05-26,False
RV-007311,PR-02437,5,85.5,2025-09-01,True
RV-007312,PR-02438,3,31.9,2026-04-06,False
RV-007313,PR-02438,2,40.3,2026-06-27,False
RV-007314,PR-02438,2,27.8,2025-12-07,True
RV-007315,PR-02439,5,76.8,2025-11-04,True
RV-007316,PR-02439,4,86.2,2025-12-21,False
RV-007317,PR-02439,4,78.7,2025-09-07,True
RV-007318,PR-02440,4,68.0,2024-11-16,True
RV-007319,PR-02440,4,69.1,2024-12-26,False
RV-007320,PR-02440,4,72.3,2026-04-05,True
RV-007321,PR-02441,4,75.4,2025-04-05,False
RV-007322,PR-02441,3,69.6,2026-04-04,True
RV-007323,PR-02441,3,60.5,2025-01-08,True
RV-007324,PR-02442,4,54.6,2026-03-23,True
RV-007325,PR-02442,5,48.4,2026-09-02,True
RV-007326,PR-02442,3,47.3,2024-10-27,False
RV-007327,PR-02443,4,61.5,2024-11-26,True
RV-007328,PR-02443,2,59.7,2026-08-15,False
RV-007329,PR-02443,3,58.1,2025-07-07,True
RV-007330,PR-02444,5,81.2,2026-06-02,False
RV-007331,PR-02444,3,78.8,2026-08-19,False
RV-007332,PR-02444,3,80.8,2026-07-22,False
RV-007333,PR-02445,2,22.2,2024-11-17,True
RV-007334,PR-02445,2,28.9,2025-06-23,False
RV-007335,PR-02445,3,35.4,2025-07-28,False
RV-007336,PR-02446,3,51.2,2026-02-05,True
RV-007337,PR-02446,3,47.2,2024-11-04,False
RV-007338,PR-02446,3,46.3,2025-05-09,True
RV-007339,PR-02447,3,60.8,2025-06-12,False
RV-007340,PR-02447,3,55.3,2024-09-30,False
RV-007341,PR-02447,3,56.1,2025-04-23,True
RV-007342,PR-02448,2,27.7,2025-03-20,False
RV-007343,PR-02448,1,28.8,2025-04-22,False
RV-007344,PR-02448,2,16.5,2024-09-17,True
RV-007345,PR-02449,3,60.2,2025-11-23,True
RV-007346,PR-02449,3,65.7,2025-05-20,False
RV-007347,PR-02449,3,60.7,2025-09-21,False
RV-007348,PR-02450,2,50.5,2025-10-18,False
RV-007349,PR-02450,3,58.5,2025-11-16,True
RV-007350,PR-02450,3,52.5,2026-07-24,True
RV-007351,PR-02451,4,70.2,2025-05-10,True
RV-007352,PR-02451,4,76.4,2026-03-05,True
RV-007353,PR-02451,4,67.4,2025-03-12,False
RV-007354,PR-02452,3,66.7,2025-08-10,False
RV-007355,PR-02452,4,56.6,2025-10-09,True
RV-007356,PR-02452,4,59.5,2024-11-14,True
RV-007357,PR-02453,3,54.0,2024-11-19,True
RV-007358,PR-02453,2,46.2,2024-10-31,False
RV-007359,PR-02453,3,52.2,2024-09-23,False
RV-007360,PR-02454,3,35.7,2025-08-18,False
RV-007361,PR-02454,2,52.6,2026-06-30,True
RV-007362,PR-02454,2,37.0,2025-11-11,False
RV-007363,PR-02455,5,75.8,2025-10-23,True
RV-007364,PR-02455,3,64.6,2026-08-29,False
RV-007365,PR-02455,4,69.9,2026-04-01,False
RV-007366,PR-02456,2,34.4,2025-05-15,True
RV-007367,PR-02456,2,34.9,2026-06-01,True
RV-007368,PR-02456,2,39.3,2025-11-07,True
RV-007369,PR-02457,4,49.7,2026-02-25,True
RV-007370,PR-02457,3,59.1,2025-10-06,False
RV-007371,PR-02457,3,57.5,2026-05-19,True
RV-007372,PR-02458,5,63.0,2025-08-09,True
RV-007373,PR-02458,4,68.1,2025-11-26,False
RV-007374,PR-02458,4,72.0,2025-01-07,True
RV-007375,PR-02459,4,67.4,2025-08-26,True
RV-007376,PR-02459,3,59.7,2026-04-07,False
RV-007377,PR-02459,4,61.0,2025-09-06,True
RV-007378,PR-02460,3,47.3,2025-12-10,True
RV-007379,PR-02460,2,35.4,2024-10-04,True
RV-007380,PR-02460,2,32.3,2026-07-15,False
RV-007381,PR-02461,4,73.1,2024-10-16,False
RV-007382,PR-02461,4,63.1,2025-12-04,False
RV-007383,PR-02461,4,61.6,2026-07-07,False
RV-007384,PR-02462,3,61.9,2024-11-25,False
RV-007385,PR-02462,3,56.2,2024-10-24,False
RV-007386,PR-02462,4,55.0,2025-06-16,False
RV-007387,PR-02463,3,62.4,2026-03-25,True
RV-007388,PR-02463,3,60.3,2025-09-18,False
RV-007389,PR-02463,4,59.0,2024-09-27,True
RV-007390,PR-02464,2,17.7,2026-04-13,False
RV-007391,PR-02464,2,19.7,2025-06-28,False
RV-007392,PR-02464,2,32.7,2025-03-10,False
RV-007393,PR-02465,4,60.5,2026-06-01,True
RV-007394,PR-02465,4,49.5,2025-04-23,True
RV-007395,PR-02465,4,68.0,2025-08-06,False
RV-007396,PR-02466,2,14.1,2024-11-04,True
RV-007397,PR-02466,2,7.6,2024-12-12,False
RV-007398,PR-02466,1,13.2,2025-12-10,True
RV-007399,PR-02467,4,75.9,2026-01-15,True
RV-007400,PR-02467,4,71.0,2025-11-05,False
RV-007401,PR-02467,4,80.9,2025-02-24,False
RV-007402,PR-02468,3,59.0,2026-06-19,False
RV-007403,PR-02468,3,62.0,2025-06-12,False
RV-007404,PR-02468,3,57.4,2025-04-14,True
RV-007405,PR-02469,5,78.5,2026-03-16,True
RV-007406,PR-02469,4,70.1,2025-11-28,True
RV-007407,PR-02469,5,97.1,2026-06-26,False
RV-007408,PR-02470,3,53.8,2024-12-28,False
RV-007409,PR-02470,3,67.5,2026-01-09,False
RV-007410,PR-02470,3,68.5,2025-06-17,True
RV-007411,PR-02471,4,54.5,2025-02-25,True
RV-007412,PR-02471,3,52.0,2024-09-29,False
RV-007413,PR-02471,3,66.3,2025-12-20,True
RV-007414,PR-02472,4,46.0,2026-02-21,True
RV-007415,PR-02472,4,53.9,2025-03-22,True
RV-007416,PR-02472,4,58.5,2025-02-19,False
RV-007417,PR-02473,2,28.4,2026-08-17,False
RV-007418,PR-02473,2,27.1,2025-11-22,True
RV-007419,PR-02473,2,31.5,2025-04-23,True
RV-007420,PR-02474,4,36.2,2025-03-11,True
RV-007421,PR-02474,2,48.1,2025-01-05,True
RV-007422,PR-02474,2,40.8,2025-02-08,False
RV-007423,PR-02475,3,45.4,2025-12-24,True
RV-007424,PR-02475,2,38.5,2026-06-05,False
RV-007425,PR-02475,3,42.4,2025-09-24,True
RV-007426,PR-02476,3,59.0,2026-02-22,True
RV-007427,PR-02476,3,56.6,2024-11-05,False
RV-007428,PR-02476,3,60.5,2025-09-04,True
RV-007429,PR-02477,3,56.4,2025-03-26,True
RV-007430,PR-02477,3,57.3,2025-05-31,True
RV-007431,PR-02477,3,47.8,2024-11-13,False
RV-007432,PR-02478,3,52.7,2025-09-21,True
RV-007433,PR-02478,3,49.5,2026-06-07,False
RV-007434,PR-02478,2,44.2,2026-03-25,False
RV-007435,PR-02479,3,53.9,2026-04-16,False
RV-007436,PR-02479,3,50.6,2026-01-15,True
RV-007437,PR-02479,4,59.6,2025-01-13,True
RV-007438,PR-02480,2,40.6,2026-08-27,True
RV-007439,PR-02480,4,47.0,2025-06-21,False
RV-007440,PR-02480,2,37.1,2026-07-31,False
RV-007441,PR-02481,4,72.5,2025-02-14,False
RV-007442,PR-02481,4,69.9,2026-03-28,False
RV-007443,PR-02481,4,63.9,2026-04-20,False
RV-007444,PR-02482,2,37.3,2025-10-30,True
RV-007445,PR-02482,3,30.0,2026-09-01,True
RV-007446,PR-02482,2,27.7,2026-08-26,False
RV-007447,PR-02483,3,46.8,2026-04-04,True
RV-007448,PR-02483,4,44.2,2024-09-16,False
RV-007449,PR-02483,3,48.6,2025-10-26,False
RV-007450,PR-02484,2,48.0,2025-03-05,False
RV-007451,PR-02484,3,38.2,2025-05-25,True
RV-007452,PR-02484,2,35.5,2026-04-20,True
RV-007453,PR-02485,2,29.5,2024-12-08,False
RV-007454,PR-02485,3,26.0,2026-03-10,True
RV-007455,PR-02485,3,19.3,2026-08-01,False
RV-007456,PR-02486,3,48.5,2025-01-26,True
RV-007457,PR-02486,3,52.8,2025-10-02,True
RV-007458,PR-02486,4,60.3,2025-04-24,False
RV-007459,PR-02487,3,70.5,2026-05-26,False
RV-007460,PR-02487,4,68.4,2025-09-23,False
RV-007461,PR-02487,4,72.0,2025-12-12,True
RV-007462,PR-02488,3,34.1,2025-11-27,True
RV-007463,PR-02488,3,49.9,2025-04-30,False
RV-007464,PR-02488,3,48.4,2024-09-18,False
RV-007465,PR-02489,4,63.7,2026-07-29,False
RV-007466,PR-02489,3,59.1,2026-03-11,True
RV-007467,PR-02489,3,54.3,2026-06-26,True
RV-007468,PR-02490,2,40.8,2026-03-09,False
RV-007469,PR-02490,3,45.3,2025-11-01,True
RV-007470,PR-02490,2,42.7,2026-04-05,True
RV-007471,PR-02491,4,51.7,2026-09-11,False
RV-007472,PR-02491,3,39.4,2026-08-08,False
RV-007473,PR-02491,4,54.0,2026-06-19,True
RV-007474,PR-02492,2,17.3,2025-09-08,False
RV-007475,PR-02492,2,13.2,2026-04-19,False
RV-007476,PR-02492,2,35.2,2025-07-30,True
RV-007477,PR-02493,3,43.8,2026-05-09,False
RV-007478,PR-02493,2,45.2,2026-01-17,False
RV-007479,PR-02493,3,41.1,2025-10-19,True
RV-007480,PR-02494,4,73.7,2026-03-11,True
RV-007481,PR-02494,3,80.3,2025-12-24,True
RV-007482,PR-02494,4,75.0,2025-01-16,True
RV-007483,PR-02495,2,37.8,2024-09-18,True
RV-007484,PR-02495,3,55.4,2025-09-09,False
RV-007485,PR-02495,2,32.2,2025-06-29,True
RV-007486,PR-02496,4,69.3,2025-06-26,False
RV-007487,PR-02496,4,57.7,2026-05-15,True
RV-007488,PR-02496,3,61.4,2026-05-28,False
RV-007489,PR-02497,2,41.2,2025-05-22,True
RV-007490,PR-02497,3,47.6,2025-05-21,True
RV-007491,PR-02497,3,58.3,2024-11-05,True
RV-007492,PR-02498,4,89.2,2025-09-10,False
RV-007493,PR-02498,5,85.6,2025-02-01,False
RV-007494,PR-02498,5,89.3,2026-03-14,True
RV-007495,PR-02499,3,65.9,2025-04-23,False
RV-007496,PR-02499,3,64.9,2026-01-11,True
RV-007497,PR-02499,3,59.0,2024-12-29,False
RV-007498,PR-02500,3,49.9,2025-11-27,False
RV-007499,PR-02500,3,45.9,2026-02-21,False
RV-007500,PR-02500,3,41.8,2025-11-11,False
RV-007501,PR-02501,4,59.1,2025-10-25,False
RV-007502,PR-02501,4,60.8,2024-11-07,False
RV-007503,PR-02501,3,70.4,2024-10-22,True
RV-007504,PR-02502,2,18.7,2025-12-23,False
RV-007505,PR-02502,2,31.6,2025-06-10,True
RV-007506,PR-02502,2,32.9,2025-09-17,True
RV-007507,PR-02503,3,48.4,2025-08-17,True
RV-007508,PR-02503,3,59.6,2026-07-26,True
RV-007509,PR-02503,4,45.8,2026-02-27,True
RV-007510,PR-02504,3,57.4,2025-02-17,False
RV-007511,PR-02504,3,59.4,2024-10-16,True
RV-007512,PR-02504,3,54.2,2025-08-23,False
RV-007513,PR-02505,3,67.4,2024-10-25,False
RV-007514,PR-02505,4,59.5,2025-10-27,True
RV-007515,PR-02505,3,64.5,2025-04-07,False
RV-007516,PR-02506,3,46.8,2024-09-13,False
RV-007517,PR-02506,3,51.4,2026-07-09,False
RV-007518,PR-02506,3,50.1,2025-07-06,False
RV-007519,PR-02507,3,64.8,2026-06-24,False
RV-007520,PR-02507,4,68.7,2025-04-21,True
RV-007521,PR-02507,3,58.2,2024-10-02,True
RV-007522,PR-02508,3,45.1,2026-07-02,True
RV-007523,PR-02508,3,57.4,2026-05-07,True
RV-007524,PR-02508,3,51.8,2026-05-02,False
RV-007525,PR-02509,4,69.6,2025-10-23,False
RV-007526,PR-02509,4,69.2,2026-08-10,True
RV-007527,PR-02509,4,71.6,2026-03-13,True
RV-007528,PR-02510,3,66.6,2025-04-09,True
RV-007529,PR-02510,3,64.2,2026-03-04,True
RV-007530,PR-02510,4,70.4,2025-10-08,False
RV-007531,PR-02511,3,51.7,2026-07-09,False
RV-007532,PR-02511,3,50.8,2025-08-01,False
RV-007533,PR-02511,4,60.4,2025-07-27,False
RV-007534,PR-02512,4,58.2,2025-10-11,True
RV-007535,PR-02512,3,73.6,2025-07-31,True
RV-007536,PR-02512,4,66.8,2026-08-12,False
RV-007537,PR-02513,3,68.0,2024-11-10,True
RV-007538,PR-02513,3,43.4,2025-10-26,True
RV-007539,PR-02513,3,46.6,2025-09-22,True
RV-007540,PR-02514,4,80.5,2025-04-23,True
RV-007541,PR-02514,4,68.4,2025-08-06,False
RV-007542,PR-02514,4,65.2,2024-12-17,False
RV-007543,PR-02515,3,46.4,2025-05-23,True
RV-007544,PR-02515,3,42.4,2026-02-17,True
RV-007545,PR-02515,3,58.1,2025-04-30,False
RV-007546,PR-02516,4,70.8,2024-10-17,True
RV-007547,PR-02516,4,67.3,2026-07-11,True
RV-007548,PR-02516,4,60.9,2026-07-02,True
RV-007549,PR-02517,2,12.1,2026-01-17,False
RV-007550,PR-02517,1,19.0,2025-09-27,True
RV-007551,PR-02517,2,9.9,2026-03-21,True
RV-007552,PR-02518,3,37.0,2026-01-26,True
RV-007553,PR-02518,3,45.5,2025-08-01,True
RV-007554,PR-02518,4,46.2,2026-04-12,True
RV-007555,PR-02519,5,80.9,2025-08-05,True
RV-007556,PR-02519,5,86.7,2025-02-27,True
RV-007557,PR-02519,5,91.1,2025-09-11,True
RV-007558,PR-02520,2,29.8,2026-08-19,True
RV-007559,PR-02520,3,42.6,2024-12-15,True
RV-007560,PR-02520,3,37.5,2026-05-05,False
RV-007561,PR-02521,4,39.1,2025-09-12,True
RV-007562,PR-02521,2,36.2,2025-04-11,False
RV-007563,PR-02521,3,46.8,2026-01-05,False
RV-007564,PR-02522,5,78.5,2026-01-05,True
RV-007565,PR-02522,4,76.4,2026-04-22,True
RV-007566,PR-02522,4,76.8,2025-03-13,False
RV-007567,PR-02523,4,82.1,2026-04-06,True
RV-007568,PR-02523,4,69.8,2026-06-02,True
RV-007569,PR-02523,4,77.3,2025-01-23,True
RV-007570,PR-02524,3,61.3,2025-12-03,True
RV-007571,PR-02524,3,51.4,2026-08-25,True
RV-007572,PR-02524,3,59.4,2024-10-03,False
RV-007573,PR-02525,4,69.1,2025-05-31,True
RV-007574,PR-02525,3,71.9,2025-01-01,True
RV-007575,PR-02525,3,73.7,2026-02-17,False
RV-007576,PR-02526,4,64.9,2024-10-31,True
RV-007577,PR-02526,4,70.6,2026-02-13,False
RV-007578,PR-02526,4,60.9,2024-09-21,True
RV-007579,PR-02527,3,36.6,2025-12-12,False
RV-007580,PR-02527,2,31.8,2026-09-10,True
RV-007581,PR-02527,2,25.7,2025-06-23,True
RV-007582,PR-02528,3,50.3,2025-10-11,False
RV-007583,PR-02528,3,55.8,2026-05-10,False
RV-007584,PR-02528,2,49.9,2026-03-15,False
RV-007585,PR-02529,2,53.2,2025-11-27,False
RV-007586,PR-02529,2,31.5,2025-12-25,False
RV-007587,PR-02529,3,34.4,2025-05-21,False
RV-007588,PR-02530,2,36.3,2026-04-15,False
RV-007589,PR-02530,3,27.6,2025-07-28,True
RV-007590,PR-02530,3,34.2,2025-06-25,False
RV-007591,PR-02531,2,24.2,2025-01-25,False
RV-007592,PR-02531,2,18.3,2025-09-27,False
RV-007593,PR-02531,2,23.6,2025-07-11,True
RV-007594,PR-02532,3,42.9,2026-01-24,True
RV-007595,PR-02532,3,46.7,2026-04-23,False
RV-007596,PR-02532,3,54.1,2026-08-22,False
RV-007597,PR-02533,3,41.6,2025-11-11,False
RV-007598,PR-02533,2,34.6,2025-07-13,True
RV-007599,PR-02533,2,35.5,2025-07-25,False
RV-007600,PR-02534,3,48.9,2025-11-12,True
RV-007601,PR-02534,3,54.0,2026-04-26,False
RV-007602,PR-02534,3,49.1,2026-01-09,True
RV-007603,PR-02535,3,45.4,2025-03-12,True
RV-007604,PR-02535,3,47.4,2025-03-15,True
RV-007605,PR-02535,3,52.6,2024-10-02,True
RV-007606,PR-02536,2,44.4,2025-08-26,True
RV-007607,PR-02536,3,46.6,2025-07-19,False
RV-007608,PR-02536,3,46.0,2026-06-20,True
RV-007609,PR-02537,3,41.4,2026-03-29,False
RV-007610,PR-02537,3,54.4,2026-06-20,False
RV-007611,PR-02537,3,40.0,2026-09-03,False
RV-007612,PR-02538,5,82.7,2026-03-09,True
RV-007613,PR-02538,4,79.8,2025-08-16,True
RV-007614,PR-02538,4,89.4,2025-02-28,True
RV-007615,PR-02539,4,67.0,2024-10-02,True
RV-007616,PR-02539,5,77.3,2026-01-30,False
RV-007617,PR-02539,4,77.3,2026-03-05,True
RV-007618,PR-02540,2,32.4,2026-08-03,False
RV-007619,PR-02540,2,37.0,2025-09-19,True
RV-007620,PR-02540,3,45.2,2025-02-08,True
RV-007621,PR-02541,3,70.3,2026-01-06,True
RV-007622,PR-02541,4,78.3,2025-07-30,False
RV-007623,PR-02541,4,71.1,2025-11-28,True
RV-007624,PR-02542,4,72.4,2025-12-01,False
RV-007625,PR-02542,4,79.2,2024-10-27,False
RV-007626,PR-02542,4,70.9,2025-09-11,True
RV-007627,PR-02543,3,42.0,2026-05-27,False
RV-007628,PR-02543,2,46.5,2025-01-26,False
RV-007629,PR-02543,3,48.3,2025-12-25,False
RV-007630,PR-02544,2,25.9,2025-08-05,False
RV-007631,PR-02544,2,30.3,2025-11-02,False
RV-007632,PR-02544,2,25.6,2026-01-04,True
RV-007633,PR-02545,4,87.4,2026-04-23,True
RV-007634,PR-02545,5,81.3,2025-07-11,False
RV-007635,PR-02545,5,88.8,2026-08-14,False
RV-007636,PR-02546,5,77.0,2025-12-25,True
RV-007637,PR-02546,4,75.4,2026-07-11,True
RV-007638,PR-02546,4,80.4,2024-12-28,False
RV-007639,PR-02547,3,53.0,2025-05-24,False
RV-007640,PR-02547,4,37.5,2026-06-29,False
RV-007641,PR-02547,3,47.4,2024-11-23,True
RV-007642,PR-02548,2,32.6,2026-02-28,True
RV-007643,PR-02548,2,27.6,2026-04-10,False
RV-007644,PR-02548,3,39.5,2025-03-30,True
RV-007645,PR-02549,3,63.5,2025-02-13,False
RV-007646,PR-02549,4,59.2,2024-09-27,False
RV-007647,PR-02549,3,57.9,2025-07-04,True
RV-007648,PR-02550,3,60.1,2026-03-29,True
RV-007649,PR-02550,4,57.6,2025-10-08,False
RV-007650,PR-02550,3,56.1,2025-11-29,True
RV-007651,PR-02551,4,89.1,2026-02-08,False
RV-007652,PR-02551,3,75.5,2026-07-26,True
RV-007653,PR-02551,4,65.7,2024-09-26,True
RV-007654,PR-02552,3,54.1,2026-08-08,False
RV-007655,PR-02552,3,53.7,2026-04-20,False
RV-007656,PR-02552,3,58.1,2025-02-26,True
RV-007657,PR-02553,2,45.8,2026-02-16,True
RV-007658,PR-02553,2,39.4,2026-03-19,True
RV-007659,PR-02553,2,54.8,2024-09-22,False
RV-007660,PR-02554,3,45.8,2026-03-05,True
RV-007661,PR-02554,2,40.6,2026-04-10,True
RV-007662,PR-02554,2,40.5,2026-07-04,False
RV-007663,PR-02555,3,45.5,2025-11-21,False
RV-007664,PR-02555,3,49.3,2025-08-25,False
RV-007665,PR-02555,3,48.2,2025-01-24,False
RV-007666,PR-02556,3,52.5,2026-06-07,True
RV-007667,PR-02556,2,62.9,2025-06-03,False
RV-007668,PR-02556,3,48.6,2024-11-30,False
RV-007669,PR-02557,3,54.2,2025-07-07,False
RV-007670,PR-02557,2,52.3,2025-10-29,True
RV-007671,PR-02557,4,53.3,2026-02-23,True
RV-007672,PR-02558,4,58.9,2025-09-11,True
RV-007673,PR-02558,3,64.8,2024-10-15,True
RV-007674,PR-02558,4,58.3,2026-05-28,False
RV-007675,PR-02559,4,85.3,2024-09-19,True
RV-007676,PR-02559,4,73.9,2025-10-24,False
RV-007677,PR-02559,4,80.3,2025-08-16,True
RV-007678,PR-02560,2,29.2,2025-03-13,False
RV-007679,PR-02560,2,32.4,2025-11-14,False
RV-007680,PR-02560,2,38.8,2026-04-10,False
RV-007681,PR-02561,3,63.7,2025-07-08,False
RV-007682,PR-02561,5,64.2,2025-10-18,False
RV-007683,PR-02561,4,62.3,2025-08-16,True
RV-007684,PR-02562,3,45.6,2025-02-25,True
RV-007685,PR-02562,3,52.8,2024-12-27,True
RV-007686,PR-02562,4,45.8,2025-11-25,True
RV-007687,PR-02563,4,65.7,2026-04-13,True
RV-007688,PR-02563,4,59.1,2026-04-21,True
RV-007689,PR-02563,3,65.5,2024-11-23,False
RV-007690,PR-02564,3,47.2,2026-07-22,True
RV-007691,PR-02564,3,43.4,2026-01-03,True
RV-007692,PR-02564,3,51.9,2025-08-06,True
RV-007693,PR-02565,5,96.1,2025-06-06,True
RV-007694,PR-02565,5,88.9,2024-12-06,True
RV-007695,PR-02565,5,100.0,2026-08-01,False
RV-007696,PR-02566,4,79.1,2026-02-07,False
RV-007697,PR-02566,4,75.7,2025-04-18,False
RV-007698,PR-02566,5,89.5,2024-10-22,False
RV-007699,PR-02567,3,60.3,2026-06-19,True
RV-007700,PR-02567,3,48.9,2024-10-03,False
RV-007701,PR-02567,3,54.1,2025-06-01,False
RV-007702,PR-02568,3,80.9,2025-02-05,False
RV-007703,PR-02568,4,66.6,2025-10-24,False
RV-007704,PR-02568,4,70.0,2025-01-07,True
RV-007705,PR-02569,2,40.3,2025-07-25,False
RV-007706,PR-02569,3,36.2,2026-02-28,False
RV-007707,PR-02569,2,37.7,2025-06-09,True
RV-007708,PR-02570,3,52.3,2026-08-11,True
RV-007709,PR-02570,4,53.5,2026-01-24,True
RV-007710,PR-02570,3,61.4,2026-04-10,False
RV-007711,PR-02571,2,33.6,2026-02-04,False
RV-007712,PR-02571,3,34.7,2026-04-06,False
RV-007713,PR-02571,2,27.5,2026-08-10,False
RV-007714,PR-02572,3,60.8,2024-12-03,True
RV-007715,PR-02572,4,54.8,2026-03-21,True
RV-007716,PR-02572,3,54.3,2025-12-26,True
RV-007717,PR-02573,3,63.3,2025-10-18,False
RV-007718,PR-02573,3,59.7,2024-11-09,True
RV-007719,PR-02573,3,59.8,2026-05-28,True
RV-007720,PR-02574,3,49.3,2026-01-20,True
RV-007721,PR-02574,4,58.5,2025-06-02,True
RV-007722,PR-02574,4,44.8,2024-12-11,True
RV-007723,PR-02575,2,39.2,2026-01-23,True
RV-007724,PR-02575,3,38.2,2025-11-30,True
RV-007725,PR-02575,3,36.7,2024-09-23,False
RV-007726,PR-02576,4,60.8,2026-06-18,False
RV-007727,PR-02576,3,53.1,2025-02-04,False
RV-007728,PR-02576,4,52.3,2026-07-20,True
RV-007729,PR-02577,3,69.9,2024-11-11,False
RV-007730,PR-02577,3,63.2,2026-04-03,True
RV-007731,PR-02577,3,57.9,2026-01-17,False
RV-007732,PR-02578,2,18.8,2025-07-13,False
RV-007733,PR-02578,3,21.6,2025-11-14,True
RV-007734,PR-02578,2,24.3,2025-10-14,True
RV-007735,PR-02579,4,67.3,2026-08-17,False
RV-007736,PR-02579,5,75.9,2025-10-01,True
RV-007737,PR-02579,3,70.5,2025-10-18,True
RV-007738,PR-02580,2,37.5,2026-03-28,True
RV-007739,PR-02580,2,34.0,2026-01-25,False
RV-007740,PR-02580,3,27.9,2024-12-05,True
RV-007741,PR-02581,2,61.3,2026-04-06,True
RV-007742,PR-02581,3,49.0,2025-06-11,False
RV-007743,PR-02581,4,67.4,2026-06-13,False
RV-007744,PR-02582,3,47.5,2024-11-27,True
RV-007745,PR-02582,3,45.2,2025-12-16,True
RV-007746,PR-02582,3,57.9,2026-08-07,True
RV-007747,PR-02583,3,23.9,2025-09-05,False
RV-007748,PR-02583,2,19.7,2025-04-08,True
RV-007749,PR-02583,2,31.5,2025-09-24,False
RV-007750,PR-02584,4,64.1,2026-01-21,True
RV-007751,PR-02584,3,68.4,2025-01-08,False
RV-007752,PR-02584,4,60.9,2025-04-23,False
RV-007753,PR-02585,2,11.8,2025-08-24,True
RV-007754,PR-02585,1,15.6,2025-02-09,False
RV-007755,PR-02585,2,2.6,2024-09-25,False
RV-007756,PR-02586,2,40.8,2026-02-18,True
RV-007757,PR-02586,2,39.7,2026-04-19,False
RV-007758,PR-02586,3,36.7,2026-02-26,False
RV-007759,PR-02587,3,53.6,2025-04-19,False
RV-007760,PR-02587,3,56.2,2026-08-18,True
RV-007761,PR-02587,4,56.9,2025-09-11,False
RV-007762,PR-02588,3,69.3,2026-02-01,False
RV-007763,PR-02588,4,74.2,2024-12-30,True
RV-007764,PR-02588,4,61.6,2025-06-17,True
RV-007765,PR-02589,3,61.8,2024-11-12,True
RV-007766,PR-02589,3,63.2,2026-06-07,False
RV-007767,PR-02589,4,61.9,2026-06-23,True
RV-007768,PR-02590,4,78.7,2025-02-20,True
RV-007769,PR-02590,4,85.8,2026-05-16,True
RV-007770,PR-02590,5,80.5,2024-10-03,True
RV-007771,PR-02591,4,69.2,2026-08-13,True
RV-007772,PR-02591,3,59.3,2025-05-27,False
RV-007773,PR-02591,4,69.8,2026-07-07,True
RV-007774,PR-02592,3,57.5,2025-05-02,True
RV-007775,PR-02592,3,51.7,2025-10-01,False
RV-007776,PR-02592,3,57.8,2024-12-21,True
RV-007777,PR-02593,3,49.8,2025-07-16,True
RV-007778,PR-02593,3,41.9,2026-05-17,False
RV-007779,PR-02593,3,45.8,2025-08-23,False
RV-007780,PR-02594,2,36.9,2025-12-25,True
RV-007781,PR-02594,3,35.2,2026-04-03,False
RV-007782,PR-02594,3,45.8,2025-07-04,True
RV-007783,PR-02595,3,45.2,2025-11-27,True
RV-007784,PR-02595,3,31.7,2026-06-18,True
RV-007785,PR-02595,3,40.9,2025-11-24,False
RV-007786,PR-02596,4,82.4,2025-05-15,False
RV-007787,PR-02596,5,78.8,2025-06-29,False
RV-007788,PR-02596,5,100.0,2025-06-30,True
RV-007789,PR-02597,2,22.4,2025-08-13,False
RV-007790,PR-02597,3,30.5,2025-10-29,False
RV-007791,PR-02597,2,28.0,2025-04-03,True
RV-007792,PR-02598,3,38.5,2025-05-01,True
RV-007793,PR-02598,2,34.5,2025-11-29,True
RV-007794,PR-02598,2,28.1,2025-01-05,True
RV-007795,PR-02599,3,54.4,2025-01-18,False
RV-007796,PR-02599,3,60.9,2025-10-23,True
RV-007797,PR-02599,3,56.3,2025-10-27,False
RV-007798,PR-02600,3,50.5,2024-09-14,True
RV-007799,PR-02600,2,35.1,2024-09-13,True
RV-007800,PR-02600,3,35.2,2025-08-29,True
RV-007801,PR-02601,3,60.3,2025-11-10,True
RV-007802,PR-02601,4,54.6,2024-11-15,False
RV-007803,PR-02601,3,62.7,2026-02-11,True
RV-007804,PR-02602,5,91.5,2026-06-28,False
RV-007805,PR-02602,4,83.7,2026-08-12,False
RV-007806,PR-02602,4,81.5,2026-06-10,False
RV-007807,PR-02603,4,74.3,2026-08-01,True
RV-007808,PR-02603,4,73.7,2026-01-18,True
RV-007809,PR-02603,4,65.5,2026-06-28,True
RV-007810,PR-02604,5,81.7,2024-11-29,False
RV-007811,PR-02604,5,93.6,2025-01-02,True
RV-007812,PR-02604,5,94.3,2026-01-04,True
RV-007813,PR-02605,3,48.6,2026-09-01,True
RV-007814,PR-02605,3,55.9,2025-04-18,False
RV-007815,PR-02605,3,57.0,2024-10-18,False
RV-007816,PR-02606,3,50.2,2026-02-17,True
RV-007817,PR-02606,3,44.8,2026-03-18,False
RV-007818,PR-02606,3,55.7,2025-11-08,False
RV-007819,PR-02607,4,67.4,2025-10-09,True
RV-007820,PR-02607,4,72.9,2025-10-29,False
RV-007821,PR-02607,4,72.8,2026-03-22,False
RV-007822,PR-02608,2,30.5,2025-04-07,False
RV-007823,PR-02608,2,32.2,2025-02-25,False
RV-007824,PR-02608,3,27.8,2025-09-18,True
RV-007825,PR-02609,3,61.7,2025-03-14,True
RV-007826,PR-02609,4,53.4,2025-03-29,True
RV-007827,PR-02609,3,58.2,2024-09-20,False
RV-007828,PR-02610,3,78.2,2025-11-06,False
RV-007829,PR-02610,4,71.6,2025-10-06,True
RV-007830,PR-02610,4,76.3,2026-08-12,False
RV-007831,PR-02611,3,37.9,2026-06-02,False
RV-007832,PR-02611,2,39.8,2024-10-07,False
RV-007833,PR-02611,3,42.5,2025-10-02,True
RV-007834,PR-02612,3,26.6,2026-05-09,True
RV-007835,PR-02612,3,40.4,2024-09-14,True
RV-007836,PR-02612,3,40.0,2025-11-08,True
RV-007837,PR-02613,4,54.8,2026-04-21,False
RV-007838,PR-02613,3,67.2,2025-11-28,False
RV-007839,PR-02613,3,66.8,2024-12-31,True
RV-007840,PR-02614,3,45.4,2026-02-16,True
RV-007841,PR-02614,4,48.4,2025-10-17,False
RV-007842,PR-02614,3,58.1,2025-12-05,False
RV-007843,PR-02615,4,77.3,2025-01-25,True
RV-007844,PR-02615,5,80.1,2025-03-03,True
RV-007845,PR-02615,4,64.6,2026-05-09,True
RV-007846,PR-02616,5,83.5,2025-10-11,True
RV-007847,PR-02616,5,89.0,2026-03-04,True
RV-007848,PR-02616,5,92.0,2026-07-17,True
RV-007849,PR-02617,5,93.7,2026-01-24,True
RV-007850,PR-02617,4,94.7,2025-12-21,True
RV-007851,PR-02617,5,85.4,2026-06-15,False
RV-007852,PR-02618,2,48.0,2024-11-27,False
RV-007853,PR-02618,2,53.0,2025-11-15,True
RV-007854,PR-02618,2,41.5,2025-08-12,True
RV-007855,PR-02619,3,50.1,2025-05-18,False
RV-007856,PR-02619,3,46.5,2024-10-16,True
RV-007857,PR-02619,3,53.3,2025-04-25,False
RV-007858,PR-02620,2,27.8,2026-05-07,True
RV-007859,PR-02620,3,27.5,2025-04-13,False
RV-007860,PR-02620,2,20.3,2026-07-20,True
RV-007861,PR-02621,3,57.7,2024-11-30,False
RV-007862,PR-02621,3,65.3,2025-06-29,True
RV-007863,PR-02621,3,63.1,2025-11-04,False
RV-007864,PR-02622,4,73.1,2026-08-03,True
RV-007865,PR-02622,4,64.4,2025-12-07,True
RV-007866,PR-02622,4,59.2,2024-10-06,False
RV-007867,PR-02623,4,58.8,2025-12-20,False
RV-007868,PR-02623,3,43.8,2026-07-13,False
RV-007869,PR-02623,4,55.4,2024-12-04,False
RV-007870,PR-02624,4,70.5,2025-11-10,False
RV-007871,PR-02624,4,69.3,2026-09-07,False
RV-007872,PR-02624,4,67.9,2026-04-05,True
RV-007873,PR-02625,3,39.0,2025-05-26,True
RV-007874,PR-02625,3,45.8,2024-12-19,True
RV-007875,PR-02625,2,46.5,2025-12-02,True
RV-007876,PR-02626,4,74.5,2025-11-29,False
RV-007877,PR-02626,5,82.1,2025-04-11,True
RV-007878,PR-02626,4,89.7,2025-04-27,False
RV-007879,PR-02627,3,62.5,2026-04-14,True
RV-007880,PR-02627,3,58.3,2026-05-29,True
RV-007881,PR-02627,3,69.2,2026-08-05,True
RV-007882,PR-02628,3,55.1,2025-09-02,False
RV-007883,PR-02628,3,45.3,2026-02-28,True
RV-007884,PR-02628,3,57.6,2026-03-31,False
RV-007885,PR-02629,4,55.1,2025-02-15,True
RV-007886,PR-02629,3,60.0,2025-05-19,False
RV-007887,PR-02629,3,57.5,2025-08-18,False
RV-007888,PR-02630,4,72.5,2025-11-26,False
RV-007889,PR-02630,4,52.6,2024-10-27,False
RV-007890,PR-02630,4,57.9,2025-05-06,True
RV-007891,PR-02631,3,64.1,2025-05-02,False
RV-007892,PR-02631,3,58.0,2025-03-08,True
RV-007893,PR-02631,4,57.9,2025-04-02,True
RV-007894,PR-02632,4,74.4,2026-07-23,False
RV-007895,PR-02632,4,70.7,2024-09-12,False
RV-007896,PR-02632,5,66.1,2025-10-07,False
RV-007897,PR-02633,4,95.1,2025-03-08,True
RV-007898,PR-02633,5,96.8,2026-07-19,True
RV-007899,PR-02633,5,88.9,2025-05-13,False
RV-007900,PR-02634,2,42.1,2026-01-25,True
RV-007901,PR-02634,2,38.3,2026-07-09,True
RV-007902,PR-02634,3,38.1,2025-10-08,True
RV-007903,PR-02635,3,55.4,2026-05-21,False
RV-007904,PR-02635,4,59.5,2025-09-06,True
RV-007905,PR-02635,4,59.0,2026-02-03,False
RV-007906,PR-02636,2,40.1,2026-03-12,False
RV-007907,PR-02636,3,46.0,2025-11-27,True
RV-007908,PR-02636,3,39.7,2026-04-08,False
RV-007909,PR-02637,4,67.7,2026-04-12,True
RV-007910,PR-02637,4,74.6,2024-09-18,True
RV-007911,PR-02637,4,74.4,2025-11-20,True
RV-007912,PR-02638,2,33.5,2025-01-23,True
RV-007913,PR-02638,3,39.5,2025-06-15,False
RV-007914,PR-02638,2,46.0,2024-10-16,True
RV-007915,PR-02639,3,61.3,2026-02-18,False
RV-007916,PR-02639,3,52.3,2025-07-07,False
RV-007917,PR-02639,3,58.9,2025-10-01,False
RV-007918,PR-02640,4,65.6,2025-03-16,True
RV-007919,PR-02640,4,72.5,2026-07-14,False
RV-007920,PR-02640,4,74.2,2025-07-17,True
RV-007921,PR-02641,3,52.2,2025-03-21,False
RV-007922,PR-02641,3,62.6,2025-09-06,True
RV-007923,PR-02641,4,55.3,2025-03-07,False
RV-007924,PR-02642,4,40.9,2025-03-06,False
RV-007925,PR-02642,3,38.8,2025-03-24,True
RV-007926,PR-02642,2,41.4,2024-09-19,True
RV-007927,PR-02643,5,73.7,2025-04-13,True
RV-007928,PR-02643,4,62.5,2026-04-17,True
RV-007929,PR-02643,4,75.7,2025-06-23,False
RV-007930,PR-02644,3,69.7,2024-10-04,True
RV-007931,PR-02644,4,61.4,2026-07-28,True
RV-007932,PR-02644,3,69.4,2025-07-19,True
RV-007933,PR-02645,4,75.8,2025-05-24,False
RV-007934,PR-02645,4,62.3,2026-03-18,False
RV-007935,PR-02645,3,66.4,2026-03-27,True
RV-007936,PR-02646,3,35.9,2025-10-15,False
RV-007937,PR-02646,3,45.8,2025-10-06,False
RV-007938,PR-02646,3,45.1,2025-01-23,True
RV-007939,PR-02647,2,33.4,2025-06-10,True
RV-007940,PR-02647,1,31.1,2025-05-30,False
RV-007941,PR-02647,3,27.2,2025-10-08,False
RV-007942,PR-02648,5,71.4,2024-12-15,False
RV-007943,PR-02648,3,69.0,2026-06-01,True
RV-007944,PR-02648,4,71.0,2024-10-01,False
RV-007945,PR-02649,3,47.2,2025-11-23,True
RV-007946,PR-02649,3,43.3,2025-05-02,False
RV-007947,PR-02649,3,53.1,2025-01-31,True
RV-007948,PR-02650,4,80.5,2026-07-08,True
RV-007949,PR-02650,4,76.3,2026-07-30,False
RV-007950,PR-02650,5,83.6,2024-12-08,False
RV-007951,PR-02651,4,46.9,2025-04-29,False
RV-007952,PR-02651,3,52.8,2024-12-28,False
RV-007953,PR-02651,4,67.6,2025-11-04,False
RV-007954,PR-02652,4,86.6,2024-10-21,False
RV-007955,PR-02652,4,85.8,2025-02-23,False
RV-007956,PR-02652,4,78.9,2025-02-01,True
RV-007957,PR-02653,4,65.5,2024-10-20,True
RV-007958,PR-02653,3,72.4,2024-12-21,True
RV-007959,PR-02653,4,64.7,2025-12-08,False
RV-007960,PR-02654,4,84.8,2025-09-27,False
RV-007961,PR-02654,5,84.3,2025-09-29,True
RV-007962,PR-02654,4,87.1,2025-10-30,True
RV-007963,PR-02655,2,16.1,2024-12-16,True
RV-007964,PR-02655,2,26.4,2026-05-11,False
RV-007965,PR-02655,3,24.4,2025-01-05,False
RV-007966,PR-02656,4,51.6,2026-07-03,True
RV-007967,PR-02656,3,49.3,2026-02-11,True
RV-007968,PR-02656,3,54.3,2025-05-05,True
RV-007969,PR-02657,4,62.7,2024-09-30,True
RV-007970,PR-02657,2,55.8,2025-07-15,True
RV-007971,PR-02657,4,58.7,2024-12-01,False
RV-007972,PR-02658,4,51.0,2026-07-08,False
RV-007973,PR-02658,4,58.0,2026-01-19,True
RV-007974,PR-02658,3,52.4,2025-11-05,True
RV-007975,PR-02659,4,78.1,2026-02-10,False
RV-007976,PR-02659,3,83.9,2025-07-28,True
RV-007977,PR-02659,4,70.9,2026-08-29,False
RV-007978,PR-02660,4,55.9,2025-11-09,False
RV-007979,PR-02660,3,50.1,2025-07-06,False
RV-007980,PR-02660,4,65.4,2026-06-22,True
RV-007981,PR-02661,4,58.9,2025-08-19,True
RV-007982,PR-02661,4,69.5,2025-08-20,False
RV-007983,PR-02661,4,61.2,2026-03-01,False
RV-007984,PR-02662,4,82.9,2025-01-01,True
RV-007985,PR-02662,3,76.8,2026-04-22,False
RV-007986,PR-02662,4,63.5,2026-02-21,True
RV-007987,PR-02663,3,56.6,2026-01-21,True
RV-007988,PR-02663,3,69.3,2025-11-27,False
RV-007989,PR-02663,3,59.8,2026-01-15,False
RV-007990,PR-02664,3,39.7,2025-10-17,True
RV-007991,PR-02664,2,41.5,2025-09-17,False
RV-007992,PR-02664,3,34.6,2026-01-04,False
RV-007993,PR-02665,5,88.0,2024-09-15,False
RV-007994,PR-02665,5,83.1,2025-11-30,True
RV-007995,PR-02665,4,90.7,2025-01-29,False
RV-007996,PR-02666,4,92.5,2026-02-09,True
RV-007997,PR-02666,5,83.8,2026-02-16,True
RV-007998,PR-02666,4,81.4,2025-06-29,False
RV-007999,PR-02667,2,43.7,2024-12-02,True
RV-008000,PR-02667,3,41.9,2024-12-30,False
RV-008001,PR-02667,3,32.7,2026-01-11,True
RV-008002,PR-02668,5,83.6,2026-04-23,True
RV-008003,PR-02668,5,76.5,2024-11-25,False
RV-008004,PR-02668,5,79.6,2026-03-16,True
RV-008005,PR-02669,4,89.7,2025-04-15,True
RV-008006,PR-02669,5,75.5,2025-10-05,False
RV-008007,PR-02669,4,70.9,2024-09-25,True
RV-008008,PR-02670,3,51.8,2025-04-05,False
RV-008009,PR-02670,3,46.4,2024-10-08,False
RV-008010,PR-02670,2,49.4,2026-02-24,False
RV-008011,PR-02671,3,35.0,2026-03-06,True
RV-008012,PR-02671,3,36.1,2024-11-17,False
RV-008013,PR-02671,2,60.8,2025-01-10,False
RV-008014,PR-02672,3,27.6,2024-09-14,True
RV-008015,PR-02672,3,27.6,2026-02-07,True
RV-008016,PR-02672,3,38.1,2025-11-27,False
RV-008017,PR-02673,4,72.2,2026-04-21,True
RV-008018,PR-02673,4,68.0,2025-02-11,False
RV-008019,PR-02673,4,73.3,2024-12-23,False
RV-008020,PR-02674,3,41.4,2025-07-08,True
RV-008021,PR-02674,3,45.6,2025-11-19,True
RV-008022,PR-02674,4,37.0,2025-08-04,True
RV-008023,PR-02675,2,27.1,2026-04-20,True
RV-008024,PR-02675,1,14.1,2025-06-27,True
RV-008025,PR-02675,2,19.8,2024-10-28,True
RV-008026,PR-02676,3,23.6,2025-11-20,True
RV-008027,PR-02676,3,33.6,2025-08-12,False
RV-008028,PR-02676,2,39.4,2025-10-19,False
RV-008029,PR-02677,3,67.3,2024-11-10,True
RV-008030,PR-02677,4,63.3,2025-12-05,True
RV-008031,PR-02677,4,58.9,2024-11-10,True
RV-008032,PR-02678,3,47.3,2026-01-24,True
RV-008033,PR-02678,3,53.7,2025-01-30,False
RV-008034,PR-02678,3,47.5,2025-04-19,True
RV-008035,PR-02679,2,21.7,2026-06-15,False
RV-008036,PR-02679,3,29.2,2026-06-06,False
RV-008037,PR-02679,2,31.7,2024-09-12,True
RV-008038,PR-02680,4,79.0,2026-07-14,True
RV-008039,PR-02680,3,76.7,2026-06-17,False
RV-008040,PR-02680,4,69.4,2025-07-08,True
RV-008041,PR-02681,3,44.4,2026-04-22,True
RV-008042,PR-02681,3,30.8,2024-09-19,True
RV-008043,PR-02681,3,50.5,2026-04-08,False
RV-008044,PR-02682,4,67.9,2025-11-13,True
RV-008045,PR-02682,4,72.6,2025-02-01,False
RV-008046,PR-02682,4,54.9,2026-01-16,False
RV-008047,PR-02683,4,48.9,2026-07-26,True
RV-008048,PR-02683,3,43.1,2024-11-05,False
RV-008049,PR-02683,3,52.4,2025-06-25,True
RV-008050,PR-02684,4,65.3,2025-03-03,True
RV-008051,PR-02684,4,70.7,2026-07-11,False
RV-008052,PR-02684,4,64.5,2025-07-10,False
RV-008053,PR-02685,3,69.0,2024-11-29,False
RV-008054,PR-02685,4,67.9,2026-06-13,True
RV-008055,PR-02685,4,63.9,2025-08-29,False
RV-008056,PR-02686,4,63.6,2026-08-14,False
RV-008057,PR-02686,4,65.9,2025-01-06,True
RV-008058,PR-02686,3,64.7,2025-01-23,False
RV-008059,PR-02687,2,44.4,2025-03-17,True
RV-008060,PR-02687,2,42.0,2026-05-27,False
RV-008061,PR-02687,2,37.7,2025-12-28,True
RV-008062,PR-02688,3,45.8,2025-01-16,True
RV-008063,PR-02688,3,37.9,2026-08-10,True
RV-008064,PR-02688,2,37.4,2025-07-23,False
RV-008065,PR-02689,4,50.9,2026-01-01,True
RV-008066,PR-02689,3,53.2,2025-02-12,True
RV-008067,PR-02689,3,59.9,2025-10-22,True
RV-008068,PR-02690,3,26.9,2025-08-11,False
RV-008069,PR-02690,2,28.2,2025-08-13,True
RV-008070,PR-02690,2,29.6,2025-03-01,True
RV-008071,PR-02691,4,65.7,2025-01-28,True
RV-008072,PR-02691,4,57.3,2026-04-22,False
RV-008073,PR-02691,3,79.0,2024-12-25,False
RV-008074,PR-02692,3,35.9,2026-03-07,False
RV-008075,PR-02692,3,40.9,2025-12-16,True
RV-008076,PR-02692,2,41.0,2025-06-15,False
RV-008077,PR-02693,3,36.2,2026-02-27,True
RV-008078,PR-02693,3,39.5,2026-01-09,True
RV-008079,PR-02693,3,35.3,2024-11-25,False
RV-008080,PR-02694,3,62.9,2025-04-04,True
RV-008081,PR-02694,4,67.2,2024-09-12,True
RV-008082,PR-02694,4,53.8,2026-03-21,False
RV-008083,PR-02695,2,16.9,2026-01-23,False
RV-008084,PR-02695,2,20.8,2025-07-24,False
RV-008085,PR-02695,1,15.3,2025-02-17,True
RV-008086,PR-02696,4,69.5,2025-02-21,True
RV-008087,PR-02696,4,77.5,2025-02-01,False
RV-008088,PR-02696,3,71.4,2026-01-22,False
RV-008089,PR-02697,3,45.5,2026-04-26,False
RV-008090,PR-02697,3,47.8,2026-03-21,True
RV-008091,PR-02697,3,55.3,2025-07-31,False
RV-008092,PR-02698,4,61.4,2025-02-12,True
RV-008093,PR-02698,4,82.6,2026-05-24,False
RV-008094,PR-02698,3,72.9,2026-02-20,True
RV-008095,PR-02699,4,71.2,2026-01-07,False
RV-008096,PR-02699,4,62.5,2025-07-28,True
RV-008097,PR-02699,4,83.1,2025-12-08,False
RV-008098,PR-02700,3,66.2,2025-09-11,False
RV-008099,PR-02700,4,66.2,2026-04-13,True
RV-008100,PR-02700,4,72.9,2024-11-30,True
RV-008101,PR-02701,3,59.2,2025-05-10,True
RV-008102,PR-02701,4,57.7,2025-09-12,False
RV-008103,PR-02701,4,65.6,2025-12-26,True
RV-008104,PR-02702,3,41.7,2025-05-17,False
RV-008105,PR-02702,2,38.5,2025-12-27,False
RV-008106,PR-02702,2,54.9,2026-05-11,False
RV-008107,PR-02703,3,34.2,2024-11-03,True
RV-008108,PR-02703,3,24.1,2026-03-09,True
RV-008109,PR-02703,2,30.2,2026-04-17,True
RV-008110,PR-02704,4,59.2,2024-12-05,False
RV-008111,PR-02704,3,46.7,2024-10-01,True
RV-008112,PR-02704,4,44.4,2025-04-18,True
RV-008113,PR-02705,3,34.8,2025-01-06,True
RV-008114,PR-02705,2,33.6,2025-11-17,True
RV-008115,PR-02705,2,49.5,2025-08-24,False
RV-008116,PR-02706,1,26.0,2025-11-19,False
RV-008117,PR-02706,2,31.0,2024-12-08,False
RV-008118,PR-02706,3,24.2,2026-07-09,False
RV-008119,PR-02707,3,43.7,2026-03-13,True
RV-008120,PR-02707,2,58.3,2025-12-23,False
RV-008121,PR-02707,3,48.4,2025-12-30,False
RV-008122,PR-02708,5,97.4,2025-04-23,False
RV-008123,PR-02708,5,100.0,2025-10-04,True
RV-008124,PR-02708,5,99.3,2025-05-05,False
RV-008125,PR-02709,2,26.7,2025-02-27,False
RV-008126,PR-02709,3,24.8,2025-10-23,True
RV-008127,PR-02709,2,30.1,2026-03-29,False
RV-008128,PR-02710,4,80.8,2025-12-17,True
RV-008129,PR-02710,4,57.1,2026-07-09,True
RV-008130,PR-02710,3,66.6,2025-03-03,False
RV-008131,PR-02711,2,35.6,2025-11-20,False
RV-008132,PR-02711,3,28.4,2025-01-23,False
RV-008133,PR-02711,2,31.2,2025-07-24,True
RV-008134,PR-02712,2,56.7,2025-06-07,False
RV-008135,PR-02712,4,51.3,2024-09-14,False
RV-008136,PR-02712,3,57.5,2026-03-31,False
RV-008137,PR-02713,5,74.6,2025-10-10,True
RV-008138,PR-02713,4,74.9,2026-09-09,True
RV-008139,PR-02713,4,78.7,2025-01-08,False
RV-008140,PR-02714,4,65.9,2025-02-19,False
RV-008141,PR-02714,4,59.3,2024-12-31,False
RV-008142,PR-02714,3,56.7,2026-06-19,True
RV-008143,PR-02715,2,14.5,2025-01-14,False
RV-008144,PR-02715,3,31.4,2025-03-01,False
RV-008145,PR-02715,2,24.5,2026-02-26,True
RV-008146,PR-02716,3,36.5,2026-06-13,False
RV-008147,PR-02716,2,48.6,2025-05-30,False
RV-008148,PR-02716,3,46.4,2026-04-16,True
RV-008149,PR-02717,3,45.3,2026-06-23,True
RV-008150,PR-02717,3,47.9,2026-07-03,False
RV-008151,PR-02717,3,45.7,2026-03-25,True
RV-008152,PR-02718,3,57.7,2026-05-19,True
RV-008153,PR-02718,3,42.0,2024-11-11,False
RV-008154,PR-02718,3,46.1,2025-03-07,True
RV-008155,PR-02719,2,46.4,2025-02-14,False
RV-008156,PR-02719,2,45.9,2026-02-05,True
RV-008157,PR-02719,2,37.9,2025-04-11,False
RV-008158,PR-02720,3,36.9,2024-11-07,True
RV-008159,PR-02720,3,24.0,2025-12-10,False
RV-008160,PR-02720,2,53.9,2025-05-24,False
RV-008161,PR-02721,4,72.0,2025-03-15,True
RV-008162,PR-02721,4,79.6,2026-07-29,True
RV-008163,PR-02721,4,79.2,2025-04-12,True
RV-008164,PR-02722,4,84.5,2026-05-01,False
RV-008165,PR-02722,4,75.8,2024-09-19,True
RV-008166,PR-02722,4,72.0,2024-12-20,True
RV-008167,PR-02723,3,35.9,2026-06-08,False
RV-008168,PR-02723,2,26.7,2026-01-16,False
RV-008169,PR-02723,2,29.3,2024-10-03,False
RV-008170,PR-02724,3,40.5,2026-01-29,True
RV-008171,PR-02724,3,39.9,2025-06-16,True
RV-008172,PR-02724,3,34.8,2025-08-17,False
RV-008173,PR-02725,3,32.6,2025-06-04,False
RV-008174,PR-02725,2,46.2,2026-08-01,True
RV-008175,PR-02725,3,35.2,2026-09-02,False
RV-008176,PR-02726,3,37.4,2025-12-03,False
RV-008177,PR-02726,2,48.9,2025-07-13,False
RV-008178,PR-02726,3,52.5,2025-12-19,False
RV-008179,PR-02727,3,36.3,2026-08-07,False
RV-008180,PR-02727,2,48.5,2025-01-09,False
RV-008181,PR-02727,3,46.4,2026-01-15,False
RV-008182,PR-02728,3,80.4,2026-07-09,True
RV-008183,PR-02728,4,78.0,2025-04-20,False
RV-008184,PR-02728,4,64.2,2025-02-03,False
RV-008185,PR-02729,2,28.4,2026-04-20,True
RV-008186,PR-02729,2,23.1,2026-05-25,False
RV-008187,PR-02729,2,28.6,2025-01-18,True
RV-008188,PR-02730,1,1.0,2026-06-25,True
RV-008189,PR-02730,1,11.1,2025-09-23,False
RV-008190,PR-02730,1,0.0,2025-04-05,False
RV-008191,PR-02731,4,71.9,2026-02-10,False
RV-008192,PR-02731,4,70.1,2026-06-28,False
RV-008193,PR-02731,4,54.1,2025-08-24,False
RV-008194,PR-02732,3,31.3,2026-01-22,False
RV-008195,PR-02732,3,33.2,2025-03-21,True
RV-008196,PR-02732,2,38.7,2025-07-16,False
RV-008197,PR-02733,2,45.6,2026-04-06,True
RV-008198,PR-02733,3,44.1,2025-10-13,True
RV-008199,PR-02733,3,46.7,2025-11-08,False
RV-008200,PR-02734,4,75.3,2025-03-12,True
RV-008201,PR-02734,4,71.6,2026-05-12,False
RV-008202,PR-02734,4,67.6,2024-09-30,False
RV-008203,PR-02735,4,48.2,2026-01-24,True
RV-008204,PR-02735,3,50.4,2026-08-17,True
RV-008205,PR-02735,3,59.4,2024-10-23,False
RV-008206,PR-02736,3,52.8,2026-02-22,True
RV-008207,PR-02736,3,61.2,2026-04-09,False
RV-008208,PR-02736,3,49.8,2024-09-25,False
RV-008209,PR-02737,4,63.6,2025-11-27,False
RV-008210,PR-02737,4,67.2,2026-01-23,False
RV-008211,PR-02737,3,70.2,2025-10-20,False
RV-008212,PR-02738,4,54.0,2026-08-18,True
RV-008213,PR-02738,4,63.2,2025-01-19,False
RV-008214,PR-02738,3,63.1,2025-07-05,False
RV-008215,PR-02739,4,67.5,2025-10-13,True
RV-008216,PR-02739,3,56.9,2025-03-31,True
RV-008217,PR-02739,3,50.7,2025-01-19,True
RV-008218,PR-02740,4,58.7,2025-01-13,True
RV-008219,PR-02740,3,57.8,2026-08-30,True
RV-008220,PR-02740,3,61.2,2025-09-16,False
RV-008221,PR-02741,3,58.1,2025-03-16,True
RV-008222,PR-02741,3,49.2,2025-03-26,False
RV-008223,PR-02741,3,47.2,2024-12-22,False
RV-008224,PR-02742,4,89.8,2025-10-09,False
RV-008225,PR-02742,5,89.3,2025-12-23,True
RV-008226,PR-02742,4,95.0,2026-03-26,True
RV-008227,PR-02743,4,85.3,2026-08-24,False
RV-008228,PR-02743,4,89.7,2025-10-18,True
RV-008229,PR-02743,3,78.6,2025-09-04,True
RV-008230,PR-02744,4,56.3,2025-10-20,True
RV-008231,PR-02744,3,52.1,2025-07-17,False
RV-008232,PR-02744,4,62.8,2025-11-12,True
RV-008233,PR-02745,2,24.8,2026-07-30,False
RV-008234,PR-02745,2,33.7,2025-07-20,False
RV-008235,PR-02745,2,28.8,2024-10-28,True
RV-008236,PR-02746,3,28.2,2026-02-23,True
RV-008237,PR-02746,2,24.7,2025-03-26,False
RV-008238,PR-02746,2,28.4,2025-03-08,True
RV-008239,PR-02747,3,47.0,2024-10-31,True
RV-008240,PR-02747,3,63.2,2026-04-09,True
RV-008241,PR-02747,4,48.8,2025-10-01,False
RV-008242,PR-02748,5,86.0,2026-06-21,True
RV-008243,PR-02748,5,97.6,2025-09-25,False
RV-008244,PR-02748,4,89.9,2026-03-07,False
RV-008245,PR-02749,3,59.0,2025-09-26,False
RV-008246,PR-02749,3,59.5,2026-07-27,False
RV-008247,PR-02749,3,65.2,2025-02-11,True
RV-008248,PR-02750,3,27.5,2026-06-05,True
RV-008249,PR-02750,2,31.3,2024-09-21,False
RV-008250,PR-02750,3,37.5,2025-08-25,True
RV-008251,PR-02751,3,41.9,2024-09-12,True
RV-008252,PR-02751,3,41.2,2026-02-26,False
RV-008253,PR-02751,2,42.8,2025-08-11,False
RV-008254,PR-02752,3,52.2,2024-10-02,True
RV-008255,PR-02752,4,59.7,2026-05-20,False
RV-008256,PR-02752,3,60.8,2025-12-03,False
RV-008257,PR-02753,3,60.2,2026-04-13,True
RV-008258,PR-02753,4,79.3,2025-04-05,True
RV-008259,PR-02753,4,69.4,2026-05-26,False
RV-008260,PR-02754,2,28.9,2026-08-18,False
RV-008261,PR-02754,2,26.8,2024-10-27,True
RV-008262,PR-02754,2,38.1,2026-04-22,True
RV-008263,PR-02755,2,14.7,2026-01-12,False
RV-008264,PR-02755,2,11.9,2025-01-18,True
RV-008265,PR-02755,1,25.0,2026-08-31,True
RV-008266,PR-02756,3,50.4,2026-03-04,False
RV-008267,PR-02756,2,50.2,2026-04-24,False
RV-008268,PR-02756,2,51.7,2024-10-13,False
RV-008269,PR-02757,3,71.2,2026-06-16,True
RV-008270,PR-02757,4,54.7,2025-08-09,True
RV-008271,PR-02757,4,65.8,2026-06-06,True
RV-008272,PR-02758,3,38.5,2026-02-18,False
RV-008273,PR-02758,2,33.0,2025-05-25,False
RV-008274,PR-02758,2,35.3,2025-01-04,False
RV-008275,PR-02759,3,58.5,2024-11-26,False
RV-008276,PR-02759,4,75.0,2026-08-18,False
RV-008277,PR-02759,3,67.5,2026-01-21,True
RV-008278,PR-02760,3,81.1,2025-02-01,False
RV-008279,PR-02760,4,71.6,2026-06-14,True
RV-008280,PR-02760,4,81.6,2024-11-03,True
RV-008281,PR-02761,4,85.5,2024-09-24,False
RV-008282,PR-02761,4,72.0,2025-12-27,True
RV-008283,PR-02761,4,85.2,2026-08-24,True
RV-008284,PR-02762,4,66.4,2026-06-16,True
RV-008285,PR-02762,4,58.4,2026-01-27,False
RV-008286,PR-02762,4,63.7,2025-03-02,False
RV-008287,PR-02763,3,54.5,2026-03-07,False
RV-008288,PR-02763,4,48.9,2026-03-29,True
RV-008289,PR-02763,3,55.6,2025-12-22,False
RV-008290,PR-02764,3,62.2,2024-09-25,False
RV-008291,PR-02764,4,61.1,2025-07-07,True
RV-008292,PR-02764,3,67.3,2026-05-25,True
RV-008293,PR-02765,5,78.2,2025-05-07,False
RV-008294,PR-02765,4,71.7,2025-10-01,True
RV-008295,PR-02765,4,68.5,2025-11-13,True
RV-008296,PR-02766,5,66.0,2026-09-04,True
RV-008297,PR-02766,3,82.2,2024-12-09,True
RV-008298,PR-02766,4,70.5,2025-12-05,False
RV-008299,PR-02767,4,79.4,2026-05-07,False
RV-008300,PR-02767,4,77.1,2026-09-11,True
RV-008301,PR-02767,4,83.9,2026-07-24,True
RV-008302,PR-02768,5,95.4,2025-03-18,False
RV-008303,PR-02768,5,96.0,2024-12-13,False
RV-008304,PR-02768,5,100.0,2025-12-07,True
RV-008305,PR-02769,2,50.3,2025-05-11,False
RV-008306,PR-02769,3,47.2,2025-01-17,False
RV-008307,PR-02769,3,39.8,2026-03-19,False
RV-008308,PR-02770,4,71.5,2025-12-01,False
RV-008309,PR-02770,3,68.4,2025-12-01,False
RV-008310,PR-02770,4,80.6,2025-09-18,False
RV-008311,PR-02771,3,38.2,2025-11-25,True
RV-008312,PR-02771,3,36.7,2025-07-02,False
RV-008313,PR-02771,2,29.8,2026-02-10,True
RV-008314,PR-02772,4,64.7,2025-10-21,True
RV-008315,PR-02772,4,69.1,2025-07-25,False
RV-008316,PR-02772,3,68.5,2025-01-28,True
RV-008317,PR-02773,3,44.4,2026-06-16,True
RV-008318,PR-02773,4,50.6,2026-03-14,False
RV-008319,PR-02773,3,53.7,2025-02-17,False
RV-008320,PR-02774,3,62.5,2024-10-07,True
RV-008321,PR-02774,3,50.7,2024-09-23,True
RV-008322,PR-02774,3,61.9,2024-11-16,False
RV-008323,PR-02775,2,48.1,2025-12-14,True
RV-008324,PR-02775,4,47.8,2026-03-05,True
RV-008325,PR-02775,2,47.6,2024-10-27,False
RV-008326,PR-02776,3,51.2,2026-06-19,False
RV-008327,PR-02776,3,44.9,2024-09-30,False
RV-008328,PR-02776,2,55.5,2026-04-13,True
RV-008329,PR-02777,3,53.5,2024-12-17,True
RV-008330,PR-02777,3,41.2,2025-08-02,False
RV-008331,PR-02777,3,56.5,2026-01-26,True
RV-008332,PR-02778,4,65.2,2025-12-31,False
RV-008333,PR-02778,3,62.2,2025-04-21,False
RV-008334,PR-02778,3,64.8,2025-12-13,True
RV-008335,PR-02779,4,82.0,2025-01-01,True
RV-008336,PR-02779,5,90.3,2024-10-03,True
RV-008337,PR-02779,4,90.3,2026-08-11,False
RV-008338,PR-02780,3,60.6,2024-12-05,True
RV-008339,PR-02780,3,63.9,2025-06-12,True
RV-008340,PR-02780,3,61.6,2026-01-24,True
RV-008341,PR-02781,4,63.8,2024-10-23,False
RV-008342,PR-02781,4,54.7,2026-03-13,False
RV-008343,PR-02781,3,66.6,2026-05-24,False
RV-008344,PR-02782,4,77.8,2026-08-05,False
RV-008345,PR-02782,5,70.1,2024-12-26,False
RV-008346,PR-02782,4,85.2,2024-10-12,True
RV-008347,PR-02783,4,45.9,2026-04-17,True
RV-008348,PR-02783,3,51.3,2025-03-14,True
RV-008349,PR-02783,3,48.6,2026-02-11,False
RV-008350,PR-02784,2,30.1,2025-05-04,False
RV-008351,PR-02784,3,42.4,2025-10-06,True
RV-008352,PR-02784,2,29.9,2025-03-09,False
RV-008353,PR-02785,3,55.0,2026-07-10,True
RV-008354,PR-02785,2,36.5,2024-09-16,True
RV-008355,PR-02785,3,39.3,2025-07-18,True
RV-008356,PR-02786,3,42.5,2025-12-03,True
RV-008357,PR-02786,2,42.4,2025-06-08,False
RV-008358,PR-02786,3,48.4,2026-02-03,True
RV-008359,PR-02787,3,39.3,2025-10-29,True
RV-008360,PR-02787,3,43.4,2026-05-30,False
RV-008361,PR-02787,3,46.2,2025-04-01,False
RV-008362,PR-02788,2,44.7,2026-08-24,True
RV-008363,PR-02788,3,37.0,2026-03-25,False
RV-008364,PR-02788,3,33.4,2024-09-13,False
RV-008365,PR-02789,3,35.2,2024-12-14,True
RV-008366,PR-02789,3,37.7,2025-02-28,False
RV-008367,PR-02789,3,33.3,2024-10-01,True
RV-008368,PR-02790,5,92.7,2025-10-19,False
RV-008369,PR-02790,5,100.0,2025-01-28,True
RV-008370,PR-02790,5,96.0,2026-01-02,True
RV-008371,PR-02791,2,29.3,2024-12-13,True
RV-008372,PR-02791,2,32.7,2024-11-08,False
RV-008373,PR-02791,2,30.3,2026-08-07,False
RV-008374,PR-02792,4,58.6,2025-02-17,True
RV-008375,PR-02792,4,51.1,2025-06-16,True
RV-008376,PR-02792,4,50.1,2025-07-12,False
RV-008377,PR-02793,2,33.1,2024-11-18,True
RV-008378,PR-02793,2,34.8,2025-06-29,True
RV-008379,PR-02793,3,25.6,2026-04-09,False
RV-008380,PR-02794,3,47.3,2025-06-24,True
RV-008381,PR-02794,3,36.8,2026-08-19,False
RV-008382,PR-02794,3,46.7,2025-06-19,True
RV-008383,PR-02795,3,42.7,2026-01-20,True
RV-008384,PR-02795,3,38.3,2025-05-20,False
RV-008385,PR-02795,3,42.5,2025-08-26,True
RV-008386,PR-02796,3,62.9,2024-11-07,False
RV-008387,PR-02796,4,73.1,2024-11-06,False
RV-008388,PR-02796,4,65.6,2024-12-31,False
RV-008389,PR-02797,3,84.1,2025-02-05,False
RV-008390,PR-02797,4,90.1,2026-07-17,False
RV-008391,PR-02797,5,90.2,2025-05-31,True
RV-008392,PR-02798,2,32.4,2024-12-04,False
RV-008393,PR-02798,2,28.6,2024-12-23,True
RV-008394,PR-02798,2,23.6,2026-02-20,False
RV-008395,PR-02799,4,74.2,2026-03-02,False
RV-008396,PR-02799,4,67.2,2025-12-17,True
RV-008397,PR-02799,3,58.7,2026-08-30,True
RV-008398,PR-02800,4,58.1,2026-08-24,True
RV-008399,PR-02800,3,52.2,2025-04-23,True
RV-008400,PR-02800,4,63.1,2025-05-22,True
RV-008401,PR-02801,3,40.0,2026-06-11,True
RV-008402,PR-02801,3,37.5,2025-10-10,False
RV-008403,PR-02801,3,37.5,2025-09-08,False
RV-008404,PR-02802,4,68.9,2025-01-17,True
RV-008405,PR-02802,4,56.4,2026-04-07,True
RV-008406,PR-02802,4,59.1,2026-07-10,True
RV-008407,PR-02803,3,47.3,2025-07-31,True
RV-008408,PR-02803,3,47.6,2026-05-10,False
RV-008409,PR-02803,3,61.3,2026-02-23,True
RV-008410,PR-02804,3,40.0,2025-11-14,True
RV-008411,PR-02804,3,41.1,2025-08-22,False
RV-008412,PR-02804,3,52.3,2025-01-05,False
RV-008413,PR-02805,3,68.7,2025-01-27,True
RV-008414,PR-02805,4,54.4,2024-11-10,False
RV-008415,PR-02805,4,60.4,2026-02-19,True
RV-008416,PR-02806,4,84.4,2025-05-01,True
RV-008417,PR-02806,4,77.0,2025-05-02,True
RV-008418,PR-02806,4,93.3,2025-10-24,True
RV-008419,PR-02807,2,38.3,2025-04-01,True
RV-008420,PR-02807,3,31.6,2025-03-18,False
RV-008421,PR-02807,3,35.0,2025-12-29,True
RV-008422,PR-02808,4,74.4,2025-02-19,False
RV-008423,PR-02808,4,64.8,2025-02-19,False
RV-008424,PR-02808,4,70.0,2025-02-16,True
RV-008425,PR-02809,3,63.4,2025-09-28,True
RV-008426,PR-02809,3,60.3,2025-01-30,True
RV-008427,PR-02809,3,70.6,2025-12-20,True
RV-008428,PR-02810,2,18.0,2026-02-22,False
RV-008429,PR-02810,2,28.9,2026-05-25,False
RV-008430,PR-02810,1,30.1,2026-08-01,True
RV-008431,PR-02811,2,38.2,2026-07-22,True
RV-008432,PR-02811,3,42.6,2026-02-14,False
RV-008433,PR-02811,2,46.6,2025-07-20,False
RV-008434,PR-02812,3,35.9,2026-04-21,False
RV-008435,PR-02812,3,34.6,2025-11-20,True
RV-008436,PR-02812,2,27.3,2025-03-17,False
RV-008437,PR-02813,3,43.6,2025-12-26,True
RV-008438,PR-02813,2,33.5,2025-05-23,True
RV-008439,PR-02813,3,24.0,2026-03-13,True
RV-008440,PR-02814,2,21.8,2025-04-20,True
RV-008441,PR-02814,2,28.9,2026-01-28,True
RV-008442,PR-02814,2,28.7,2024-11-23,False
RV-008443,PR-02815,2,36.1,2026-01-27,True
RV-008444,PR-02815,2,39.0,2026-04-24,True
RV-008445,PR-02815,3,33.6,2025-07-28,False
RV-008446,PR-02816,3,24.0,2025-01-12,True
RV-008447,PR-02816,2,32.8,2024-09-17,False
RV-008448,PR-02816,2,17.8,2026-05-14,False
RV-008449,PR-02817,3,40.8,2025-12-22,False
RV-008450,PR-02817,3,46.6,2025-08-10,False
RV-008451,PR-02817,3,36.3,2025-12-16,False
RV-008452,PR-02818,3,53.2,2025-01-05,True
RV-008453,PR-02818,3,50.0,2025-12-30,True
RV-008454,PR-02818,3,38.1,2025-02-26,False
RV-008455,PR-02819,3,43.5,2026-03-05,False
RV-008456,PR-02819,3,52.9,2026-05-28,False
RV-008457,PR-02819,3,59.5,2025-03-20,True
RV-008458,PR-02820,3,45.9,2026-07-27,True
RV-008459,PR-02820,3,52.8,2026-08-16,True
RV-008460,PR-02820,3,51.4,2025-01-20,False
RV-008461,PR-02821,3,48.3,2025-05-18,False
RV-008462,PR-02821,3,53.6,2026-06-11,False
RV-008463,PR-02821,3,44.6,2025-03-28,True
RV-008464,PR-02822,2,49.9,2025-03-21,False
RV-008465,PR-02822,3,53.7,2025-03-21,True
RV-008466,PR-02822,2,46.6,2025-04-16,True
RV-008467,PR-02823,4,77.9,2025-08-10,False
RV-008468,PR-02823,5,73.5,2024-10-11,False
RV-008469,PR-02823,4,79.5,2025-04-28,False
RV-008470,PR-02824,2,21.1,2025-08-17,True
RV-008471,PR-02824,2,31.1,2026-01-29,False
RV-008472,PR-02824,2,18.1,2024-12-23,False
RV-008473,PR-02825,3,67.1,2025-11-10,True
RV-008474,PR-02825,4,70.5,2026-08-04,False
RV-008475,PR-02825,4,67.7,2024-12-10,False
RV-008476,PR-02826,3,33.8,2025-01-28,True
RV-008477,PR-02826,3,38.2,2025-12-30,True
RV-008478,PR-02826,2,39.0,2025-09-27,False
RV-008479,PR-02827,3,76.8,2026-01-02,False
RV-008480,PR-02827,3,79.5,2025-05-25,False
RV-008481,PR-02827,3,75.6,2025-01-20,False
RV-008482,PR-02828,4,74.2,2026-06-01,False
RV-008483,PR-02828,4,57.3,2025-05-26,False
RV-008484,PR-02828,4,69.9,2025-07-31,False
RV-008485,PR-02829,4,61.7,2026-05-11,False
RV-008486,PR-02829,4,80.4,2025-06-17,False
RV-008487,PR-02829,4,71.7,2024-12-08,True
RV-008488,PR-02830,4,65.0,2024-09-19,True
RV-008489,PR-02830,4,68.1,2025-05-26,False
RV-008490,PR-02830,4,71.9,2026-04-03,True
RV-008491,PR-02831,4,71.6,2025-05-01,True
RV-008492,PR-02831,4,76.3,2026-01-09,True
RV-008493,PR-02831,4,67.6,2025-10-13,False
RV-008494,PR-02832,4,49.0,2025-11-13,True
RV-008495,PR-02832,3,54.2,2025-07-19,True
RV-008496,PR-02832,3,57.4,2025-10-21,True
RV-008497,PR-02833,4,74.8,2025-09-02,False
RV-008498,PR-02833,4,60.3,2025-08-25,True
RV-008499,PR-02833,4,76.6,2026-05-14,False
RV-008500,PR-02834,3,60.6,2025-03-26,False
RV-008501,PR-02834,4,68.2,2024-09-11,False
RV-008502,PR-02834,3,59.8,2026-05-03,True
RV-008503,PR-02835,4,74.6,2024-10-17,False
RV-008504,PR-02835,4,84.7,2024-12-19,False
RV-008505,PR-02835,4,79.8,2026-05-26,False
RV-008506,PR-02836,2,40.2,2025-08-06,True
RV-008507,PR-02836,2,22.1,2025-11-28,True
RV-008508,PR-02836,2,31.6,2025-11-30,False
RV-008509,PR-02837,2,48.6,2025-08-20,True
RV-008510,PR-02837,3,53.0,2026-04-27,True
RV-008511,PR-02837,3,57.0,2024-09-21,True
RV-008512,PR-02838,2,31.9,2026-09-08,True
RV-008513,PR-02838,2,44.4,2025-07-13,True
RV-008514,PR-02838,3,32.5,2026-06-03,True
RV-008515,PR-02839,2,26.1,2026-06-11,False
RV-008516,PR-02839,2,25.5,2025-06-15,True
RV-008517,PR-02839,2,38.6,2025-11-13,True
RV-008518,PR-02840,3,47.6,2025-09-27,False
RV-008519,PR-02840,3,38.7,2025-06-08,True
RV-008520,PR-02840,2,39.4,2026-03-04,True
RV-008521,PR-02841,2,47.7,2026-05-01,True
RV-008522,PR-02841,3,48.4,2026-05-06,False
RV-008523,PR-02841,3,47.2,2024-11-29,False
RV-008524,PR-02842,3,55.0,2025-04-06,True
RV-008525,PR-02842,3,50.0,2025-12-01,True
RV-008526,PR-02842,3,49.3,2025-05-22,False
RV-008527,PR-02843,2,59.7,2026-04-22,True
RV-008528,PR-02843,3,59.6,2026-08-17,False
RV-008529,PR-02843,3,60.5,2026-06-12,False
RV-008530,PR-02844,3,72.2,2025-12-27,False
RV-008531,PR-02844,4,73.2,2024-10-20,True
RV-008532,PR-02844,5,84.1,2025-07-10,True
RV-008533,PR-02845,4,71.3,2025-04-22,False
RV-008534,PR-02845,4,67.6,2024-11-17,False
RV-008535,PR-02845,4,73.8,2026-08-03,False
RV-008536,PR-02846,3,43.0,2024-10-13,True
RV-008537,PR-02846,2,46.8,2024-11-12,False
RV-008538,PR-02846,3,61.3,2026-03-15,True
RV-008539,PR-02847,3,55.8,2025-11-11,False
RV-008540,PR-02847,2,48.7,2025-11-28,True
RV-008541,PR-02847,2,51.1,2024-09-19,True
RV-008542,PR-02848,4,60.0,2026-01-25,True
RV-008543,PR-02848,4,59.3,2025-08-23,True
RV-008544,PR-02848,3,48.0,2026-02-16,True
RV-008545,PR-02849,3,52.7,2024-10-21,True
RV-008546,PR-02849,3,42.3,2024-10-19,False
RV-008547,PR-02849,3,53.2,2024-11-01,False
RV-008548,PR-02850,4,88.4,2026-04-28,True
RV-008549,PR-02850,5,79.1,2025-06-22,True
RV-008550,PR-02850,4,86.2,2025-11-11,True
RV-008551,PR-02851,4,58.4,2025-07-10,False
RV-008552,PR-02851,3,57.5,2025-06-05,False
RV-008553,PR-02851,4,50.2,2024-11-10,False
RV-008554,PR-02852,2,26.9,2025-01-29,False
RV-008555,PR-02852,2,31.1,2025-05-26,True
RV-008556,PR-02852,3,43.5,2025-05-25,True
RV-008557,PR-02853,3,49.4,2025-07-25,True
RV-008558,PR-02853,2,38.7,2025-06-16,False
RV-008559,PR-02853,3,43.4,2025-06-27,False
RV-008560,PR-02854,4,44.6,2025-01-25,False
RV-008561,PR-02854,3,40.7,2024-12-30,True
RV-008562,PR-02854,4,54.0,2025-09-10,False
RV-008563,PR-02855,3,61.2,2026-06-17,False
RV-008564,PR-02855,3,55.7,2025-03-24,False
RV-008565,PR-02855,3,54.0,2025-12-16,True
RV-008566,PR-02856,3,49.7,2025-03-22,True
RV-008567,PR-02856,3,42.9,2026-08-26,False
RV-008568,PR-02856,3,45.9,2024-12-16,False
RV-008569,PR-02857,3,43.5,2024-12-17,True
RV-008570,PR-02857,2,45.6,2025-04-30,False
RV-008571,PR-02857,3,36.8,2025-04-01,False
RV-008572,PR-02858,4,80.6,2025-07-13,False
RV-008573,PR-02858,5,73.0,2024-11-02,False
RV-008574,PR-02858,4,80.3,2025-09-20,False
RV-008575,PR-02859,4,74.1,2025-06-06,False
RV-008576,PR-02859,3,66.7,2025-07-11,True
RV-008577,PR-02859,4,74.3,2025-02-22,True
RV-008578,PR-02860,3,69.0,2025-05-25,False
RV-008579,PR-02860,4,71.8,2026-01-04,True
RV-008580,PR-02860,4,64.7,2026-05-12,False
RV-008581,PR-02861,2,22.5,2024-10-03,True
RV-008582,PR-02861,2,32.1,2025-04-21,False
RV-008583,PR-02861,2,36.0,2024-11-20,True
RV-008584,PR-02862,2,47.9,2025-12-30,True
RV-008585,PR-02862,2,49.1,2025-04-16,True
RV-008586,PR-02862,3,45.0,2025-01-22,False
RV-008587,PR-02863,2,32.5,2026-06-19,False
RV-008588,PR-02863,2,30.2,2025-01-07,False
RV-008589,PR-02863,3,39.6,2026-03-08,True
RV-008590,PR-02864,1,0.0,2026-01-22,False
RV-008591,PR-02864,2,0.0,2025-02-06,True
RV-008592,PR-02864,1,0.8,2025-03-27,True
RV-008593,PR-02865,2,39.1,2026-03-16,False
RV-008594,PR-02865,2,54.9,2025-05-29,False
RV-008595,PR-02865,3,38.7,2024-12-01,False
RV-008596,PR-02866,4,61.6,2024-10-27,False
RV-008597,PR-02866,4,61.5,2025-08-28,True
RV-008598,PR-02866,3,53.5,2025-03-03,True
RV-008599,PR-02867,3,55.3,2025-01-06,True
RV-008600,PR-02867,3,38.4,2025-05-15,True
RV-008601,PR-02867,3,49.0,2025-04-27,False
RV-008602,PR-02868,4,68.0,2025-09-15,True
RV-008603,PR-02868,4,66.2,2025-11-22,True
RV-008604,PR-02868,4,70.8,2026-03-11,True
RV-008605,PR-02869,2,29.9,2024-10-16,False
RV-008606,PR-02869,2,36.5,2025-06-25,True
RV-008607,PR-02869,2,42.4,2025-09-26,True
RV-008608,PR-02870,3,67.0,2025-12-07,True
RV-008609,PR-02870,3,61.1,2026-09-07,False
RV-008610,PR-02870,3,60.9,2025-06-24,True
RV-008611,PR-02871,2,40.6,2024-09-16,False
RV-008612,PR-02871,2,48.4,2025-02-20,False
RV-008613,PR-02871,3,39.5,2026-04-09,False
RV-008614,PR-02872,2,40.3,2026-07-19,False
RV-008615,PR-02872,3,36.2,2025-02-13,False
RV-008616,PR-02872,3,43.6,2025-02-18,False
RV-008617,PR-02873,4,77.6,2025-10-15,False
RV-008618,PR-02873,4,63.5,2026-03-06,True
RV-008619,PR-02873,4,71.7,2024-11-11,True
RV-008620,PR-02874,2,47.4,2025-10-31,False
RV-008621,PR-02874,3,44.1,2024-09-26,False
RV-008622,PR-02874,3,33.6,2026-04-13,False
RV-008623,PR-02875,4,81.7,2026-06-16,True
RV-008624,PR-02875,3,65.2,2026-09-06,False
RV-008625,PR-02875,4,72.7,2026-03-06,False
RV-008626,PR-02876,2,30.0,2025-05-23,False
RV-008627,PR-02876,2,19.8,2025-07-13,False
RV-008628,PR-02876,1,26.0,2026-08-21,True
RV-008629,PR-02877,4,65.1,2024-10-02,False
RV-008630,PR-02877,4,69.7,2025-09-12,False
RV-008631,PR-02877,4,69.2,2026-08-24,False
RV-008632,PR-02878,2,31.6,2026-05-14,False
RV-008633,PR-02878,2,27.1,2026-09-07,True
RV-008634,PR-02878,2,26.1,2026-07-23,False
RV-008635,PR-02879,1,5.2,2025-11-17,True
RV-008636,PR-02879,2,11.8,2025-01-01,False
RV-008637,PR-02879,2,4.3,2026-09-04,True
RV-008638,PR-02880,3,56.4,2024-09-22,False
RV-008639,PR-02880,4,42.6,2026-04-18,True
RV-008640,PR-02880,4,50.7,2025-06-24,True
RV-008641,PR-02881,2,27.9,2025-05-11,True
RV-008642,PR-02881,1,15.5,2026-07-26,True
RV-008643,PR-02881,2,34.8,2026-06-11,True
RV-008644,PR-02882,3,39.2,2026-04-06,True
RV-008645,PR-02882,3,48.2,2026-04-25,True
RV-008646,PR-02882,3,42.6,2026-05-05,True
RV-008647,PR-02883,4,56.7,2026-06-19,True
RV-008648,PR-02883,3,48.9,2025-04-30,False
RV-008649,PR-02883,3,46.2,2024-12-29,False
RV-008650,PR-02884,3,44.4,2026-04-11,True
RV-008651,PR-02884,3,45.2,2024-10-06,True
RV-008652,PR-02884,3,48.3,2025-01-10,False
RV-008653,PR-02885,3,34.3,2025-01-12,True
RV-008654,PR-02885,2,26.2,2025-04-28,False
RV-008655,PR-02885,2,38.3,2025-11-01,True
RV-008656,PR-02886,4,65.6,2026-07-16,False
RV-008657,PR-02886,4,71.2,2026-02-17,False
RV-008658,PR-02886,4,86.3,2025-07-26,False
RV-008659,PR-02887,3,20.5,2025-05-03,True
RV-008660,PR-02887,2,26.1,2025-06-21,False
RV-008661,PR-02887,2,14.9,2025-03-22,True
RV-008662,PR-02888,3,55.6,2025-11-04,True
RV-008663,PR-02888,3,66.3,2025-04-05,False
RV-008664,PR-02888,5,57.9,2026-07-15,True
RV-008665,PR-02889,3,47.0,2026-03-04,False
RV-008666,PR-02889,3,43.3,2025-04-06,True
RV-008667,PR-02889,2,51.5,2025-02-21,False
RV-008668,PR-02890,3,62.5,2024-10-13,True
RV-008669,PR-02890,4,58.4,2025-06-16,False
RV-008670,PR-02890,2,51.8,2026-05-16,False
RV-008671,PR-02891,3,34.8,2026-01-09,False
RV-008672,PR-02891,2,26.7,2026-07-12,True
RV-008673,PR-02891,2,34.9,2025-06-23,False
RV-008674,PR-02892,3,34.2,2025-06-17,True
RV-008675,PR-02892,3,34.3,2026-06-18,False
RV-008676,PR-02892,3,34.9,2025-07-15,False
RV-008677,PR-02893,3,46.4,2026-06-23,False
RV-008678,PR-02893,3,54.7,2025-03-24,True
RV-008679,PR-02893,3,41.9,2026-04-25,True
RV-008680,PR-02894,2,32.5,2026-08-30,True
RV-008681,PR-02894,3,36.5,2026-08-13,True
RV-008682,PR-02894,2,38.1,2026-07-28,True
RV-008683,PR-02895,1,16.0,2026-01-12,False
RV-008684,PR-02895,1,10.1,2025-09-17,True
RV-008685,PR-02895,1,0.0,2025-03-05,True
RV-008686,PR-02896,3,58.0,2025-10-28,False
RV-008687,PR-02896,4,61.3,2026-08-30,True
RV-008688,PR-02896,4,56.0,2026-01-24,False
RV-008689,PR-02897,4,85.9,2025-03-02,False
RV-008690,PR-02897,4,75.8,2026-06-18,True
RV-008691,PR-02897,4,85.9,2025-09-05,False
RV-008692,PR-02898,4,86.4,2026-02-26,False
RV-008693,PR-02898,4,73.2,2026-01-18,True
RV-008694,PR-02898,4,88.3,2025-01-30,True
RV-008695,PR-02899,3,51.0,2026-02-08,False
RV-008696,PR-02899,3,54.5,2024-11-28,True
RV-008697,PR-02899,3,59.5,2026-03-31,True
RV-008698,PR-02900,4,90.4,2025-02-26,False
RV-008699,PR-02900,5,95.2,2025-05-18,True
RV-008700,PR-02900,5,88.1,2025-04-11,True
RV-008701,PR-02901,3,43.0,2026-01-31,True
RV-008702,PR-02901,2,37.8,2025-05-27,True
RV-008703,PR-02901,2,31.4,2025-06-09,True
RV-008704,PR-02902,4,83.1,2025-08-17,False
RV-008705,PR-02902,5,90.6,2025-12-13,False
RV-008706,PR-02902,4,87.7,2025-08-17,True
RV-008707,PR-02903,3,54.8,2026-04-29,True
RV-008708,PR-02903,4,56.9,2025-05-15,False
RV-008709,PR-02903,4,54.4,2025-08-27,False
RV-008710,PR-02904,4,61.0,2025-08-04,False
RV-008711,PR-02904,3,69.6,2026-03-02,False
RV-008712,PR-02904,3,47.7,2026-05-11,True
RV-008713,PR-02905,3,34.6,2025-10-29,False
RV-008714,PR-02905,3,33.3,2025-12-04,True
RV-008715,PR-02905,2,28.6,2026-03-10,True
RV-008716,PR-02906,3,51.4,2024-11-09,True
RV-008717,PR-02906,3,56.6,2025-11-07,True
RV-008718,PR-02906,3,62.0,2024-12-12,True
RV-008719,PR-02907,3,48.8,2026-07-15,False
RV-008720,PR-02907,3,56.9,2025-02-14,True
RV-008721,PR-02907,3,47.3,2025-01-03,False
RV-008722,PR-02908,3,46.0,2026-03-27,False
RV-008723,PR-02908,3,39.3,2025-11-24,False
RV-008724,PR-02908,2,38.7,2026-09-10,True
RV-008725,PR-02909,4,40.9,2025-12-19,True
RV-008726,PR-02909,3,47.9,2025-11-17,False
RV-008727,PR-02909,3,48.5,2025-07-07,False
RV-008728,PR-02910,2,52.2,2026-02-27,True
RV-008729,PR-02910,3,46.1,2026-07-06,True
RV-008730,PR-02910,3,50.9,2024-12-26,True
RV-008731,PR-02911,2,16.1,2026-04-19,True
RV-008732,PR-02911,2,26.5,2025-06-26,False
RV-008733,PR-02911,2,16.4,2026-05-14,True
RV-008734,PR-02912,4,50.0,2026-02-24,False
RV-008735,PR-02912,3,51.9,2025-09-24,True
RV-008736,PR-02912,3,46.8,2026-06-13,False
RV-008737,PR-02913,3,53.5,2025-06-21,True
RV-008738,PR-02913,4,57.6,2026-08-11,False
RV-008739,PR-02913,3,67.9,2025-07-08,False
RV-008740,PR-02914,1,32.4,2025-08-29,False
RV-008741,PR-02914,2,34.6,2025-06-07,True
RV-008742,PR-02914,2,26.6,2025-08-23,False
RV-008743,PR-02915,2,24.4,2025-09-29,True
RV-008744,PR-02915,3,23.0,2026-08-28,False
RV-008745,PR-02915,3,42.4,2025-06-08,False
RV-008746,PR-02916,4,57.4,2025-04-22,False
RV-008747,PR-02916,3,65.5,2025-08-19,False
RV-008748,PR-02916,4,68.9,2026-03-23,False
RV-008749,PR-02917,4,81.1,2025-07-14,False
RV-008750,PR-02917,4,72.3,2026-03-04,False
RV-008751,PR-02917,5,68.5,2024-10-26,True
RV-008752,PR-02918,4,78.0,2024-12-20,False
RV-008753,PR-02918,4,66.5,2025-08-17,True
RV-008754,PR-02918,3,72.8,2026-03-06,False
RV-008755,PR-02919,3,48.7,2025-02-12,True
RV-008756,PR-02919,3,56.9,2025-05-14,False
RV-008757,PR-02919,2,50.8,2025-10-06,True
RV-008758,PR-02920,3,57.4,2025-07-15,False
RV-008759,PR-02920,3,59.9,2025-01-06,False
RV-008760,PR-02920,4,56.6,2026-07-06,False
RV-008761,PR-02921,4,61.9,2025-09-16,True
RV-008762,PR-02921,4,51.2,2026-03-16,False
RV-008763,PR-02921,3,67.1,2025-01-03,True
RV-008764,PR-02922,4,51.8,2026-05-06,True
RV-008765,PR-02922,4,60.6,2026-06-11,False
RV-008766,PR-02922,3,58.6,2025-10-08,False
RV-008767,PR-02923,3,56.3,2025-01-30,False
RV-008768,PR-02923,3,57.6,2025-01-15,False
RV-008769,PR-02923,3,59.5,2025-09-28,False
RV-008770,PR-02924,2,26.0,2025-07-22,False
RV-008771,PR-02924,2,17.2,2026-05-05,True
RV-008772,PR-02924,2,28.2,2025-12-03,True
RV-008773,PR-02925,3,51.8,2025-10-28,True
RV-008774,PR-02925,3,57.1,2025-02-25,True
RV-008775,PR-02925,4,60.6,2026-05-20,True
RV-008776,PR-02926,2,66.7,2025-01-26,True
RV-008777,PR-02926,3,58.1,2025-10-19,True
RV-008778,PR-02926,4,44.1,2025-02-24,True
RV-008779,PR-02927,3,57.0,2026-08-08,True
RV-008780,PR-02927,4,49.0,2025-08-20,False
RV-008781,PR-02927,4,62.8,2026-01-22,True
RV-008782,PR-02928,4,64.6,2026-04-05,False
RV-008783,PR-02928,4,63.1,2026-01-27,False
RV-008784,PR-02928,4,60.0,2025-10-28,False
RV-008785,PR-02929,4,62.0,2025-05-15,False
RV-008786,PR-02929,4,59.5,2024-12-04,False
RV-008787,PR-02929,4,52.3,2025-09-11,False
RV-008788,PR-02930,5,75.5,2025-05-29,False
RV-008789,PR-02930,4,82.6,2024-11-04,False
RV-008790,PR-02930,5,92.4,2025-06-11,False
RV-008791,PR-02931,3,71.7,2026-05-15,False
RV-008792,PR-02931,4,72.0,2025-12-16,True
RV-008793,PR-02931,4,69.8,2026-04-29,False
RV-008794,PR-02932,3,62.4,2025-03-03,False
RV-008795,PR-02932,3,57.4,2026-09-07,True
RV-008796,PR-02932,4,74.1,2026-05-08,True
RV-008797,PR-02933,2,38.2,2026-03-10,True
RV-008798,PR-02933,2,32.4,2025-02-01,True
RV-008799,PR-02933,3,44.5,2024-12-07,True
RV-008800,PR-02934,2,49.2,2025-09-12,False
RV-008801,PR-02934,2,29.0,2025-05-01,True
RV-008802,PR-02934,2,40.7,2026-09-06,False
RV-008803,PR-02935,2,9.6,2025-09-26,True
RV-008804,PR-02935,3,28.5,2025-08-06,False
RV-008805,PR-02935,2,26.2,2024-10-12,False
RV-008806,PR-02936,2,31.4,2025-05-09,True
RV-008807,PR-02936,3,35.7,2025-07-23,True
RV-008808,PR-02936,3,42.4,2025-10-25,False
RV-008809,PR-02937,3,70.2,2025-08-18,False
RV-008810,PR-02937,4,61.5,2026-08-20,True
RV-008811,PR-02937,3,62.6,2025-12-04,False
RV-008812,PR-02938,3,50.0,2025-11-18,True
RV-008813,PR-02938,2,35.0,2025-07-19,True
RV-008814,PR-02938,3,53.5,2025-09-29,False
RV-008815,PR-02939,4,78.7,2026-05-12,False
RV-008816,PR-02939,4,69.3,2026-02-05,True
RV-008817,PR-02939,4,73.7,2025-08-11,False
RV-008818,PR-02940,4,72.9,2024-11-02,False
RV-008819,PR-02940,4,76.7,2025-11-17,False
RV-008820,PR-02940,4,71.8,2025-09-08,True
RV-008821,PR-02941,3,72.2,2026-07-05,True
RV-008822,PR-02941,4,68.3,2025-12-06,True
RV-008823,PR-02941,4,67.2,2026-09-06,False
RV-008824,PR-02942,3,50.1,2026-04-21,False
RV-008825,PR-02942,3,61.5,2024-11-09,True
RV-008826,PR-02942,3,43.6,2025-08-28,True
RV-008827,PR-02943,4,72.8,2025-08-07,False
RV-008828,PR-02943,4,68.4,2026-01-25,False
RV-008829,PR-02943,5,72.4,2025-12-06,True
RV-008830,PR-02944,4,65.2,2025-01-20,False
RV-008831,PR-02944,4,52.6,2025-01-25,False
RV-008832,PR-02944,4,43.3,2025-12-26,True
RV-008833,PR-02945,4,81.8,2024-11-24,True
RV-008834,PR-02945,4,71.9,2026-07-28,True
RV-008835,PR-02945,4,88.3,2025-08-10,True
RV-008836,PR-02946,3,56.2,2024-10-28,False
RV-008837,PR-02946,4,68.9,2026-01-06,False
RV-008838,PR-02946,3,60.3,2025-11-09,False
RV-008839,PR-02947,2,39.6,2025-09-15,True
RV-008840,PR-02947,3,46.8,2025-07-20,True
RV-008841,PR-02947,3,41.0,2026-04-03,True
RV-008842,PR-02948,4,70.1,2026-09-11,True
RV-008843,PR-02948,4,47.0,2026-04-23,True
RV-008844,PR-02948,4,50.6,2026-06-12,False
RV-008845,PR-02949,3,57.2,2026-03-17,False
RV-008846,PR-02949,3,52.7,2026-02-05,False
RV-008847,PR-02949,3,57.5,2025-04-25,True
RV-008848,PR-02950,3,42.5,2025-06-04,True
RV-008849,PR-02950,2,47.8,2025-09-13,False
RV-008850,PR-02950,2,41.9,2026-06-01,False
RV-008851,PR-02951,4,78.6,2025-09-10,False
RV-008852,PR-02951,4,73.1,2025-01-22,True
RV-008853,PR-02951,4,68.9,2026-09-04,True
RV-008854,PR-02952,3,46.2,2025-11-02,False
RV-008855,PR-02952,3,52.2,2026-04-05,True
RV-008856,PR-02952,3,54.2,2024-10-28,True
RV-008857,PR-02953,4,59.1,2026-01-25,False
RV-008858,PR-02953,3,57.5,2025-02-28,False
RV-008859,PR-02953,3,59.1,2026-08-10,True
RV-008860,PR-02954,3,34.7,2025-08-12,False
RV-008861,PR-02954,2,23.5,2026-04-24,True
RV-008862,PR-02954,2,34.0,2025-01-07,False
RV-008863,PR-02955,3,58.9,2024-09-18,True
RV-008864,PR-02955,4,58.8,2026-04-21,True
RV-008865,PR-02955,3,52.2,2026-08-23,True
RV-008866,PR-02956,3,53.5,2025-02-24,True
RV-008867,PR-02956,3,59.2,2024-10-24,True
RV-008868,PR-02956,3,51.8,2025-07-11,False
RV-008869,PR-02957,4,54.8,2026-06-23,False
RV-008870,PR-02957,3,63.3,2024-11-26,True
RV-008871,PR-02957,3,64.6,2024-09-12,False
RV-008872,PR-02958,4,79.6,2025-10-13,False
RV-008873,PR-02958,3,71.2,2025-12-13,True
RV-008874,PR-02958,4,65.4,2025-04-11,False
RV-008875,PR-02959,4,81.1,2026-09-01,False
RV-008876,PR-02959,3,52.1,2026-07-24,False
RV-008877,PR-02959,5,78.7,2025-07-26,False
RV-008878,PR-02960,3,59.0,2025-11-27,True
RV-008879,PR-02960,3,51.3,2025-12-17,True
RV-008880,PR-02960,3,52.7,2026-07-25,False
RV-008881,PR-02961,2,39.2,2025-01-18,True
RV-008882,PR-02961,2,28.9,2025-09-22,True
RV-008883,PR-02961,3,23.0,2024-09-29,True
RV-008884,PR-02962,2,42.4,2025-07-24,False
RV-008885,PR-02962,3,52.1,2024-12-28,False
RV-008886,PR-02962,3,43.7,2025-06-24,True
RV-008887,PR-02963,4,64.1,2024-10-31,True
RV-008888,PR-02963,4,78.9,2025-12-16,True
RV-008889,PR-02963,3,69.8,2026-04-29,True
RV-008890,PR-02964,3,67.0,2025-05-16,False
RV-008891,PR-02964,4,63.3,2026-08-20,True
RV-008892,PR-02964,3,66.7,2025-12-08,False
RV-008893,PR-02965,3,64.8,2025-06-21,True
RV-008894,PR-02965,3,43.3,2024-09-23,True
RV-008895,PR-02965,4,67.1,2026-09-10,False
RV-008896,PR-02966,2,38.1,2024-11-28,False
RV-008897,PR-02966,2,25.0,2026-08-02,True
RV-008898,PR-02966,2,39.6,2025-09-03,False
RV-008899,PR-02967,4,65.6,2025-12-23,True
RV-008900,PR-02967,4,68.6,2025-01-12,False
RV-008901,PR-02967,4,60.7,2026-04-01,True
RV-008902,PR-02968,4,77.2,2025-08-30,False
RV-008903,PR-02968,4,80.5,2026-05-20,False
RV-008904,PR-02968,4,74.5,2025-10-13,True
RV-008905,PR-02969,4,91.6,2025-12-06,True
RV-008906,PR-02969,4,74.8,2026-02-01,False
RV-008907,PR-02969,4,83.9,2025-10-04,True
RV-008908,PR-02970,3,48.2,2024-10-16,True
RV-008909,PR-02970,2,55.6,2025-03-31,False
RV-008910,PR-02970,4,49.0,2025-11-18,False
RV-008911,PR-02971,5,72.2,2026-03-11,False
RV-008912,PR-02971,4,61.5,2025-08-23,True
RV-008913,PR-02971,4,76.5,2026-05-23,False
RV-008914,PR-02972,4,63.5,2025-03-06,True
RV-008915,PR-02972,4,69.9,2025-06-23,False
RV-008916,PR-02972,4,60.1,2025-05-30,False
RV-008917,PR-02973,2,28.3,2026-04-02,True
RV-008918,PR-02973,3,33.5,2025-02-09,False
RV-008919,PR-02973,2,35.0,2025-01-06,False
RV-008920,PR-02974,3,52.2,2024-10-17,False
RV-008921,PR-02974,3,44.0,2025-12-02,True
RV-008922,PR-02974,3,43.7,2026-07-04,False
RV-008923,PR-02975,3,48.5,2026-07-29,True
RV-008924,PR-02975,4,49.7,2025-05-28,False
RV-008925,PR-02975,3,55.5,2026-08-02,True
RV-008926,PR-02976,4,66.4,2026-08-07,True
RV-008927,PR-02976,3,72.0,2026-07-04,True
RV-008928,PR-02976,4,59.0,2025-10-09,True
RV-008929,PR-02977,3,44.8,2024-12-11,False
RV-008930,PR-02977,3,52.5,2026-06-26,True
RV-008931,PR-02977,3,54.3,2025-05-14,False
RV-008932,PR-02978,2,32.8,2025-02-27,False
RV-008933,PR-02978,3,35.5,2024-12-26,True
RV-008934,PR-02978,3,39.4,2025-06-06,False
RV-008935,PR-02979,3,53.8,2025-04-10,False
RV-008936,PR-02979,4,44.7,2026-07-15,True
RV-008937,PR-02979,3,62.8,2025-10-02,False
RV-008938,PR-02980,3,74.4,2025-11-02,False
RV-008939,PR-02980,4,66.1,2025-12-27,True
RV-008940,PR-02980,4,68.6,2025-01-03,False
RV-008941,PR-02981,2,22.7,2026-07-14,False
RV-008942,PR-02981,2,26.3,2025-11-18,False
RV-008943,PR-02981,2,23.3,2025-04-13,True
RV-008944,PR-02982,2,24.2,2026-06-28,False
RV-008945,PR-02982,2,23.6,2025-02-18,False
RV-008946,PR-02982,2,15.0,2025-06-17,False
RV-008947,PR-02983,4,63.5,2026-03-21,True
RV-008948,PR-02983,4,66.9,2025-02-16,True
RV-008949,PR-02983,4,67.7,2026-06-07,False
RV-008950,PR-02984,3,44.8,2025-11-27,True
RV-008951,PR-02984,3,49.0,2026-03-31,False
RV-008952,PR-02984,3,37.9,2024-11-24,False
RV-008953,PR-02985,3,61.2,2025-03-02,True
RV-008954,PR-02985,4,50.0,2025-12-29,True
RV-008955,PR-02985,3,46.2,2025-01-31,True
RV-008956,PR-02986,2,35.2,2025-06-01,True
RV-008957,PR-02986,2,32.4,2025-05-24,True
RV-008958,PR-02986,2,38.2,2026-02-20,True
RV-008959,PR-02987,3,42.4,2025-03-30,False
RV-008960,PR-02987,3,39.1,2025-08-08,True
RV-008961,PR-02987,3,39.5,2026-02-10,False
RV-008962,PR-02988,4,67.1,2026-01-26,False
RV-008963,PR-02988,3,73.8,2026-08-30,True
RV-008964,PR-02988,4,56.6,2026-04-04,False
RV-008965,PR-02989,3,41.6,2025-07-19,True
RV-008966,PR-02989,3,47.3,2026-08-21,False
RV-008967,PR-02989,3,37.2,2026-09-04,True
RV-008968,PR-02990,3,60.2,2025-02-04,False
RV-008969,PR-02990,3,59.9,2025-12-23,False
RV-008970,PR-02990,4,50.6,2025-07-05,True
RV-008971,PR-02991,4,58.7,2025-12-31,True
RV-008972,PR-02991,3,67.1,2025-09-30,False
RV-008973,PR-02991,3,60.3,2025-05-21,True
RV-008974,PR-02992,3,69.4,2026-08-12,True
RV-008975,PR-02992,4,63.5,2025-11-26,False
RV-008976,PR-02992,3,50.9,2025-12-28,False
RV-008977,PR-02993,3,53.4,2025-11-21,False
RV-008978,PR-02993,4,57.4,2025-04-10,True
RV-008979,PR-02993,3,56.4,2025-07-30,True
RV-008980,PR-02994,3,62.4,2026-03-20,True
RV-008981,PR-02994,3,61.4,2025-09-17,False
RV-008982,PR-02994,2,62.7,2026-05-20,False
RV-008983,PR-02995,3,36.5,2024-10-19,True
RV-008984,PR-02995,4,41.2,2025-05-09,False
RV-008985,PR-02995,3,60.4,2025-05-25,False
RV-008986,PR-02996,4,59.5,2026-01-28,True
RV-008987,PR-02996,4,72.7,2025-11-15,True
RV-008988,PR-02996,3,57.7,2026-03-03,False
RV-008989,PR-02997,4,83.2,2025-11-24,False
RV-008990,PR-02997,4,66.3,2025-03-23,True
RV-008991,PR-02997,4,64.1,2024-11-02,True
RV-008992,PR-02998,3,55.2,2026-01-27,True
RV-008993,PR-02998,4,58.4,2025-06-16,False
RV-008994,PR-02998,4,44.3,2025-01-05,False
RV-008995,PR-02999,4,57.7,2026-06-13,False
RV-008996,PR-02999,3,50.7,2025-07-23,False
RV-008997,PR-02999,3,64.1,2025-06-08,True
RV-008998,PR-03000,3,54.6,2025-05-03,True
RV-008999,PR-03000,3,66.8,2024-10-19,True
RV-009000,PR-03000,3,51.6,2025-11-14,True
